global_class_id,class_name,make,model
0,Acura Cl 1997,Acura,Cl
1,Acura Cl 1998,Acura,Cl
2,Acura Cl 1999,Acura,Cl
3,Acura Cl 2001,Acura,Cl
4,Acura Cl 2002,Acura,Cl
5,Acura Cl 2003,Acura,Cl
6,Acura El 1997,Acura,El
7,Acura El 2001,Acura,El
8,Acura El 2003,Acura,El
9,Acura Ilx 2013,Acura,Ilx
10,Acura Ilx 2014,Acura,Ilx
11,Acura Integra 1987,Acura,Integra
12,Acura Integra 1989,Acura,Integra
13,Acura Integra 1990,Acura,Integra
14,Acura Integra 1991,Acura,Integra
15,Acura Integra 1992,Acura,Integra
16,Acura Integra 1993,Acura,Integra
17,Acura Integra 1994,Acura,Integra
18,Acura Integra 1995,Acura,Integra
19,Acura Integra 1996,Acura,Integra
20,Acura Integra 1997,Acura,Integra
21,Acura Integra 1998,Acura,Integra
22,Acura Integra 1999,Acura,Integra
23,Acura Integra 2000,Acura,Integra
24,Acura Integra 2001,Acura,Integra
25,Acura Legend 1988,Acura,Legend
26,Acura Legend 1990,Acura,Legend
27,Acura Legend 1991,Acura,Legend
28,Acura Legend 1992,Acura,Legend
29,Acura Legend 1993,Acura,Legend
30,Acura Legend 1994,Acura,Legend
31,Acura Legend 1995,Acura,Legend
32,Acura Legend 1996,Acura,Legend
33,Acura Mdx 2001,Acura,Mdx
34,Acura Mdx 2002,Acura,Mdx
35,Acura Mdx 2003,Acura,Mdx
36,Acura Mdx 2004,Acura,Mdx
37,Acura Mdx 2005,Acura,Mdx
38,Acura Mdx 2006,Acura,Mdx
39,Acura Mdx 2007,Acura,Mdx
40,Acura Mdx 2008,Acura,Mdx
41,Acura Mdx 2009,Acura,Mdx
42,Acura Mdx 2010,Acura,Mdx
43,Acura Mdx 2011,Acura,Mdx
44,Acura Mdx 2012,Acura,Mdx
45,Acura Mdx 2014,Acura,Mdx
46,Acura Mdx 2016,Acura,Mdx
47,Acura Rdx 2007,Acura,Rdx
48,Acura Rdx 2008,Acura,Rdx
49,Acura Rdx 2009,Acura,Rdx
50,Acura Rdx 2011,Acura,Rdx
51,Acura Rdx 2012,Acura,Rdx
52,Acura Rdx 2013,Acura,Rdx
53,Acura Rdx 2014,Acura,Rdx
54,Acura Rl 1996,Acura,Rl
55,Acura Rl 1997,Acura,Rl
56,Acura Rl 1998,Acura,Rl
57,Acura Rl 1999,Acura,Rl
58,Acura Rl 2000,Acura,Rl
59,Acura Rl 2001,Acura,Rl
60,Acura Rl 2002,Acura,Rl
61,Acura Rl 2003,Acura,Rl
62,Acura Rl 2004,Acura,Rl
63,Acura Rl 2005,Acura,Rl
64,Acura Rl 2006,Acura,Rl
65,Acura Rl 2007,Acura,Rl
66,Acura Rl 2008,Acura,Rl
67,Acura Rsx 2002,Acura,Rsx
68,Acura Rsx 2003,Acura,Rsx
69,Acura Rsx 2004,Acura,Rsx
70,Acura Rsx 2005,Acura,Rsx
71,Acura Rsx 2006,Acura,Rsx
72,Acura Tl 1995,Acura,Tl
73,Acura Tl 1996,Acura,Tl
74,Acura Tl 1997,Acura,Tl
75,Acura Tl 1998,Acura,Tl
76,Acura Tl 1999,Acura,Tl
77,Acura Tl 2000,Acura,Tl
78,Acura Tl 2001,Acura,Tl
79,Acura Tl 2002,Acura,Tl
80,Acura Tl 2003,Acura,Tl
81,Acura Tl 2004,Acura,Tl
82,Acura Tl 2005,Acura,Tl
83,Acura Tl 2006,Acura,Tl
84,Acura Tl 2007,Acura,Tl
85,Acura Tl 2008,Acura,Tl
86,Acura Tl 2009,Acura,Tl
87,Acura Tl 2010,Acura,Tl
88,Acura Tl 2011,Acura,Tl
89,Acura Tl 2012,Acura,Tl
90,Acura Tl 2014,Acura,Tl
91,Acura Tl 2017,Acura,Tl
92,Acura Tlx 2015,Acura,Tlx
93,Acura Tsx 2004,Acura,Tsx
94,Acura Tsx 2005,Acura,Tsx
95,Acura Tsx 2006,Acura,Tsx
96,Acura Tsx 2007,Acura,Tsx
97,Acura Tsx 2008,Acura,Tsx
98,Acura Tsx 2009,Acura,Tsx
99,Acura Tsx 2010,Acura,Tsx
100,Acura Tsx 2011,Acura,Tsx
101,Acura Tsx 2012,Acura,Tsx
102,Acura Tsx 2013,Acura,Tsx
103,Acura Tsx Wagon 2011,Acura,Tsx Wagon
104,Acura Vigor 1992,Acura,Vigor
105,Acura Zdx 2010,Acura,Zdx
106,Alfa Romeo 4C 2015,Alfa,Romeo 4C
106,Alfa Romeo 4C 2015,Alfa Romeo,4C
107,Alfa Romeo Spider 1978,Alfa,Romeo Spider
108,Alfa Romeo Spider 1986,Alfa,Romeo Spider
109,Am General Hmmvw 1994,Am,General Hmmvw
110,Am General Hummer 1987,Am,General Hummer
111,Am General Hummer 1992,Am,General Hummer
112,Am General Hummer H1 1993,Am,General Hummer H1
113,Am General Jeep Dj-5 1978,Am,General Jeep Dj-5
114,Amc Amx 1968,Amc,Amx
115,Amc Amx 1969,Amc,Amx
116,Amc Eagle Wagon 1980,Amc,Eagle Wagon
117,Amc Hornet 1976,Amc,Hornet
118,Amc Javelin 1972,Amc,Javelin
119,Amc Rambler 1964,Amc,Rambler
120,Amc Rambler 1969,Amc,Rambler
121,Audi 80 1990,Audi,80
122,Audi 90 1991,Audi,90
123,Audi A3 2004,Audi,A3
124,Audi A3 2006,Audi,A3
125,Audi A3 2007,Audi,A3
126,Audi A3 2008,Audi,A3
127,Audi A3 2009,Audi,A3
128,Audi A3 2010,Audi,A3
129,Audi A3 2011,Audi,A3
130,Audi A3 2012,Audi,A3
131,Audi A3 2015,Audi,A3
132,Audi A4 1996,Audi,A4
133,Audi A4 1997,Audi,A4
134,Audi A4 1998,Audi,A4
135,Audi A4 1999,Audi,A4
136,Audi A4 2000,Audi,A4
137,Audi A4 2001,Audi,A4
138,Audi A4 2002,Audi,A4
139,Audi A4 2003,Audi,A4
140,Audi A4 2004,Audi,A4
141,Audi A4 2005,Audi,A4
142,Audi A4 2006,Audi,A4
143,Audi A4 2007,Audi,A4
144,Audi A4 2008,Audi,A4
145,Audi A4 2009,Audi,A4
146,Audi A4 2010,Audi,A4
147,Audi A4 2011,Audi,A4
148,Audi A4 2012,Audi,A4
149,Audi A4 2013,Audi,A4
150,Audi A4 2014,Audi,A4
151,Audi A4 Avant 2006,Audi,A4 Avant
152,Audi A4 Avant 2012,Audi,A4 Avant
153,Audi A4 Avant Wagon 2001,Audi,A4 Avant Wagon
154,Audi A4 Cabriolet 1994,Audi,A4 Cabriolet
155,Audi A4 Cabriolet 1996,Audi,A4 Cabriolet
156,Audi A4 Cabriolet 2004,Audi,A4 Cabriolet
157,Audi A4 Cabriolet 2006,Audi,A4 Cabriolet
158,Audi A4 Cabriolet 2007,Audi,A4 Cabriolet
159,Audi A4 Cabriolet 2009,Audi,A4 Cabriolet
160,Audi A5 2009,Audi,A5
161,Audi A5 2010,Audi,A5
162,Audi A5 2011,Audi,A5
163,Audi A5 2012,Audi,A5
164,Audi A5 2013,Audi,A5
165,Audi A5 2015,Audi,A5
166,Audi A5 Cabriolet 2011,Audi,A5 Cabriolet
167,Audi A6 1996,Audi,A6
168,Audi A6 1997,Audi,A6
169,Audi A6 1998,Audi,A6
170,Audi A6 1999,Audi,A6
171,Audi A6 2000,Audi,A6
172,Audi A6 2001,Audi,A6
173,Audi A6 2002,Audi,A6
174,Audi A6 2003,Audi,A6
175,Audi A6 2004,Audi,A6
176,Audi A6 2005,Audi,A6
177,Audi A6 2006,Audi,A6
178,Audi A6 2007,Audi,A6
179,Audi A6 2008,Audi,A6
180,Audi A6 2009,Audi,A6
181,Audi A6 2010,Audi,A6
182,Audi A6 2011,Audi,A6
183,Audi A6 2012,Audi,A6
184,Audi A6 2013,Audi,A6
185,Audi A6 2015,Audi,A6
186,Audi A6 Quattro 1999,Audi,A6 Quattro
187,Audi A6 Quattro 2000,Audi,A6 Quattro
188,Audi A6 Quattro Wagon 2001,Audi,A6 Quattro Wagon
189,Audi A7 2011,Audi,A7
190,Audi A8 1997,Audi,A8
191,Audi A8 1998,Audi,A8
192,Audi A8 1999,Audi,A8
193,Audi A8 2000,Audi,A8
194,Audi A8 2001,Audi,A8
195,Audi A8 2004,Audi,A8
196,Audi A8 2005,Audi,A8
197,Audi A8 2006,Audi,A8
198,Audi A8 2007,Audi,A8
199,Audi A8 2008,Audi,A8
200,Audi A8 2011,Audi,A8
201,Audi A8 2013,Audi,A8
202,Audi Allroad 2001,Audi,Allroad
203,Audi Allroad 2002,Audi,Allroad
204,Audi Allroad 2003,Audi,Allroad
205,Audi Allroad 2004,Audi,Allroad
206,Audi Allroad 2013,Audi,Allroad
207,Audi Allroad 2014,Audi,Allroad
208,Audi Cabriolet 1996,Audi,Cabriolet
209,Audi Q5 2009,Audi,Q5
210,Audi Q5 2010,Audi,Q5
211,Audi Q5 2011,Audi,Q5
212,Audi Q5 2012,Audi,Q5
213,Audi Q5 2015,Audi,Q5
214,Audi Q7 2007,Audi,Q7
215,Audi Q7 2008,Audi,Q7
216,Audi Q7 2009,Audi,Q7
217,Audi Q7 2010,Audi,Q7
218,Audi Q7 2011,Audi,Q7
219,Audi Q7 2012,Audi,Q7
220,Audi Q7 2013,Audi,Q7
221,Audi R8 2009,Audi,R8
222,Audi R8 2010,Audi,R8
223,Audi Rs4 2007,Audi,Rs4
224,Audi S3 2001,Audi,S3
225,Audi S3 2015,Audi,S3
226,Audi S4 2000,Audi,S4
227,Audi S4 2001,Audi,S4
228,Audi S4 2002,Audi,S4
229,Audi S4 2004,Audi,S4
230,Audi S4 2005,Audi,S4
231,Audi S4 2006,Audi,S4
232,Audi S4 2008,Audi,S4
233,Audi S4 2009,Audi,S4
234,Audi S4 2010,Audi,S4
235,Audi S4 2011,Audi,S4
236,Audi S4 2012,Audi,S4
237,Audi S4 Avant 2005,Audi,S4 Avant
238,Audi S5 2008,Audi,S5
239,Audi S5 2009,Audi,S5
240,Audi S5 2010,Audi,S5
241,Audi S5 2012,Audi,S5
242,Audi S6 2008,Audi,S6
243,Audi S6 2013,Audi,S6
244,Audi S8 2003,Audi,S8
245,Audi S8 2014,Audi,S8
246,Audi Tt 2000,Audi,Tt
247,Audi Tt 2001,Audi,Tt
248,Audi Tt 2002,Audi,Tt
249,Audi Tt 2004,Audi,Tt
250,Audi Tt 2006,Audi,Tt
251,Audi Tt 2008,Audi,Tt
252,Audi Tt 2013,Audi,Tt
253,Audi Tt 2016,Audi,Tt
254,Bentley Arnage 2000,Bentley,Arnage
255,Bentley Brooklands 1996,Bentley,Brooklands
256,Bentley Continental 2006,Bentley,Continental
257,Bentley Turbo R 1989,Bentley,Turbo R
258,Blakely Bearcat 1977,Blakely,Bearcat
259,Bmw 128I 2008,Bmw,128I
260,Bmw 128I 2009,Bmw,128I
261,Bmw 128I 2010,Bmw,128I
262,Bmw 128I 2011,Bmw,128I
263,Bmw 135I 2008,Bmw,135I
264,Bmw 135I 2009,Bmw,135I
265,Bmw 135I 2011,Bmw,135I
266,Bmw 135I Convertible 2010,Bmw,135I Convertible
267,Bmw 318I 1985,Bmw,318I
268,Bmw 318I 1991,Bmw,318I
269,Bmw 318I 1992,Bmw,318I
270,Bmw 318I 1993,Bmw,318I
271,Bmw 318I 1994,Bmw,318I
272,Bmw 318I 1995,Bmw,318I
273,Bmw 318I 1996,Bmw,318I
274,Bmw 318I 1997,Bmw,318I
275,Bmw 318I 1998,Bmw,318I
276,Bmw 318I Convertible 1994,Bmw,318I Convertible
277,Bmw 320I 1981,Bmw,320I
278,Bmw 320I 1983,Bmw,320I
279,Bmw 320I 1993,Bmw,320I
280,Bmw 320I 2003,Bmw,320I
281,Bmw 320I 2004,Bmw,320I
282,Bmw 320I 2014,Bmw,320I
283,Bmw 323I 1998,Bmw,323I
284,Bmw 323I 1999,Bmw,323I
285,Bmw 323I 2000,Bmw,323I
286,Bmw 323I 2001,Bmw,323I
287,Bmw 323I 2006,Bmw,323I
288,Bmw 323I 2007,Bmw,323I
289,Bmw 323I 2008,Bmw,323I
290,Bmw 323I 2011,Bmw,323I
291,Bmw 325Ci 2001,Bmw,325Ci
292,Bmw 325Ci 2002,Bmw,325Ci
293,Bmw 325Ci 2003,Bmw,325Ci
294,Bmw 325Ci 2004,Bmw,325Ci
295,Bmw 325E 1984,Bmw,325E
296,Bmw 325E 1985,Bmw,325E
297,Bmw 325E 1986,Bmw,325E
298,Bmw 325I 1987,Bmw,325I
299,Bmw 325I 1989,Bmw,325I
300,Bmw 325I 1990,Bmw,325I
301,Bmw 325I 1991,Bmw,325I
302,Bmw 325I 1992,Bmw,325I
303,Bmw 325I 1993,Bmw,325I
304,Bmw 325I 1994,Bmw,325I
305,Bmw 325I 1995,Bmw,325I
306,Bmw 325I 1998,Bmw,325I
307,Bmw 325I 1999,Bmw,325I
308,Bmw 325I 2000,Bmw,325I
309,Bmw 325I 2001,Bmw,325I
310,Bmw 325I 2002,Bmw,325I
311,Bmw 325I 2003,Bmw,325I
312,Bmw 325I 2004,Bmw,325I
313,Bmw 325I 2005,Bmw,325I
314,Bmw 325I 2006,Bmw,325I
315,Bmw 325I 2007,Bmw,325I
316,Bmw 325I Wagon 2001,Bmw,325I Wagon
317,Bmw 325Is 1994,Bmw,325Is
318,Bmw 325Xi 2002,Bmw,325Xi
319,Bmw 325Xi 2003,Bmw,325Xi
320,Bmw 325Xi 2005,Bmw,325Xi
321,Bmw 325Xi 2006,Bmw,325Xi
322,Bmw 325Xi Wagon 2002,Bmw,325Xi Wagon
323,Bmw 328I 1996,Bmw,328I
324,Bmw 328I 1997,Bmw,328I
325,Bmw 328I 1998,Bmw,328I
326,Bmw 328I 1999,Bmw,328I
327,Bmw 328I 2000,Bmw,328I
328,Bmw 328I 2001,Bmw,328I
329,Bmw 328I 2003,Bmw,328I
330,Bmw 328I 2007,Bmw,328I
331,Bmw 328I 2008,Bmw,328I
332,Bmw 328I 2009,Bmw,328I
333,Bmw 328I 2010,Bmw,328I
334,Bmw 328I 2011,Bmw,328I
335,Bmw 328I 2012,Bmw,328I
336,Bmw 328I 2013,Bmw,328I
337,Bmw 328I 2014,Bmw,328I
338,Bmw 328Ic 1997,Bmw,328Ic
339,Bmw 328Ic 1998,Bmw,328Ic
340,Bmw 328Ic 2007,Bmw,328Ic
341,Bmw 328Ic 2010,Bmw,328Ic
342,Bmw 328Is 1996,Bmw,328Is
343,Bmw 328Is 1998,Bmw,328Is
344,Bmw 328Xi 2006,Bmw,328Xi
345,Bmw 328Xi 2007,Bmw,328Xi
346,Bmw 328Xi 2008,Bmw,328Xi
347,Bmw 328Xi 2010,Bmw,328Xi
348,Bmw 328Xi 2011,Bmw,328Xi
349,Bmw 328Xi 2013,Bmw,328Xi
350,Bmw 330Ci 2001,Bmw,330Ci
351,Bmw 330Ci 2002,Bmw,330Ci
352,Bmw 330Ci 2003,Bmw,330Ci
353,Bmw 330Ci 2004,Bmw,330Ci
354,Bmw 330Ci 2005,Bmw,330Ci
355,Bmw 330Ci 2006,Bmw,330Ci
356,Bmw 330I 2001,Bmw,330I
357,Bmw 330I 2002,Bmw,330I
358,Bmw 330I 2003,Bmw,330I
359,Bmw 330I 2004,Bmw,330I
360,Bmw 330I 2005,Bmw,330I
361,Bmw 330I 2006,Bmw,330I
362,Bmw 330Xi 2002,Bmw,330Xi
363,Bmw 330Xi 2003,Bmw,330Xi
364,Bmw 330Xi 2004,Bmw,330Xi
365,Bmw 330Xi 2006,Bmw,330Xi
366,Bmw 335I 2001,Bmw,335I
367,Bmw 335I 2007,Bmw,335I
368,Bmw 335I 2008,Bmw,335I
369,Bmw 335I 2009,Bmw,335I
370,Bmw 335I 2010,Bmw,335I
371,Bmw 335I 2011,Bmw,335I
372,Bmw 335I 2012,Bmw,335I
373,Bmw 335I 2013,Bmw,335I
374,Bmw 335I 2014,Bmw,335I
375,Bmw 335I 2015,Bmw,335I
376,Bmw 335Xi 2007,Bmw,335Xi
377,Bmw 335Xi 2008,Bmw,335Xi
378,Bmw 3Series 1999,Bmw,3Series
379,Bmw 3Series 2004,Bmw,3Series
380,Bmw 3Series 2006,Bmw,3Series
381,Bmw 3Series 2008,Bmw,3Series
382,Bmw 3Series 2010,Bmw,3Series
383,Bmw 3Series 2013,Bmw,3Series
384,Bmw 428I 2014,Bmw,428I
385,Bmw 428I 2015,Bmw,428I
386,Bmw 435I 2015,Bmw,435I
387,Bmw 525I 1990,Bmw,525I
388,Bmw 525I 1991,Bmw,525I
389,Bmw 525I 1992,Bmw,525I
390,Bmw 525I 1993,Bmw,525I
391,Bmw 525I 1994,Bmw,525I
392,Bmw 525I 1995,Bmw,525I
393,Bmw 525I 1997,Bmw,525I
394,Bmw 525I 2001,Bmw,525I
395,Bmw 525I 2002,Bmw,525I
396,Bmw 525I 2003,Bmw,525I
397,Bmw 525I 2004,Bmw,525I
398,Bmw 525I 2005,Bmw,525I
399,Bmw 525I 2006,Bmw,525I
400,Bmw 525I 2007,Bmw,525I
401,Bmw 525Xi 2006,Bmw,525Xi
402,Bmw 528E 1987,Bmw,528E
403,Bmw 528I 1997,Bmw,528I
404,Bmw 528I 1998,Bmw,528I
405,Bmw 528I 1999,Bmw,528I
406,Bmw 528I 2000,Bmw,528I
407,Bmw 528I 2001,Bmw,528I
408,Bmw 528I 2008,Bmw,528I
409,Bmw 528I 2009,Bmw,528I
410,Bmw 528I 2010,Bmw,528I
411,Bmw 528I 2011,Bmw,528I
412,Bmw 528I 2012,Bmw,528I
413,Bmw 528I 2013,Bmw,528I
414,Bmw 528Xi 2008,Bmw,528Xi
415,Bmw 528Xi 2009,Bmw,528Xi
416,Bmw 530I 1994,Bmw,530I
417,Bmw 530I 1995,Bmw,530I
418,Bmw 530I 2001,Bmw,530I
419,Bmw 530I 2002,Bmw,530I
420,Bmw 530I 2003,Bmw,530I
421,Bmw 530I 2004,Bmw,530I
422,Bmw 530I 2005,Bmw,530I
423,Bmw 530I 2006,Bmw,530I
424,Bmw 530I 2007,Bmw,530I
425,Bmw 530Xi 2006,Bmw,530Xi
426,Bmw 530Xi 2007,Bmw,530Xi
427,Bmw 530Xi Wagon 2006,Bmw,530Xi Wagon
428,Bmw 535I 1988,Bmw,535I
429,Bmw 535I 1990,Bmw,535I
430,Bmw 535I 1992,Bmw,535I
431,Bmw 535I 2008,Bmw,535I
432,Bmw 535I 2009,Bmw,535I
433,Bmw 535I 2010,Bmw,535I
434,Bmw 535I 2011,Bmw,535I
435,Bmw 535I 2012,Bmw,535I
436,Bmw 535I 2013,Bmw,535I
437,Bmw 535Xi 2008,Bmw,535Xi
438,Bmw 535Xi 2009,Bmw,535Xi
439,Bmw 538I 1998,Bmw,538I
440,Bmw 540I 1994,Bmw,540I
441,Bmw 540I 1995,Bmw,540I
442,Bmw 540I 1997,Bmw,540I
443,Bmw 540I 1998,Bmw,540I
444,Bmw 540I 1999,Bmw,540I
445,Bmw 540I 2000,Bmw,540I
446,Bmw 540I 2001,Bmw,540I
447,Bmw 540I 2002,Bmw,540I
448,Bmw 540I 2003,Bmw,540I
449,Bmw 545I 2004,Bmw,545I
450,Bmw 545I 2005,Bmw,545I
451,Bmw 550I 2006,Bmw,550I
452,Bmw 550I 2007,Bmw,550I
453,Bmw 550I 2008,Bmw,550I
454,Bmw 550I 2009,Bmw,550I
455,Bmw 550I 2011,Bmw,550I
456,Bmw 550I 2012,Bmw,550I
457,Bmw 5Series 2001,Bmw,5Series
458,Bmw 635Csi 1978,Bmw,635Csi
459,Bmw 635Csi 1985,Bmw,635Csi
460,Bmw 635Csi 1986,Bmw,635Csi
461,Bmw 635Csi 1987,Bmw,635Csi
462,Bmw 640I 2014,Bmw,640I
463,Bmw 645Ci 2004,Bmw,645Ci
464,Bmw 645Ci 2005,Bmw,645Ci
465,Bmw 650I 2006,Bmw,650I
466,Bmw 650I 2007,Bmw,650I
467,Bmw 650I 2008,Bmw,650I
468,Bmw 650I 2009,Bmw,650I
469,Bmw 650I Convertible 2012,Bmw,650I Convertible
470,Bmw 730I 2005,Bmw,730I
471,Bmw 735I 1985,Bmw,735I
472,Bmw 735I 1988,Bmw,735I
473,Bmw 740I 1994,Bmw,740I
474,Bmw 740I 1995,Bmw,740I
475,Bmw 740I 1996,Bmw,740I
476,Bmw 740I 1997,Bmw,740I
477,Bmw 740I 1998,Bmw,740I
478,Bmw 740I 1999,Bmw,740I
479,Bmw 740I 2000,Bmw,740I
480,Bmw 740I 2001,Bmw,740I
481,Bmw 740I 2002,Bmw,740I
482,Bmw 740I 2011,Bmw,740I
483,Bmw 740I 2013,Bmw,740I
484,Bmw 745I 2002,Bmw,745I
485,Bmw 745I 2003,Bmw,745I
486,Bmw 745I 2004,Bmw,745I
487,Bmw 745I 2005,Bmw,745I
488,Bmw 750I 1998,Bmw,750I
489,Bmw 750I 2006,Bmw,750I
490,Bmw 750I 2007,Bmw,750I
491,Bmw 750I 2008,Bmw,750I
492,Bmw 750I 2009,Bmw,750I
493,Bmw 750I 2010,Bmw,750I
494,Bmw 750I 2012,Bmw,750I
495,Bmw 750I 2014,Bmw,750I
496,Bmw 760I 2003,Bmw,760I
497,Bmw 760I 2004,Bmw,760I
498,Bmw 760I 2006,Bmw,760I
499,Bmw 7Series 1998,Bmw,7Series
500,Bmw 7Series 2003,Bmw,7Series
501,Bmw 7Series 2013,Bmw,7Series
502,Bmw 850Ci 1993,Bmw,850Ci
503,Bmw 850Ci 1996,Bmw,850Ci
504,Bmw 850I 1991,Bmw,850I
505,Bmw 850I 1992,Bmw,850I
506,Bmw E30 1987,Bmw,E30
507,Bmw E30 1991,Bmw,E30
508,Bmw E36 1996,Bmw,E36
509,Bmw E36 1997,Bmw,E36
510,Bmw E39 2002,Bmw,E39
511,Bmw E53 2004,Bmw,E53
512,Bmw E93 2007,Bmw,E93
513,Bmw I3 2014,Bmw,I3
514,Bmw M3 1992,Bmw,M3
515,Bmw M3 1995,Bmw,M3
516,Bmw M3 1997,Bmw,M3
517,Bmw M3 1998,Bmw,M3
518,Bmw M3 1999,Bmw,M3
519,Bmw M3 2001,Bmw,M3
520,Bmw M3 2002,Bmw,M3
521,Bmw M3 2003,Bmw,M3
522,Bmw M3 2004,Bmw,M3
523,Bmw M3 2005,Bmw,M3
524,Bmw M3 2006,Bmw,M3
525,Bmw M3 2007,Bmw,M3
526,Bmw M3 2008,Bmw,M3
527,Bmw M3 2009,Bmw,M3
528,Bmw M3 2011,Bmw,M3
529,Bmw M3 2012,Bmw,M3
530,Bmw M3 2013,Bmw,M3
531,Bmw M3 Convertible 2004,Bmw,M3 Convertible
532,Bmw M3 Convertible 2008,Bmw,M3 Convertible
533,Bmw M5 1999,Bmw,M5
534,Bmw M5 2000,Bmw,M5
535,Bmw M5 2001,Bmw,M5
536,Bmw M5 2002,Bmw,M5
537,Bmw M5 2003,Bmw,M5
538,Bmw M5 2006,Bmw,M5
539,Bmw M5 2007,Bmw,M5
540,Bmw M5 2008,Bmw,M5
541,Bmw M5 2013,Bmw,M5
542,Bmw M6 2006,Bmw,M6
543,Bmw M6 2007,Bmw,M6
544,Bmw M6 2008,Bmw,M6
545,Bmw M Roadster 1998,Bmw,M Roadster
546,Bmw M Roadster 2000,Bmw,M Roadster
547,Bmw X1 2013,Bmw,X1
548,Bmw X1 2014,Bmw,X1
549,Bmw X3 2004,Bmw,X3
550,Bmw X3 2005,Bmw,X3
551,Bmw X3 2006,Bmw,X3
552,Bmw X3 2007,Bmw,X3
553,Bmw X3 2008,Bmw,X3
554,Bmw X3 2009,Bmw,X3
555,Bmw X3 2010,Bmw,X3
556,Bmw X3 2011,Bmw,X3
557,Bmw X5 2000,Bmw,X5
558,Bmw X5 2001,Bmw,X5
559,Bmw X5 2002,Bmw,X5
560,Bmw X5 2003,Bmw,X5
561,Bmw X5 2004,Bmw,X5
562,Bmw X5 2005,Bmw,X5
563,Bmw X5 2006,Bmw,X5
564,Bmw X5 2007,Bmw,X5
565,Bmw X5 2008,Bmw,X5
566,Bmw X5 2009,Bmw,X5
567,Bmw X5 2010,Bmw,X5
568,Bmw X5 2011,Bmw,X5
569,Bmw X5 2012,Bmw,X5
570,Bmw X5 2013,Bmw,X5
571,Bmw X5 2014,Bmw,X5
572,Bmw X6 2013,Bmw,X6
573,Bmw Z3 1996,Bmw,Z3
574,Bmw Z3 1997,Bmw,Z3
575,Bmw Z3 1998,Bmw,Z3
576,Bmw Z3 1999,Bmw,Z3
577,Bmw Z3 2000,Bmw,Z3
578,Bmw Z3 2001,Bmw,Z3
579,Bmw Z3 2002,Bmw,Z3
580,Bmw Z4 2003,Bmw,Z4
581,Bmw Z4 2004,Bmw,Z4
582,Bmw Z4 2005,Bmw,Z4
583,Bmw Z4 2006,Bmw,Z4
584,Bmw Z4 2007,Bmw,Z4
585,Bmw Z4 2009,Bmw,Z4
586,Bmw Z4 2010,Bmw,Z4
587,Bradley Gt 1973,Bradley,Gt
588,Bradley Gt 1974,Bradley,Gt
589,Buick Century 1989,Buick,Century
590,Buick Century 1991,Buick,Century
591,Buick Century 1992,Buick,Century
592,Buick Century 1993,Buick,Century
593,Buick Century 1994,Buick,Century
594,Buick Century 1995,Buick,Century
595,Buick Century 1996,Buick,Century
596,Buick Century 1997,Buick,Century
597,Buick Century 1998,Buick,Century
598,Buick Century 1999,Buick,Century
599,Buick Century 2000,Buick,Century
600,Buick Century 2001,Buick,Century
601,Buick Century 2002,Buick,Century
602,Buick Century 2003,Buick,Century
603,Buick Century 2004,Buick,Century
604,Buick Century 2005,Buick,Century
605,Buick Electra 1968,Buick,Electra
606,Buick Electra 1970,Buick,Electra
607,Buick Electra 1972,Buick,Electra
608,Buick Electra 1973,Buick,Electra
609,Buick Electra 1977,Buick,Electra
610,Buick Enclave 2008,Buick,Enclave
611,Buick Enclave 2009,Buick,Enclave
612,Buick Enclave 2010,Buick,Enclave
613,Buick Enclave 2011,Buick,Enclave
614,Buick Enclave 2012,Buick,Enclave
615,Buick Enclave 2013,Buick,Enclave
616,Buick Encore 2013,Buick,Encore
617,Buick Encore 2015,Buick,Encore
618,Buick Grandnational 1986,Buick,Grandnational
619,Buick Grandnational 1987,Buick,Grandnational
620,Buick Gs 1965,Buick,Gs
621,Buick Gs 1969,Buick,Gs
622,Buick Gs 1970,Buick,Gs
623,Buick Gs 1972,Buick,Gs
624,Buick Lacrosse 2005,Buick,Lacrosse
625,Buick Lacrosse 2006,Buick,Lacrosse
626,Buick Lacrosse 2007,Buick,Lacrosse
627,Buick Lacrosse 2008,Buick,Lacrosse
628,Buick Lacrosse 2009,Buick,Lacrosse
629,Buick Lacrosse 2010,Buick,Lacrosse
630,Buick Lacrosse 2011,Buick,Lacrosse
631,Buick Lacrosse 2012,Buick,Lacrosse
632,Buick Lacrosse 2013,Buick,Lacrosse
633,Buick Lacrosse 2014,Buick,Lacrosse
634,Buick Lacrosse 2015,Buick,Lacrosse
635,Buick Lesabre 1960,Buick,Lesabre
636,Buick Lesabre 1965,Buick,Lesabre
637,Buick Lesabre 1969,Buick,Lesabre
638,Buick Lesabre 1979,Buick,Lesabre
639,Buick Lesabre 1994,Buick,Lesabre
640,Buick Lesabre 1995,Buick,Lesabre
641,Buick Lesabre 1996,Buick,Lesabre
642,Buick Lesabre 1997,Buick,Lesabre
643,Buick Lesabre 1998,Buick,Lesabre
644,Buick Lesabre 1999,Buick,Lesabre
645,Buick Lesabre 2000,Buick,Lesabre
646,Buick Lesabre 2001,Buick,Lesabre
647,Buick Lesabre 2002,Buick,Lesabre
648,Buick Lesabre 2003,Buick,Lesabre
649,Buick Lesabre 2004,Buick,Lesabre
650,Buick Lesabre 2005,Buick,Lesabre
651,Buick Lucerne 2006,Buick,Lucerne
652,Buick Lucerne 2007,Buick,Lucerne
653,Buick Lucerne 2008,Buick,Lucerne
654,Buick Lucerne 2009,Buick,Lucerne
655,Buick Lucerne 2010,Buick,Lucerne
656,Buick Parkavenue 1989,Buick,Parkavenue
657,Buick Parkavenue 1991,Buick,Parkavenue
658,Buick Parkavenue 1992,Buick,Parkavenue
659,Buick Parkavenue 1993,Buick,Parkavenue
660,Buick Parkavenue 1994,Buick,Parkavenue
661,Buick Parkavenue 1995,Buick,Parkavenue
662,Buick Parkavenue 1996,Buick,Parkavenue
663,Buick Parkavenue 1997,Buick,Parkavenue
664,Buick Parkavenue 1998,Buick,Parkavenue
665,Buick Parkavenue 1999,Buick,Parkavenue
666,Buick Parkavenue 2000,Buick,Parkavenue
667,Buick Parkavenue 2001,Buick,Parkavenue
668,Buick Parkavenue 2002,Buick,Parkavenue
669,Buick Parkavenue 2003,Buick,Parkavenue
670,Buick Parkavenue 2004,Buick,Parkavenue
671,Buick Parkavenue 2005,Buick,Parkavenue
672,Buick Rainier 2004,Buick,Rainier
673,Buick Rainier 2005,Buick,Rainier
674,Buick Rainier 2006,Buick,Rainier
675,Buick Rainier 2007,Buick,Rainier
676,Buick Reatta 1988,Buick,Reatta
677,Buick Reatta 1989,Buick,Reatta
678,Buick Reatta 1990,Buick,Reatta
679,Buick Regal 1978,Buick,Regal
680,Buick Regal 1979,Buick,Regal
681,Buick Regal 1980,Buick,Regal
682,Buick Regal 1981,Buick,Regal
683,Buick Regal 1982,Buick,Regal
684,Buick Regal 1983,Buick,Regal
685,Buick Regal 1984,Buick,Regal
686,Buick Regal 1985,Buick,Regal
687,Buick Regal 1986,Buick,Regal
688,Buick Regal 1987,Buick,Regal
689,Buick Regal 1990,Buick,Regal
690,Buick Regal 1991,Buick,Regal
691,Buick Regal 1992,Buick,Regal
692,Buick Regal 1994,Buick,Regal
693,Buick Regal 1995,Buick,Regal
694,Buick Regal 1996,Buick,Regal
695,Buick Regal 1997,Buick,Regal
696,Buick Regal 1998,Buick,Regal
697,Buick Regal 1999,Buick,Regal
698,Buick Regal 2000,Buick,Regal
699,Buick Regal 2001,Buick,Regal
700,Buick Regal 2002,Buick,Regal
701,Buick Regal 2003,Buick,Regal
702,Buick Regal 2004,Buick,Regal
703,Buick Regal 2011,Buick,Regal
704,Buick Regal 2012,Buick,Regal
705,Buick Regal 2013,Buick,Regal
706,Buick Rendezvous 2002,Buick,Rendezvous
707,Buick Rendezvous 2003,Buick,Rendezvous
708,Buick Rendezvous 2004,Buick,Rendezvous
709,Buick Rendezvous 2005,Buick,Rendezvous
710,Buick Rendezvous 2006,Buick,Rendezvous
711,Buick Rendezvous 2007,Buick,Rendezvous
712,Buick Riviera 1963,Buick,Riviera
713,Buick Riviera 1964,Buick,Riviera
714,Buick Riviera 1970,Buick,Riviera
715,Buick Riviera 1972,Buick,Riviera
716,Buick Riviera 1982,Buick,Riviera
717,Buick Riviera 1983,Buick,Riviera
718,Buick Riviera 1984,Buick,Riviera
719,Buick Riviera 1985,Buick,Riviera
720,Buick Riviera 1989,Buick,Riviera
721,Buick Riviera 1991,Buick,Riviera
722,Buick Riviera 1992,Buick,Riviera
723,Buick Riviera 1994,Buick,Riviera
724,Buick Riviera 1995,Buick,Riviera
725,Buick Riviera 1996,Buick,Riviera
726,Buick Riviera 1997,Buick,Riviera
727,Buick Riviera 1998,Buick,Riviera
728,Buick Roadmaster 1938,Buick,Roadmaster
729,Buick Roadmaster 1992,Buick,Roadmaster
730,Buick Roadmaster 1993,Buick,Roadmaster
731,Buick Roadmaster 1994,Buick,Roadmaster
732,Buick Roadmaster 1995,Buick,Roadmaster
733,Buick Roadmaster 1996,Buick,Roadmaster
734,Buick Skylark 1963,Buick,Skylark
735,Buick Skylark 1964,Buick,Skylark
736,Buick Skylark 1965,Buick,Skylark
737,Buick Skylark 1970,Buick,Skylark
738,Buick Skylark 1972,Buick,Skylark
739,Buick Skylark 1975,Buick,Skylark
740,Buick Skylark 1976,Buick,Skylark
741,Buick Skylark 1991,Buick,Skylark
742,Buick Skylark 1995,Buick,Skylark
743,Buick Skylark 1997,Buick,Skylark
744,Buick Skylark 1998,Buick,Skylark
745,Buick Special 1940,Buick,Special
746,Buick Special 1941,Buick,Special
747,Buick Special 1952,Buick,Special
748,Buick Special 1957,Buick,Special
749,Buick Special 1965,Buick,Special
750,Buick Super 1948,Buick,Super
751,Buick T Type 1984,Buick,T Type
752,Buick Terraza 2005,Buick,Terraza
753,Buick Terraza 2006,Buick,Terraza
754,Buick Terraza 2007,Buick,Terraza
755,Buick Verano 2012,Buick,Verano
756,Buick Verano 2013,Buick,Verano
757,Buick Verano 2014,Buick,Verano
758,Buick Wildcat 1964,Buick,Wildcat
759,Buick Wildcat 1965,Buick,Wildcat
760,Cadillac Allante 1987,Cadillac,Allante
761,Cadillac Allante 1991,Cadillac,Allante
762,Cadillac Allante 1992,Cadillac,Allante
763,Cadillac Allante 1993,Cadillac,Allante
764,Cadillac Ats 2013,Cadillac,Ats
765,Cadillac Ats 2015,Cadillac,Ats
766,Cadillac Brougham 1981,Cadillac,Brougham
767,Cadillac Brougham 1987,Cadillac,Brougham
768,Cadillac Brougham 1989,Cadillac,Brougham
769,Cadillac Brougham 1990,Cadillac,Brougham
770,Cadillac Brougham 1991,Cadillac,Brougham
771,Cadillac Brougham 1992,Cadillac,Brougham
772,Cadillac Calais 1968,Cadillac,Calais
773,Cadillac Catera 1997,Cadillac,Catera
774,Cadillac Catera 1998,Cadillac,Catera
775,Cadillac Catera 1999,Cadillac,Catera
776,Cadillac Catera 2000,Cadillac,Catera
777,Cadillac Catera 2001,Cadillac,Catera
778,Cadillac Cts 2000,Cadillac,Cts
779,Cadillac Cts 2001,Cadillac,Cts
780,Cadillac Cts 2002,Cadillac,Cts
781,Cadillac Cts 2003,Cadillac,Cts
782,Cadillac Cts 2004,Cadillac,Cts
783,Cadillac Cts 2005,Cadillac,Cts
784,Cadillac Cts 2006,Cadillac,Cts
785,Cadillac Cts 2007,Cadillac,Cts
786,Cadillac Cts 2008,Cadillac,Cts
787,Cadillac Cts 2009,Cadillac,Cts
788,Cadillac Cts 2010,Cadillac,Cts
789,Cadillac Cts 2011,Cadillac,Cts
790,Cadillac Cts 2012,Cadillac,Cts
791,Cadillac Cts 2013,Cadillac,Cts
792,Cadillac Cts 2014,Cadillac,Cts
793,Cadillac Cts Wagon 2011,Cadillac,Cts Wagon
794,Cadillac Deville 1950,Cadillac,Deville
795,Cadillac Deville 1957,Cadillac,Deville
796,Cadillac Deville 1962,Cadillac,Deville
797,Cadillac Deville 1964,Cadillac,Deville
798,Cadillac Deville 1965,Cadillac,Deville
799,Cadillac Deville 1967,Cadillac,Deville
800,Cadillac Deville 1968,Cadillac,Deville
801,Cadillac Deville 1976,Cadillac,Deville
802,Cadillac Deville 1977,Cadillac,Deville
803,Cadillac Deville 1979,Cadillac,Deville
804,Cadillac Deville 1985,Cadillac,Deville
805,Cadillac Deville 1987,Cadillac,Deville
806,Cadillac Deville 1988,Cadillac,Deville
807,Cadillac Deville 1989,Cadillac,Deville
808,Cadillac Deville 1990,Cadillac,Deville
809,Cadillac Deville 1991,Cadillac,Deville
810,Cadillac Deville 1992,Cadillac,Deville
811,Cadillac Deville 1993,Cadillac,Deville
812,Cadillac Deville 1994,Cadillac,Deville
813,Cadillac Deville 1995,Cadillac,Deville
814,Cadillac Deville 1996,Cadillac,Deville
815,Cadillac Deville 1997,Cadillac,Deville
816,Cadillac Deville 1998,Cadillac,Deville
817,Cadillac Deville 1999,Cadillac,Deville
818,Cadillac Deville 2000,Cadillac,Deville
819,Cadillac Deville 2001,Cadillac,Deville
820,Cadillac Deville 2002,Cadillac,Deville
821,Cadillac Deville 2003,Cadillac,Deville
822,Cadillac Deville 2004,Cadillac,Deville
823,Cadillac Deville 2005,Cadillac,Deville
824,Cadillac Deville 2006,Cadillac,Deville
825,Cadillac Deville 2007,Cadillac,Deville
826,Cadillac Deville 2008,Cadillac,Deville
827,Cadillac Deville 2009,Cadillac,Deville
828,Cadillac Eldorado 1967,Cadillac,Eldorado
829,Cadillac Eldorado 1968,Cadillac,Eldorado
830,Cadillac Eldorado 1975,Cadillac,Eldorado
831,Cadillac Eldorado 1976,Cadillac,Eldorado
832,Cadillac Eldorado 1979,Cadillac,Eldorado
833,Cadillac Eldorado 1980,Cadillac,Eldorado
834,Cadillac Eldorado 1983,Cadillac,Eldorado
835,Cadillac Eldorado 1984,Cadillac,Eldorado
836,Cadillac Eldorado 1985,Cadillac,Eldorado
837,Cadillac Eldorado 1987,Cadillac,Eldorado
838,Cadillac Eldorado 1988,Cadillac,Eldorado
839,Cadillac Eldorado 1989,Cadillac,Eldorado
840,Cadillac Eldorado 1990,Cadillac,Eldorado
841,Cadillac Eldorado 1992,Cadillac,Eldorado
842,Cadillac Eldorado 1993,Cadillac,Eldorado
843,Cadillac Eldorado 1994,Cadillac,Eldorado
844,Cadillac Eldorado 1995,Cadillac,Eldorado
845,Cadillac Eldorado 1996,Cadillac,Eldorado
846,Cadillac Eldorado 1997,Cadillac,Eldorado
847,Cadillac Eldorado 1998,Cadillac,Eldorado
848,Cadillac Eldorado 1999,Cadillac,Eldorado
849,Cadillac Eldorado 2000,Cadillac,Eldorado
850,Cadillac Eldorado 2001,Cadillac,Eldorado
851,Cadillac Eldorado 2002,Cadillac,Eldorado
852,Cadillac Escalade 1999,Cadillac,Escalade
853,Cadillac Escalade 2000,Cadillac,Escalade
854,Cadillac Escalade 2002,Cadillac,Escalade
855,Cadillac Escalade 2003,Cadillac,Escalade
856,Cadillac Escalade 2004,Cadillac,Escalade
857,Cadillac Escalade 2005,Cadillac,Escalade
858,Cadillac Escalade 2006,Cadillac,Escalade
859,Cadillac Escalade 2007,Cadillac,Escalade
860,Cadillac Escalade 2008,Cadillac,Escalade
861,Cadillac Escalade 2009,Cadillac,Escalade
862,Cadillac Escalade 2010,Cadillac,Escalade
863,Cadillac Escalade 2011,Cadillac,Escalade
864,Cadillac Escalade 2012,Cadillac,Escalade
865,Cadillac Escalade 2013,Cadillac,Escalade
866,Cadillac Fleetwood 1955,Cadillac,Fleetwood
867,Cadillac Fleetwood 1976,Cadillac,Fleetwood
868,Cadillac Fleetwood 1983,Cadillac,Fleetwood
869,Cadillac Fleetwood 1984,Cadillac,Fleetwood
870,Cadillac Fleetwood 1989,Cadillac,Fleetwood
871,Cadillac Fleetwood 1990,Cadillac,Fleetwood
872,Cadillac Fleetwood 1993,Cadillac,Fleetwood
873,Cadillac Fleetwood 1994,Cadillac,Fleetwood
874,Cadillac Fleetwood 1995,Cadillac,Fleetwood
875,Cadillac Fleetwood 1996,Cadillac,Fleetwood
876,Cadillac Seville 1978,Cadillac,Seville
877,Cadillac Seville 1984,Cadillac,Seville
878,Cadillac Seville 1988,Cadillac,Seville
879,Cadillac Seville 1989,Cadillac,Seville
880,Cadillac Seville 1990,Cadillac,Seville
881,Cadillac Seville 1991,Cadillac,Seville
882,Cadillac Seville 1992,Cadillac,Seville
883,Cadillac Seville 1993,Cadillac,Seville
884,Cadillac Seville 1994,Cadillac,Seville
885,Cadillac Seville 1995,Cadillac,Seville
886,Cadillac Seville 1996,Cadillac,Seville
887,Cadillac Seville 1997,Cadillac,Seville
888,Cadillac Seville 1999,Cadillac,Seville
889,Cadillac Seville 2000,Cadillac,Seville
890,Cadillac Seville 2001,Cadillac,Seville
891,Cadillac Seville 2002,Cadillac,Seville
892,Cadillac Seville 2003,Cadillac,Seville
893,Cadillac Seville 2004,Cadillac,Seville
894,Cadillac Srx 2004,Cadillac,Srx
895,Cadillac Srx 2005,Cadillac,Srx
896,Cadillac Srx 2006,Cadillac,Srx
897,Cadillac Srx 2007,Cadillac,Srx
898,Cadillac Srx 2008,Cadillac,Srx
899,Cadillac Srx 2009,Cadillac,Srx
900,Cadillac Srx 2010,Cadillac,Srx
901,Cadillac Srx 2011,Cadillac,Srx
902,Cadillac Srx 2012,Cadillac,Srx
903,Cadillac Srx 2013,Cadillac,Srx
904,Cadillac Srx 2014,Cadillac,Srx
905,Cadillac Sts 1993,Cadillac,Sts
906,Cadillac Sts 1994,Cadillac,Sts
907,Cadillac Sts 1995,Cadillac,Sts
908,Cadillac Sts 1996,Cadillac,Sts
909,Cadillac Sts 1997,Cadillac,Sts
910,Cadillac Sts 1998,Cadillac,Sts
911,Cadillac Sts 1999,Cadillac,Sts
912,Cadillac Sts 2000,Cadillac,Sts
913,Cadillac Sts 2001,Cadillac,Sts
914,Cadillac Sts 2002,Cadillac,Sts
915,Cadillac Sts 2003,Cadillac,Sts
916,Cadillac Sts 2004,Cadillac,Sts
917,Cadillac Sts 2005,Cadillac,Sts
918,Cadillac Sts 2006,Cadillac,Sts
919,Cadillac Sts 2007,Cadillac,Sts
920,Cadillac Sts 2008,Cadillac,Sts
921,Cadillac Sts 2009,Cadillac,Sts
922,Cadillac Sts 2011,Cadillac,Sts
923,Cadillac Xlr 2004,Cadillac,Xlr
924,Cadillac Xlr 2005,Cadillac,Xlr
925,Cadillac Xts 2013,Cadillac,Xts
926,Can Am Outlander 2013,Can,Am Outlander
927,Can Am Spyder 2009,Can,Am Spyder
928,Chevrolet 1 Ton 1979,Chevrolet,1 Ton
929,Chevrolet 1 Ton 1985,Chevrolet,1 Ton
930,Chevrolet 210 1953,Chevrolet,210
931,Chevrolet 210 1954,Chevrolet,210
932,Chevrolet 210 1955,Chevrolet,210
933,Chevrolet 210 1956,Chevrolet,210
934,Chevrolet 210 1957,Chevrolet,210
935,Chevrolet 210 2017,Chevrolet,210
936,Chevrolet 3100 1948,Chevrolet,3100
937,Chevrolet 3100 1950,Chevrolet,3100
938,Chevrolet 3100 1951,Chevrolet,3100
939,Chevrolet 3100 1953,Chevrolet,3100
940,Chevrolet 3100 1956,Chevrolet,3100
941,Chevrolet 3600 1950,Chevrolet,3600
942,Chevrolet Apache 1957,Chevrolet,Apache
943,Chevrolet Apache 1958,Chevrolet,Apache
944,Chevrolet Apache 1959,Chevrolet,Apache
945,Chevrolet Apache 1960,Chevrolet,Apache
946,Chevrolet Astor 1985,Chevrolet,Astor
947,Chevrolet Astro 1987,Chevrolet,Astro
948,Chevrolet Astro 1990,Chevrolet,Astro
949,Chevrolet Astro 1992,Chevrolet,Astro
950,Chevrolet Astro 1993,Chevrolet,Astro
951,Chevrolet Astro 1994,Chevrolet,Astro
952,Chevrolet Astro 1995,Chevrolet,Astro
953,Chevrolet Astro 1996,Chevrolet,Astro
954,Chevrolet Astro 1997,Chevrolet,Astro
955,Chevrolet Astro 1998,Chevrolet,Astro
956,Chevrolet Astro 1999,Chevrolet,Astro
957,Chevrolet Astro 2000,Chevrolet,Astro
958,Chevrolet Astro 2001,Chevrolet,Astro
959,Chevrolet Astro 2002,Chevrolet,Astro
960,Chevrolet Astro 2003,Chevrolet,Astro
961,Chevrolet Astro 2004,Chevrolet,Astro
962,Chevrolet Astro 2005,Chevrolet,Astro
963,Chevrolet Avalanche 2001,Chevrolet,Avalanche
964,Chevrolet Avalanche 2002,Chevrolet,Avalanche
965,Chevrolet Avalanche 2003,Chevrolet,Avalanche
966,Chevrolet Avalanche 2004,Chevrolet,Avalanche
967,Chevrolet Avalanche 2005,Chevrolet,Avalanche
968,Chevrolet Avalanche 2006,Chevrolet,Avalanche
969,Chevrolet Avalanche 2007,Chevrolet,Avalanche
970,Chevrolet Avalanche 2008,Chevrolet,Avalanche
971,Chevrolet Avalanche 2009,Chevrolet,Avalanche
972,Chevrolet Avalanche 2012,Chevrolet,Avalanche
973,Chevrolet Avalanche 2013,Chevrolet,Avalanche
974,Chevrolet Aveo 2003,Chevrolet,Aveo
975,Chevrolet Aveo 2004,Chevrolet,Aveo
976,Chevrolet Aveo 2005,Chevrolet,Aveo
977,Chevrolet Aveo 2006,Chevrolet,Aveo
978,Chevrolet Aveo 2007,Chevrolet,Aveo
979,Chevrolet Aveo 2008,Chevrolet,Aveo
980,Chevrolet Aveo 2009,Chevrolet,Aveo
981,Chevrolet Aveo 2010,Chevrolet,Aveo
982,Chevrolet Aveo 2011,Chevrolet,Aveo
983,Chevrolet Bel Air 1953,Chevrolet,Bel Air
984,Chevrolet Bel Air 1954,Chevrolet,Bel Air
985,Chevrolet Bel Air 1955,Chevrolet,Bel Air
986,Chevrolet Bel Air 1956,Chevrolet,Bel Air
987,Chevrolet Bel Air 1957,Chevrolet,Bel Air
988,Chevrolet Bel Air 1959,Chevrolet,Bel Air
989,Chevrolet Bel Air 1960,Chevrolet,Bel Air
990,Chevrolet Bel Air 1962,Chevrolet,Bel Air
991,Chevrolet Bel Air 1965,Chevrolet,Bel Air
992,Chevrolet Bel Air 1967,Chevrolet,Bel Air
993,Chevrolet Bel Air 1968,Chevrolet,Bel Air
994,Chevrolet Beretta 1994,Chevrolet,Beretta
995,Chevrolet Beretta 1995,Chevrolet,Beretta
996,Chevrolet Beretta 1996,Chevrolet,Beretta
997,Chevrolet Blazer 1971,Chevrolet,Blazer
998,Chevrolet Blazer 1972,Chevrolet,Blazer
999,Chevrolet Blazer 1973,Chevrolet,Blazer
1000,Chevrolet Blazer 1974,Chevrolet,Blazer
1001,Chevrolet Blazer 1975,Chevrolet,Blazer
1002,Chevrolet Blazer 1976,Chevrolet,Blazer
1003,Chevrolet Blazer 1977,Chevrolet,Blazer
1004,Chevrolet Blazer 1978,Chevrolet,Blazer
1005,Chevrolet Blazer 1979,Chevrolet,Blazer
1006,Chevrolet Blazer 1980,Chevrolet,Blazer
1007,Chevrolet Blazer 1981,Chevrolet,Blazer
1008,Chevrolet Blazer 1982,Chevrolet,Blazer
1009,Chevrolet Blazer 1983,Chevrolet,Blazer
1010,Chevrolet Blazer 1984,Chevrolet,Blazer
1011,Chevrolet Blazer 1985,Chevrolet,Blazer
1012,Chevrolet Blazer 1986,Chevrolet,Blazer
1013,Chevrolet Blazer 1987,Chevrolet,Blazer
1014,Chevrolet Blazer 1988,Chevrolet,Blazer
1015,Chevrolet Blazer 1989,Chevrolet,Blazer
1016,Chevrolet Blazer 1990,Chevrolet,Blazer
1017,Chevrolet Blazer 1991,Chevrolet,Blazer
1018,Chevrolet Blazer 1992,Chevrolet,Blazer
1019,Chevrolet Blazer 1993,Chevrolet,Blazer
1020,Chevrolet Blazer 1994,Chevrolet,Blazer
1021,Chevrolet Blazer 1995,Chevrolet,Blazer
1022,Chevrolet Blazer 1996,Chevrolet,Blazer
1023,Chevrolet Blazer 1997,Chevrolet,Blazer
1024,Chevrolet Blazer 1998,Chevrolet,Blazer
1025,Chevrolet Blazer 1999,Chevrolet,Blazer
1026,Chevrolet Blazer 2000,Chevrolet,Blazer
1027,Chevrolet Blazer 2001,Chevrolet,Blazer
1028,Chevrolet Blazer 2002,Chevrolet,Blazer
1029,Chevrolet Blazer 2003,Chevrolet,Blazer
1030,Chevrolet Blazer 2004,Chevrolet,Blazer
1031,Chevrolet Blazer 2005,Chevrolet,Blazer
1032,Chevrolet Blazer 2008,Chevrolet,Blazer
1033,Chevrolet Bonanza 1979,Chevrolet,Bonanza
1034,Chevrolet C-K1500 1988,Chevrolet,C-K1500
1035,Chevrolet C-K1500 1989,Chevrolet,C-K1500
1036,Chevrolet C-K1500 1990,Chevrolet,C-K1500
1037,Chevrolet C-K1500 1991,Chevrolet,C-K1500
1038,Chevrolet C-K1500 1992,Chevrolet,C-K1500
1039,Chevrolet C-K1500 1993,Chevrolet,C-K1500
1040,Chevrolet C-K1500 1994,Chevrolet,C-K1500
1041,Chevrolet C-K1500 1995,Chevrolet,C-K1500
1042,Chevrolet C-K1500 1996,Chevrolet,C-K1500
1043,Chevrolet C-K1500 1997,Chevrolet,C-K1500
1044,Chevrolet C-K1500 1998,Chevrolet,C-K1500
1045,Chevrolet C-K1500 1999,Chevrolet,C-K1500
1046,Chevrolet C-K2500 1992,Chevrolet,C-K2500
1047,Chevrolet C-K2500 1993,Chevrolet,C-K2500
1048,Chevrolet C-K2500 1994,Chevrolet,C-K2500
1049,Chevrolet C-K2500 1995,Chevrolet,C-K2500
1050,Chevrolet C-K2500 1996,Chevrolet,C-K2500
1051,Chevrolet C-K2500 1997,Chevrolet,C-K2500
1052,Chevrolet C-K2500 1998,Chevrolet,C-K2500
1053,Chevrolet C-K2500 2000,Chevrolet,C-K2500
1054,Chevrolet C-K3500 1993,Chevrolet,C-K3500
1055,Chevrolet C-K3500 1994,Chevrolet,C-K3500
1056,Chevrolet C-K3500 1995,Chevrolet,C-K3500
1057,Chevrolet C-K3500 1997,Chevrolet,C-K3500
1058,Chevrolet C-K3500 1998,Chevrolet,C-K3500
1059,Chevrolet C-K3500 1999,Chevrolet,C-K3500
1060,Chevrolet C10 1954,Chevrolet,C10
1061,Chevrolet C10 1962,Chevrolet,C10
1062,Chevrolet C10 1963,Chevrolet,C10
1063,Chevrolet C10 1964,Chevrolet,C10
1064,Chevrolet C10 1965,Chevrolet,C10
1065,Chevrolet C10 1966,Chevrolet,C10
1066,Chevrolet C10 1967,Chevrolet,C10
1067,Chevrolet C10 1968,Chevrolet,C10
1068,Chevrolet C10 1969,Chevrolet,C10
1069,Chevrolet C10 1970,Chevrolet,C10
1070,Chevrolet C10 1971,Chevrolet,C10
1071,Chevrolet C10 1972,Chevrolet,C10
1072,Chevrolet C10 1973,Chevrolet,C10
1073,Chevrolet C10 1974,Chevrolet,C10
1074,Chevrolet C10 1975,Chevrolet,C10
1075,Chevrolet C10 1976,Chevrolet,C10
1076,Chevrolet C10 1977,Chevrolet,C10
1077,Chevrolet C10 1978,Chevrolet,C10
1078,Chevrolet C10 1979,Chevrolet,C10
1079,Chevrolet C10 1980,Chevrolet,C10
1080,Chevrolet C10 1981,Chevrolet,C10
1081,Chevrolet C10 1982,Chevrolet,C10
1082,Chevrolet C10 1983,Chevrolet,C10
1083,Chevrolet C10 1984,Chevrolet,C10
1084,Chevrolet C10 1985,Chevrolet,C10
1085,Chevrolet C10 1986,Chevrolet,C10
1086,Chevrolet C10 1987,Chevrolet,C10
1087,Chevrolet C10 1993,Chevrolet,C10
1088,Chevrolet C10 2002,Chevrolet,C10
1089,Chevrolet C20 1964,Chevrolet,C20
1090,Chevrolet C20 1965,Chevrolet,C20
1091,Chevrolet C20 1966,Chevrolet,C20
1092,Chevrolet C20 1970,Chevrolet,C20
1093,Chevrolet C20 1972,Chevrolet,C20
1094,Chevrolet C20 1984,Chevrolet,C20
1095,Chevrolet C20 1985,Chevrolet,C20
1096,Chevrolet C20 1995,Chevrolet,C20
1097,Chevrolet C30 1969,Chevrolet,C30
1098,Chevrolet C30 1972,Chevrolet,C30
1099,Chevrolet C60 1987,Chevrolet,C60
1100,Chevrolet Camaro 1957,Chevrolet,Camaro
1101,Chevrolet Camaro 1967,Chevrolet,Camaro
1102,Chevrolet Camaro 1968,Chevrolet,Camaro
1103,Chevrolet Camaro 1969,Chevrolet,Camaro
1104,Chevrolet Camaro 1970,Chevrolet,Camaro
1105,Chevrolet Camaro 1971,Chevrolet,Camaro
1106,Chevrolet Camaro 1972,Chevrolet,Camaro
1107,Chevrolet Camaro 1973,Chevrolet,Camaro
1108,Chevrolet Camaro 1974,Chevrolet,Camaro
1109,Chevrolet Camaro 1975,Chevrolet,Camaro
1110,Chevrolet Camaro 1976,Chevrolet,Camaro
1111,Chevrolet Camaro 1977,Chevrolet,Camaro
1112,Chevrolet Camaro 1978,Chevrolet,Camaro
1113,Chevrolet Camaro 1979,Chevrolet,Camaro
1114,Chevrolet Camaro 1980,Chevrolet,Camaro
1115,Chevrolet Camaro 1981,Chevrolet,Camaro
1116,Chevrolet Camaro 1982,Chevrolet,Camaro
1117,Chevrolet Camaro 1983,Chevrolet,Camaro
1118,Chevrolet Camaro 1984,Chevrolet,Camaro
1119,Chevrolet Camaro 1985,Chevrolet,Camaro
1120,Chevrolet Camaro 1986,Chevrolet,Camaro
1121,Chevrolet Camaro 1987,Chevrolet,Camaro
1122,Chevrolet Camaro 1988,Chevrolet,Camaro
1123,Chevrolet Camaro 1989,Chevrolet,Camaro
1124,Chevrolet Camaro 1990,Chevrolet,Camaro
1125,Chevrolet Camaro 1991,Chevrolet,Camaro
1126,Chevrolet Camaro 1992,Chevrolet,Camaro
1127,Chevrolet Camaro 1993,Chevrolet,Camaro
1128,Chevrolet Camaro 1994,Chevrolet,Camaro
1129,Chevrolet Camaro 1995,Chevrolet,Camaro
1130,Chevrolet Camaro 1996,Chevrolet,Camaro
1131,Chevrolet Camaro 1997,Chevrolet,Camaro
1132,Chevrolet Camaro 1998,Chevrolet,Camaro
1133,Chevrolet Camaro 1999,Chevrolet,Camaro
1134,Chevrolet Camaro 2000,Chevrolet,Camaro
1135,Chevrolet Camaro 2001,Chevrolet,Camaro
1136,Chevrolet Camaro 2002,Chevrolet,Camaro
1137,Chevrolet Camaro 2010,Chevrolet,Camaro
1138,Chevrolet Camaro 2011,Chevrolet,Camaro
1139,Chevrolet Camaro 2012,Chevrolet,Camaro
1140,Chevrolet Camaro 2013,Chevrolet,Camaro
1141,Chevrolet Camaro 2014,Chevrolet,Camaro
1142,Chevrolet Camaro 2015,Chevrolet,Camaro
1143,Chevrolet Caprice 1966,Chevrolet,Caprice
1144,Chevrolet Caprice 1967,Chevrolet,Caprice
1145,Chevrolet Caprice 1973,Chevrolet,Caprice
1146,Chevrolet Caprice 1974,Chevrolet,Caprice
1147,Chevrolet Caprice 1975,Chevrolet,Caprice
1148,Chevrolet Caprice 1976,Chevrolet,Caprice
1149,Chevrolet Caprice 1982,Chevrolet,Caprice
1150,Chevrolet Caprice 1983,Chevrolet,Caprice
1151,Chevrolet Caprice 1984,Chevrolet,Caprice
1152,Chevrolet Caprice 1985,Chevrolet,Caprice
1153,Chevrolet Caprice 1987,Chevrolet,Caprice
1154,Chevrolet Caprice 1988,Chevrolet,Caprice
1155,Chevrolet Caprice 1989,Chevrolet,Caprice
1156,Chevrolet Caprice 1991,Chevrolet,Caprice
1157,Chevrolet Caprice 1992,Chevrolet,Caprice
1158,Chevrolet Caprice 1993,Chevrolet,Caprice
1159,Chevrolet Caprice 1994,Chevrolet,Caprice
1160,Chevrolet Caprice 1995,Chevrolet,Caprice
1161,Chevrolet Caprice 1996,Chevrolet,Caprice
1162,Chevrolet Captiva 2012,Chevrolet,Captiva
1163,Chevrolet Captiva 2013,Chevrolet,Captiva
1164,Chevrolet Cavalier 1988,Chevrolet,Cavalier
1165,Chevrolet Cavalier 1989,Chevrolet,Cavalier
1166,Chevrolet Cavalier 1990,Chevrolet,Cavalier
1167,Chevrolet Cavalier 1991,Chevrolet,Cavalier
1168,Chevrolet Cavalier 1992,Chevrolet,Cavalier
1169,Chevrolet Cavalier 1993,Chevrolet,Cavalier
1170,Chevrolet Cavalier 1994,Chevrolet,Cavalier
1171,Chevrolet Cavalier 1995,Chevrolet,Cavalier
1172,Chevrolet Cavalier 1996,Chevrolet,Cavalier
1173,Chevrolet Cavalier 1997,Chevrolet,Cavalier
1174,Chevrolet Cavalier 1998,Chevrolet,Cavalier
1175,Chevrolet Cavalier 1999,Chevrolet,Cavalier
1176,Chevrolet Cavalier 2000,Chevrolet,Cavalier
1177,Chevrolet Cavalier 2001,Chevrolet,Cavalier
1178,Chevrolet Cavalier 2002,Chevrolet,Cavalier
1179,Chevrolet Cavalier 2003,Chevrolet,Cavalier
1180,Chevrolet Cavalier 2004,Chevrolet,Cavalier
1181,Chevrolet Cavalier 2005,Chevrolet,Cavalier
1182,Chevrolet Cavalier 2006,Chevrolet,Cavalier
1183,Chevrolet Celebrity 1988,Chevrolet,Celebrity
1184,Chevrolet Celebrity 1989,Chevrolet,Celebrity
1185,Chevrolet Chevelle 1965,Chevrolet,Chevelle
1186,Chevrolet Chevelle 1966,Chevrolet,Chevelle
1187,Chevrolet Chevelle 1967,Chevrolet,Chevelle
1188,Chevrolet Chevelle 1968,Chevrolet,Chevelle
1189,Chevrolet Chevelle 1969,Chevrolet,Chevelle
1190,Chevrolet Chevelle 1970,Chevrolet,Chevelle
1191,Chevrolet Chevelle 1971,Chevrolet,Chevelle
1192,Chevrolet Chevelle 1972,Chevrolet,Chevelle
1193,Chevrolet Chevette 1964,Chevrolet,Chevette
1194,Chevrolet Chevette 1983,Chevrolet,Chevette
1195,Chevrolet Cheyenne 1971,Chevrolet,Cheyenne
1196,Chevrolet Cheyenne 1972,Chevrolet,Cheyenne
1197,Chevrolet Cheyenne 1976,Chevrolet,Cheyenne
1198,Chevrolet Cheyenne 1978,Chevrolet,Cheyenne
1199,Chevrolet Cheyenne 1990,Chevrolet,Cheyenne
1200,Chevrolet Cheyenne 1992,Chevrolet,Cheyenne
1201,Chevrolet Cheyenne 1993,Chevrolet,Cheyenne
1202,Chevrolet Cheyenne 1995,Chevrolet,Cheyenne
1203,Chevrolet Cheyenne 1996,Chevrolet,Cheyenne
1204,Chevrolet Cheyenne 1997,Chevrolet,Cheyenne
1205,Chevrolet Cheyenne 1998,Chevrolet,Cheyenne
1206,Chevrolet Classic 1955,Chevrolet,Classic
1207,Chevrolet Classic 1967,Chevrolet,Classic
1208,Chevrolet Classic 1979,Chevrolet,Classic
1209,Chevrolet Classic 2004,Chevrolet,Classic
1210,Chevrolet Classic 2005,Chevrolet,Classic
1211,Chevrolet Cobalt 2005,Chevrolet,Cobalt
1212,Chevrolet Cobalt 2006,Chevrolet,Cobalt
1213,Chevrolet Cobalt 2007,Chevrolet,Cobalt
1214,Chevrolet Cobalt 2008,Chevrolet,Cobalt
1215,Chevrolet Cobalt 2009,Chevrolet,Cobalt
1216,Chevrolet Cobalt 2010,Chevrolet,Cobalt
1217,Chevrolet Colorado 2003,Chevrolet,Colorado
1218,Chevrolet Colorado 2004,Chevrolet,Colorado
1219,Chevrolet Colorado 2005,Chevrolet,Colorado
1220,Chevrolet Colorado 2006,Chevrolet,Colorado
1221,Chevrolet Colorado 2007,Chevrolet,Colorado
1222,Chevrolet Colorado 2008,Chevrolet,Colorado
1223,Chevrolet Colorado 2009,Chevrolet,Colorado
1224,Chevrolet Colorado 2010,Chevrolet,Colorado
1225,Chevrolet Colorado 2011,Chevrolet,Colorado
1226,Chevrolet Colorado 2012,Chevrolet,Colorado
1227,Chevrolet Colorado 2016,Chevrolet,Colorado
1228,Chevrolet Corsica 1989,Chevrolet,Corsica
1229,Chevrolet Corsica 1992,Chevrolet,Corsica
1230,Chevrolet Corsica 1994,Chevrolet,Corsica
1231,Chevrolet Corsica 1996,Chevrolet,Corsica
1232,Chevrolet Corvair 1964,Chevrolet,Corvair
1233,Chevrolet Corvair 1965,Chevrolet,Corvair
1234,Chevrolet Corvette 1958,Chevrolet,Corvette
1235,Chevrolet Corvette 1959,Chevrolet,Corvette
1236,Chevrolet Corvette 1963,Chevrolet,Corvette
1237,Chevrolet Corvette 1964,Chevrolet,Corvette
1238,Chevrolet Corvette 1965,Chevrolet,Corvette
1239,Chevrolet Corvette 1966,Chevrolet,Corvette
1240,Chevrolet Corvette 1967,Chevrolet,Corvette
1241,Chevrolet Corvette 1968,Chevrolet,Corvette
1242,Chevrolet Corvette 1969,Chevrolet,Corvette
1243,Chevrolet Corvette 1970,Chevrolet,Corvette
1244,Chevrolet Corvette 1971,Chevrolet,Corvette
1245,Chevrolet Corvette 1972,Chevrolet,Corvette
1246,Chevrolet Corvette 1973,Chevrolet,Corvette
1247,Chevrolet Corvette 1974,Chevrolet,Corvette
1248,Chevrolet Corvette 1975,Chevrolet,Corvette
1249,Chevrolet Corvette 1976,Chevrolet,Corvette
1250,Chevrolet Corvette 1977,Chevrolet,Corvette
1251,Chevrolet Corvette 1978,Chevrolet,Corvette
1252,Chevrolet Corvette 1979,Chevrolet,Corvette
1253,Chevrolet Corvette 1980,Chevrolet,Corvette
1254,Chevrolet Corvette 1981,Chevrolet,Corvette
1255,Chevrolet Corvette 1982,Chevrolet,Corvette
1256,Chevrolet Corvette 1984,Chevrolet,Corvette
1257,Chevrolet Corvette 1985,Chevrolet,Corvette
1258,Chevrolet Corvette 1986,Chevrolet,Corvette
1259,Chevrolet Corvette 1987,Chevrolet,Corvette
1260,Chevrolet Corvette 1988,Chevrolet,Corvette
1261,Chevrolet Corvette 1989,Chevrolet,Corvette
1262,Chevrolet Corvette 1990,Chevrolet,Corvette
1263,Chevrolet Corvette 1991,Chevrolet,Corvette
1264,Chevrolet Corvette 1992,Chevrolet,Corvette
1265,Chevrolet Corvette 1993,Chevrolet,Corvette
1266,Chevrolet Corvette 1994,Chevrolet,Corvette
1267,Chevrolet Corvette 1995,Chevrolet,Corvette
1268,Chevrolet Corvette 1996,Chevrolet,Corvette
1269,Chevrolet Corvette 1997,Chevrolet,Corvette
1270,Chevrolet Corvette 1998,Chevrolet,Corvette
1271,Chevrolet Corvette 1999,Chevrolet,Corvette
1272,Chevrolet Corvette 2000,Chevrolet,Corvette
1273,Chevrolet Corvette 2001,Chevrolet,Corvette
1274,Chevrolet Corvette 2002,Chevrolet,Corvette
1275,Chevrolet Corvette 2003,Chevrolet,Corvette
1276,Chevrolet Corvette 2004,Chevrolet,Corvette
1277,Chevrolet Corvette 2005,Chevrolet,Corvette
1278,Chevrolet Corvette 2006,Chevrolet,Corvette
1279,Chevrolet Corvette 2007,Chevrolet,Corvette
1280,Chevrolet Corvette 2008,Chevrolet,Corvette
1281,Chevrolet Corvette 2009,Chevrolet,Corvette
1282,Chevrolet Corvette 2010,Chevrolet,Corvette
1283,Chevrolet Corvette 2011,Chevrolet,Corvette
1284,Chevrolet Corvette 2012,Chevrolet,Corvette
1285,Chevrolet Corvette 2013,Chevrolet,Corvette
1286,Chevrolet Corvette 2014,Chevrolet,Corvette
1287,Chevrolet Corvette 2015,Chevrolet,Corvette
1288,Chevrolet Cruze 2011,Chevrolet,Cruze
1289,Chevrolet Cruze 2012,Chevrolet,Cruze
1290,Chevrolet Cruze 2013,Chevrolet,Cruze
1291,Chevrolet Cruze 2014,Chevrolet,Cruze
1292,Chevrolet Cruze 2015,Chevrolet,Cruze
1293,Chevrolet Cruze 2016,Chevrolet,Cruze
1294,Chevrolet Deluxe 1936,Chevrolet,Deluxe
1295,Chevrolet Deluxe 1941,Chevrolet,Deluxe
1296,Chevrolet Deluxe 1949,Chevrolet,Deluxe
1297,Chevrolet Deluxe 1952,Chevrolet,Deluxe
1298,Chevrolet Deluxe 1979,Chevrolet,Deluxe
1299,Chevrolet Deluxe 1986,Chevrolet,Deluxe
1300,Chevrolet El Camino 1960,Chevrolet,El Camino
1301,Chevrolet El Camino 1964,Chevrolet,El Camino
1302,Chevrolet El Camino 1965,Chevrolet,El Camino
1303,Chevrolet El Camino 1967,Chevrolet,El Camino
1304,Chevrolet El Camino 1969,Chevrolet,El Camino
1305,Chevrolet El Camino 1971,Chevrolet,El Camino
1306,Chevrolet El Camino 1972,Chevrolet,El Camino
1307,Chevrolet El Camino 1973,Chevrolet,El Camino
1308,Chevrolet El Camino 1974,Chevrolet,El Camino
1309,Chevrolet El Camino 1976,Chevrolet,El Camino
1310,Chevrolet El Camino 1978,Chevrolet,El Camino
1311,Chevrolet El Camino 1979,Chevrolet,El Camino
1312,Chevrolet El Camino 1981,Chevrolet,El Camino
1313,Chevrolet El Camino 1982,Chevrolet,El Camino
1314,Chevrolet El Camino 1983,Chevrolet,El Camino
1315,Chevrolet El Camino 1984,Chevrolet,El Camino
1316,Chevrolet El Camino 1985,Chevrolet,El Camino
1317,Chevrolet El Camino 1987,Chevrolet,El Camino
1318,Chevrolet El Camino 1997,Chevrolet,El Camino
1319,Chevrolet Equinox 2005,Chevrolet,Equinox
1320,Chevrolet Equinox 2006,Chevrolet,Equinox
1321,Chevrolet Equinox 2007,Chevrolet,Equinox
1322,Chevrolet Equinox 2008,Chevrolet,Equinox
1323,Chevrolet Equinox 2009,Chevrolet,Equinox
1324,Chevrolet Equinox 2010,Chevrolet,Equinox
1325,Chevrolet Equinox 2011,Chevrolet,Equinox
1326,Chevrolet Equinox 2012,Chevrolet,Equinox
1327,Chevrolet Equinox 2013,Chevrolet,Equinox
1328,Chevrolet Equinox 2014,Chevrolet,Equinox
1329,Chevrolet Equinox 2015,Chevrolet,Equinox
1330,Chevrolet Express 1997,Chevrolet,Express
1331,Chevrolet Express 1998,Chevrolet,Express
1332,Chevrolet Express 1999,Chevrolet,Express
1333,Chevrolet Express 2000,Chevrolet,Express
1334,Chevrolet Express 2001,Chevrolet,Express
1335,Chevrolet Express 2002,Chevrolet,Express
1336,Chevrolet Express 2003,Chevrolet,Express
1337,Chevrolet Express 2004,Chevrolet,Express
1338,Chevrolet Express 2005,Chevrolet,Express
1339,Chevrolet Express 2006,Chevrolet,Express
1340,Chevrolet Express 2007,Chevrolet,Express
1341,Chevrolet Express 2008,Chevrolet,Express
1342,Chevrolet Express 2009,Chevrolet,Express
1343,Chevrolet Express 2011,Chevrolet,Express
1344,Chevrolet Express 2012,Chevrolet,Express
1345,Chevrolet Express 2015,Chevrolet,Express
1346,Chevrolet Express 2016,Chevrolet,Express
1347,Chevrolet Fleetline 1950,Chevrolet,Fleetline
1348,Chevrolet Fleetmaster 1948,Chevrolet,Fleetmaster
1349,Chevrolet Fleetside 1963,Chevrolet,Fleetside
1350,Chevrolet G10 1968,Chevrolet,G10
1351,Chevrolet G20 1985,Chevrolet,G20
1352,Chevrolet G20 1995,Chevrolet,G20
1353,Chevrolet Hhr 2006,Chevrolet,Hhr
1354,Chevrolet Hhr 2007,Chevrolet,Hhr
1355,Chevrolet Hhr 2008,Chevrolet,Hhr
1356,Chevrolet Hhr 2009,Chevrolet,Hhr
1357,Chevrolet Hhr 2010,Chevrolet,Hhr
1358,Chevrolet Hhr 2011,Chevrolet,Hhr
1359,Chevrolet Impala 1958,Chevrolet,Impala
1360,Chevrolet Impala 1959,Chevrolet,Impala
1361,Chevrolet Impala 1960,Chevrolet,Impala
1362,Chevrolet Impala 1961,Chevrolet,Impala
1363,Chevrolet Impala 1962,Chevrolet,Impala
1364,Chevrolet Impala 1963,Chevrolet,Impala
1365,Chevrolet Impala 1964,Chevrolet,Impala
1366,Chevrolet Impala 1965,Chevrolet,Impala
1367,Chevrolet Impala 1966,Chevrolet,Impala
1368,Chevrolet Impala 1967,Chevrolet,Impala
1369,Chevrolet Impala 1968,Chevrolet,Impala
1370,Chevrolet Impala 1969,Chevrolet,Impala
1371,Chevrolet Impala 1970,Chevrolet,Impala
1372,Chevrolet Impala 1972,Chevrolet,Impala
1373,Chevrolet Impala 1973,Chevrolet,Impala
1374,Chevrolet Impala 1975,Chevrolet,Impala
1375,Chevrolet Impala 1976,Chevrolet,Impala
1376,Chevrolet Impala 1979,Chevrolet,Impala
1377,Chevrolet Impala 1994,Chevrolet,Impala
1378,Chevrolet Impala 1995,Chevrolet,Impala
1379,Chevrolet Impala 1996,Chevrolet,Impala
1380,Chevrolet Impala 2000,Chevrolet,Impala
1381,Chevrolet Impala 2001,Chevrolet,Impala
1382,Chevrolet Impala 2002,Chevrolet,Impala
1383,Chevrolet Impala 2003,Chevrolet,Impala
1384,Chevrolet Impala 2004,Chevrolet,Impala
1385,Chevrolet Impala 2005,Chevrolet,Impala
1386,Chevrolet Impala 2006,Chevrolet,Impala
1387,Chevrolet Impala 2007,Chevrolet,Impala
1388,Chevrolet Impala 2008,Chevrolet,Impala
1389,Chevrolet Impala 2009,Chevrolet,Impala
1390,Chevrolet Impala 2010,Chevrolet,Impala
1391,Chevrolet Impala 2011,Chevrolet,Impala
1392,Chevrolet Impala 2012,Chevrolet,Impala
1393,Chevrolet Impala 2013,Chevrolet,Impala
1394,Chevrolet Impala 2014,Chevrolet,Impala
1395,Chevrolet Impala 2015,Chevrolet,Impala
1396,Chevrolet K10 1969,Chevrolet,K10
1397,Chevrolet K10 1972,Chevrolet,K10
1398,Chevrolet K10 1973,Chevrolet,K10
1399,Chevrolet K10 1976,Chevrolet,K10
1400,Chevrolet K10 1979,Chevrolet,K10
1401,Chevrolet K10 1981,Chevrolet,K10
1402,Chevrolet K10 1982,Chevrolet,K10
1403,Chevrolet K10 1983,Chevrolet,K10
1404,Chevrolet K10 1984,Chevrolet,K10
1405,Chevrolet K10 1985,Chevrolet,K10
1406,Chevrolet K10 1986,Chevrolet,K10
1407,Chevrolet K20 1973,Chevrolet,K20
1408,Chevrolet K20 1974,Chevrolet,K20
1409,Chevrolet K20 1981,Chevrolet,K20
1410,Chevrolet K20 1986,Chevrolet,K20
1411,Chevrolet Kodiak 2003,Chevrolet,Kodiak
1412,Chevrolet Lumina 1990,Chevrolet,Lumina
1413,Chevrolet Lumina 1991,Chevrolet,Lumina
1414,Chevrolet Lumina 1992,Chevrolet,Lumina
1415,Chevrolet Lumina 1993,Chevrolet,Lumina
1416,Chevrolet Lumina 1994,Chevrolet,Lumina
1417,Chevrolet Lumina 1995,Chevrolet,Lumina
1418,Chevrolet Lumina 1996,Chevrolet,Lumina
1419,Chevrolet Lumina 1997,Chevrolet,Lumina
1420,Chevrolet Lumina 1998,Chevrolet,Lumina
1421,Chevrolet Lumina 1999,Chevrolet,Lumina
1422,Chevrolet Lumina 2000,Chevrolet,Lumina
1423,Chevrolet Lumina 2001,Chevrolet,Lumina
1424,Chevrolet Malibu 1965,Chevrolet,Malibu
1425,Chevrolet Malibu 1967,Chevrolet,Malibu
1426,Chevrolet Malibu 1969,Chevrolet,Malibu
1427,Chevrolet Malibu 1971,Chevrolet,Malibu
1428,Chevrolet Malibu 1974,Chevrolet,Malibu
1429,Chevrolet Malibu 1975,Chevrolet,Malibu
1430,Chevrolet Malibu 1976,Chevrolet,Malibu
1431,Chevrolet Malibu 1977,Chevrolet,Malibu
1432,Chevrolet Malibu 1978,Chevrolet,Malibu
1433,Chevrolet Malibu 1979,Chevrolet,Malibu
1434,Chevrolet Malibu 1980,Chevrolet,Malibu
1435,Chevrolet Malibu 1981,Chevrolet,Malibu
1436,Chevrolet Malibu 1982,Chevrolet,Malibu
1437,Chevrolet Malibu 1995,Chevrolet,Malibu
1438,Chevrolet Malibu 1997,Chevrolet,Malibu
1439,Chevrolet Malibu 1998,Chevrolet,Malibu
1440,Chevrolet Malibu 1999,Chevrolet,Malibu
1441,Chevrolet Malibu 2000,Chevrolet,Malibu
1442,Chevrolet Malibu 2001,Chevrolet,Malibu
1443,Chevrolet Malibu 2002,Chevrolet,Malibu
1444,Chevrolet Malibu 2003,Chevrolet,Malibu
1445,Chevrolet Malibu 2004,Chevrolet,Malibu
1446,Chevrolet Malibu 2005,Chevrolet,Malibu
1447,Chevrolet Malibu 2006,Chevrolet,Malibu
1448,Chevrolet Malibu 2007,Chevrolet,Malibu
1449,Chevrolet Malibu 2008,Chevrolet,Malibu
1450,Chevrolet Malibu 2009,Chevrolet,Malibu
1451,Chevrolet Malibu 2010,Chevrolet,Malibu
1452,Chevrolet Malibu 2011,Chevrolet,Malibu
1453,Chevrolet Malibu 2012,Chevrolet,Malibu
1454,Chevrolet Malibu 2013,Chevrolet,Malibu
1455,Chevrolet Malibu 2014,Chevrolet,Malibu
1456,Chevrolet Malibu 2015,Chevrolet,Malibu
1457,Chevrolet Malibu 2016,Chevrolet,Malibu
1458,Chevrolet Metro 1990,Chevrolet,Metro
1459,Chevrolet Metro 1992,Chevrolet,Metro
1460,Chevrolet Metro 1996,Chevrolet,Metro
1461,Chevrolet Metro 1997,Chevrolet,Metro
1462,Chevrolet Metro 1998,Chevrolet,Metro
1463,Chevrolet Metro 1999,Chevrolet,Metro
1464,Chevrolet Metro 2000,Chevrolet,Metro
1465,Chevrolet Metro 2001,Chevrolet,Metro
1466,Chevrolet Montecarlo 1970,Chevrolet,Montecarlo
1467,Chevrolet Montecarlo 1971,Chevrolet,Montecarlo
1468,Chevrolet Montecarlo 1972,Chevrolet,Montecarlo
1469,Chevrolet Montecarlo 1976,Chevrolet,Montecarlo
1470,Chevrolet Montecarlo 1978,Chevrolet,Montecarlo
1471,Chevrolet Montecarlo 1979,Chevrolet,Montecarlo
1472,Chevrolet Montecarlo 1980,Chevrolet,Montecarlo
1473,Chevrolet Montecarlo 1981,Chevrolet,Montecarlo
1474,Chevrolet Montecarlo 1982,Chevrolet,Montecarlo
1475,Chevrolet Montecarlo 1983,Chevrolet,Montecarlo
1476,Chevrolet Montecarlo 1984,Chevrolet,Montecarlo
1477,Chevrolet Montecarlo 1985,Chevrolet,Montecarlo
1478,Chevrolet Montecarlo 1986,Chevrolet,Montecarlo
1479,Chevrolet Montecarlo 1987,Chevrolet,Montecarlo
1480,Chevrolet Montecarlo 1988,Chevrolet,Montecarlo
1481,Chevrolet Montecarlo 1995,Chevrolet,Montecarlo
1482,Chevrolet Montecarlo 1996,Chevrolet,Montecarlo
1483,Chevrolet Montecarlo 1997,Chevrolet,Montecarlo
1484,Chevrolet Montecarlo 1998,Chevrolet,Montecarlo
1485,Chevrolet Montecarlo 1999,Chevrolet,Montecarlo
1486,Chevrolet Montecarlo 2000,Chevrolet,Montecarlo
1487,Chevrolet Montecarlo 2001,Chevrolet,Montecarlo
1488,Chevrolet Montecarlo 2002,Chevrolet,Montecarlo
1489,Chevrolet Montecarlo 2003,Chevrolet,Montecarlo
1490,Chevrolet Montecarlo 2004,Chevrolet,Montecarlo
1491,Chevrolet Montecarlo 2005,Chevrolet,Montecarlo
1492,Chevrolet Montecarlo 2006,Chevrolet,Montecarlo
1493,Chevrolet Montecarlo 2007,Chevrolet,Montecarlo
1494,Chevrolet Nomad 1956,Chevrolet,Nomad
1495,Chevrolet Nomad 1958,Chevrolet,Nomad
1496,Chevrolet Nova 1962,Chevrolet,Nova
1497,Chevrolet Nova 1963,Chevrolet,Nova
1498,Chevrolet Nova 1964,Chevrolet,Nova
1499,Chevrolet Nova 1965,Chevrolet,Nova
1500,Chevrolet Nova 1966,Chevrolet,Nova
1501,Chevrolet Nova 1967,Chevrolet,Nova
1502,Chevrolet Nova 1969,Chevrolet,Nova
1503,Chevrolet Nova 1970,Chevrolet,Nova
1504,Chevrolet Nova 1971,Chevrolet,Nova
1505,Chevrolet Nova 1972,Chevrolet,Nova
1506,Chevrolet Nova 1973,Chevrolet,Nova
1507,Chevrolet Nova 1974,Chevrolet,Nova
1508,Chevrolet Nova 1975,Chevrolet,Nova
1509,Chevrolet Nova 1976,Chevrolet,Nova
1510,Chevrolet Nova 1977,Chevrolet,Nova
1511,Chevrolet Nova 1978,Chevrolet,Nova
1512,Chevrolet Nova 1979,Chevrolet,Nova
1513,Chevrolet Nova 1988,Chevrolet,Nova
1514,Chevrolet Optra 2004,Chevrolet,Optra
1515,Chevrolet Orlando 2012,Chevrolet,Orlando
1516,Chevrolet Pickup 1937,Chevrolet,Pickup
1517,Chevrolet Pickup 1940,Chevrolet,Pickup
1518,Chevrolet Pickup 1946,Chevrolet,Pickup
1519,Chevrolet Pickup 1952,Chevrolet,Pickup
1520,Chevrolet Pickup 1953,Chevrolet,Pickup
1521,Chevrolet Pickup 1954,Chevrolet,Pickup
1522,Chevrolet Pickup 1956,Chevrolet,Pickup
1523,Chevrolet Pickup 1957,Chevrolet,Pickup
1524,Chevrolet Pickup 1964,Chevrolet,Pickup
1525,Chevrolet Pickup 1967,Chevrolet,Pickup
1526,Chevrolet Pickup 1984,Chevrolet,Pickup
1527,Chevrolet Pickup 1990,Chevrolet,Pickup
1528,Chevrolet Prizm 1995,Chevrolet,Prizm
1529,Chevrolet Prizm 1996,Chevrolet,Prizm
1530,Chevrolet Prizm 1997,Chevrolet,Prizm
1531,Chevrolet Prizm 1998,Chevrolet,Prizm
1532,Chevrolet Prizm 2000,Chevrolet,Prizm
1533,Chevrolet Prizm 2001,Chevrolet,Prizm
1534,Chevrolet Prizm 2002,Chevrolet,Prizm
1535,Chevrolet S10 1982,Chevrolet,S10
1536,Chevrolet S10 1983,Chevrolet,S10
1537,Chevrolet S10 1984,Chevrolet,S10
1538,Chevrolet S10 1985,Chevrolet,S10
1539,Chevrolet S10 1986,Chevrolet,S10
1540,Chevrolet S10 1987,Chevrolet,S10
1541,Chevrolet S10 1988,Chevrolet,S10
1542,Chevrolet S10 1989,Chevrolet,S10
1543,Chevrolet S10 1990,Chevrolet,S10
1544,Chevrolet S10 1991,Chevrolet,S10
1545,Chevrolet S10 1992,Chevrolet,S10
1546,Chevrolet S10 1993,Chevrolet,S10
1547,Chevrolet S10 1994,Chevrolet,S10
1548,Chevrolet S10 1995,Chevrolet,S10
1549,Chevrolet S10 1996,Chevrolet,S10
1550,Chevrolet S10 1997,Chevrolet,S10
1551,Chevrolet S10 1998,Chevrolet,S10
1552,Chevrolet S10 1999,Chevrolet,S10
1553,Chevrolet S10 2000,Chevrolet,S10
1554,Chevrolet S10 2001,Chevrolet,S10
1555,Chevrolet S10 2002,Chevrolet,S10
1556,Chevrolet S10 2003,Chevrolet,S10
1557,Chevrolet S10 2004,Chevrolet,S10
1558,Chevrolet S10 2007,Chevrolet,S10
1559,Chevrolet Scottsdale 1976,Chevrolet,Scottsdale
1560,Chevrolet Scottsdale 1984,Chevrolet,Scottsdale
1561,Chevrolet Sierra 1990,Chevrolet,Sierra
1562,Chevrolet Sierra 2007,Chevrolet,Sierra
1563,Chevrolet Sierra 2011,Chevrolet,Sierra
1564,Chevrolet Silverado 1972,Chevrolet,Silverado
1565,Chevrolet Silverado 1977,Chevrolet,Silverado
1566,Chevrolet Silverado 1978,Chevrolet,Silverado
1567,Chevrolet Silverado 1979,Chevrolet,Silverado
1568,Chevrolet Silverado 1980,Chevrolet,Silverado
1569,Chevrolet Silverado 1982,Chevrolet,Silverado
1570,Chevrolet Silverado 1983,Chevrolet,Silverado
1571,Chevrolet Silverado 1984,Chevrolet,Silverado
1572,Chevrolet Silverado 1985,Chevrolet,Silverado
1573,Chevrolet Silverado 1986,Chevrolet,Silverado
1574,Chevrolet Silverado 1987,Chevrolet,Silverado
1575,Chevrolet Silverado 1988,Chevrolet,Silverado
1576,Chevrolet Silverado 1989,Chevrolet,Silverado
1577,Chevrolet Silverado 1990,Chevrolet,Silverado
1578,Chevrolet Silverado 1991,Chevrolet,Silverado
1579,Chevrolet Silverado 1992,Chevrolet,Silverado
1580,Chevrolet Silverado 1993,Chevrolet,Silverado
1581,Chevrolet Silverado 1994,Chevrolet,Silverado
1582,Chevrolet Silverado 1995,Chevrolet,Silverado
1583,Chevrolet Silverado 1996,Chevrolet,Silverado
1584,Chevrolet Silverado 1997,Chevrolet,Silverado
1585,Chevrolet Silverado 1998,Chevrolet,Silverado
1586,Chevrolet Silverado 1999,Chevrolet,Silverado
1587,Chevrolet Silverado 2000,Chevrolet,Silverado
1588,Chevrolet Silverado 2001,Chevrolet,Silverado
1589,Chevrolet Silverado 2002,Chevrolet,Silverado
1590,Chevrolet Silverado 2003,Chevrolet,Silverado
1591,Chevrolet Silverado 2004,Chevrolet,Silverado
1592,Chevrolet Silverado 2005,Chevrolet,Silverado
1593,Chevrolet Silverado 2006,Chevrolet,Silverado
1594,Chevrolet Silverado 2007,Chevrolet,Silverado
1595,Chevrolet Silverado 2008,Chevrolet,Silverado
1596,Chevrolet Silverado 2009,Chevrolet,Silverado
1597,Chevrolet Silverado 2010,Chevrolet,Silverado
1598,Chevrolet Silverado 2011,Chevrolet,Silverado
1599,Chevrolet Silverado 2012,Chevrolet,Silverado
1600,Chevrolet Silverado 2013,Chevrolet,Silverado
1601,Chevrolet Silverado 2014,Chevrolet,Silverado
1602,Chevrolet Silverado 2015,Chevrolet,Silverado
1603,Chevrolet Silverado 2016,Chevrolet,Silverado
1604,Chevrolet Silverado 3500 1951,Chevrolet,Silverado 3500
1605,Chevrolet Silverado 3500 1984,Chevrolet,Silverado 3500
1606,Chevrolet Silverado 3500 1986,Chevrolet,Silverado 3500
1607,Chevrolet Silverado 3500 1988,Chevrolet,Silverado 3500
1608,Chevrolet Silverado 3500 1990,Chevrolet,Silverado 3500
1609,Chevrolet Silverado 3500 1992,Chevrolet,Silverado 3500
1610,Chevrolet Silverado 3500 1993,Chevrolet,Silverado 3500
1611,Chevrolet Silverado 3500 1995,Chevrolet,Silverado 3500
1612,Chevrolet Silverado 3500 1996,Chevrolet,Silverado 3500
1613,Chevrolet Silverado 3500 1998,Chevrolet,Silverado 3500
1614,Chevrolet Silverado 3500 1999,Chevrolet,Silverado 3500
1615,Chevrolet Silverado 3500 2000,Chevrolet,Silverado 3500
1616,Chevrolet Silverado 3500 2001,Chevrolet,Silverado 3500
1617,Chevrolet Silverado 3500 2002,Chevrolet,Silverado 3500
1618,Chevrolet Silverado 3500 2003,Chevrolet,Silverado 3500
1619,Chevrolet Silverado 3500 2004,Chevrolet,Silverado 3500
1620,Chevrolet Silverado 3500 2005,Chevrolet,Silverado 3500
1621,Chevrolet Silverado 3500 2006,Chevrolet,Silverado 3500
1622,Chevrolet Silverado 3500 2007,Chevrolet,Silverado 3500
1623,Chevrolet Silverado 3500 2008,Chevrolet,Silverado 3500
1624,Chevrolet Silverado 3500 2010,Chevrolet,Silverado 3500
1625,Chevrolet Silverado 3500 2012,Chevrolet,Silverado 3500
1626,Chevrolet Silverado 3500 2013,Chevrolet,Silverado 3500
1627,Chevrolet Sonic 2012,Chevrolet,Sonic
1628,Chevrolet Sonic 2013,Chevrolet,Sonic
1629,Chevrolet Sonic 2014,Chevrolet,Sonic
1630,Chevrolet Sonic 2016,Chevrolet,Sonic
1631,Chevrolet Spark 2013,Chevrolet,Spark
1632,Chevrolet Spark 2014,Chevrolet,Spark
1633,Chevrolet Ssr 2003,Chevrolet,Ssr
1634,Chevrolet Ssr 2004,Chevrolet,Ssr
1635,Chevrolet Ssr 2005,Chevrolet,Ssr
1636,Chevrolet Ssr 2006,Chevrolet,Ssr
1637,Chevrolet Stepside 1967,Chevrolet,Stepside
1638,Chevrolet Stepside 1977,Chevrolet,Stepside
1639,Chevrolet Stepside 1978,Chevrolet,Stepside
1640,Chevrolet Stepside 1994,Chevrolet,Stepside
1641,Chevrolet Styleline 1950,Chevrolet,Styleline
1642,Chevrolet Stylemaster 1947,Chevrolet,Stylemaster
1643,Chevrolet Stylemaster 1948,Chevrolet,Stylemaster
1644,Chevrolet Suburban 1972,Chevrolet,Suburban
1645,Chevrolet Suburban 1976,Chevrolet,Suburban
1646,Chevrolet Suburban 1977,Chevrolet,Suburban
1647,Chevrolet Suburban 1983,Chevrolet,Suburban
1648,Chevrolet Suburban 1984,Chevrolet,Suburban
1649,Chevrolet Suburban 1985,Chevrolet,Suburban
1650,Chevrolet Suburban 1986,Chevrolet,Suburban
1651,Chevrolet Suburban 1987,Chevrolet,Suburban
1652,Chevrolet Suburban 1988,Chevrolet,Suburban
1653,Chevrolet Suburban 1989,Chevrolet,Suburban
1654,Chevrolet Suburban 1990,Chevrolet,Suburban
1655,Chevrolet Suburban 1991,Chevrolet,Suburban
1656,Chevrolet Suburban 1992,Chevrolet,Suburban
1657,Chevrolet Suburban 1993,Chevrolet,Suburban
1658,Chevrolet Suburban 1994,Chevrolet,Suburban
1659,Chevrolet Suburban 1995,Chevrolet,Suburban
1660,Chevrolet Suburban 1996,Chevrolet,Suburban
1661,Chevrolet Suburban 1997,Chevrolet,Suburban
1662,Chevrolet Suburban 1998,Chevrolet,Suburban
1663,Chevrolet Suburban 1999,Chevrolet,Suburban
1664,Chevrolet Suburban 2000,Chevrolet,Suburban
1665,Chevrolet Suburban 2001,Chevrolet,Suburban
1666,Chevrolet Suburban 2002,Chevrolet,Suburban
1667,Chevrolet Suburban 2003,Chevrolet,Suburban
1668,Chevrolet Suburban 2004,Chevrolet,Suburban
1669,Chevrolet Suburban 2005,Chevrolet,Suburban
1670,Chevrolet Suburban 2006,Chevrolet,Suburban
1671,Chevrolet Suburban 2007,Chevrolet,Suburban
1672,Chevrolet Suburban 2008,Chevrolet,Suburban
1673,Chevrolet Suburban 2009,Chevrolet,Suburban
1674,Chevrolet Suburban 2010,Chevrolet,Suburban
1675,Chevrolet Suburban 2011,Chevrolet,Suburban
1676,Chevrolet Suburban 2012,Chevrolet,Suburban
1677,Chevrolet Suburban 2013,Chevrolet,Suburban
1678,Chevrolet Suburban 2015,Chevrolet,Suburban
1679,Chevrolet Tahoe 1993,Chevrolet,Tahoe
1680,Chevrolet Tahoe 1994,Chevrolet,Tahoe
1681,Chevrolet Tahoe 1995,Chevrolet,Tahoe
1682,Chevrolet Tahoe 1996,Chevrolet,Tahoe
1683,Chevrolet Tahoe 1997,Chevrolet,Tahoe
1684,Chevrolet Tahoe 1998,Chevrolet,Tahoe
1685,Chevrolet Tahoe 1999,Chevrolet,Tahoe
1686,Chevrolet Tahoe 2000,Chevrolet,Tahoe
1687,Chevrolet Tahoe 2001,Chevrolet,Tahoe
1688,Chevrolet Tahoe 2002,Chevrolet,Tahoe
1689,Chevrolet Tahoe 2003,Chevrolet,Tahoe
1690,Chevrolet Tahoe 2004,Chevrolet,Tahoe
1691,Chevrolet Tahoe 2005,Chevrolet,Tahoe
1692,Chevrolet Tahoe 2006,Chevrolet,Tahoe
1693,Chevrolet Tahoe 2007,Chevrolet,Tahoe
1694,Chevrolet Tahoe 2008,Chevrolet,Tahoe
1695,Chevrolet Tahoe 2009,Chevrolet,Tahoe
1696,Chevrolet Tahoe 2010,Chevrolet,Tahoe
1697,Chevrolet Tahoe 2011,Chevrolet,Tahoe
1698,Chevrolet Tahoe 2012,Chevrolet,Tahoe
1699,Chevrolet Tahoe 2013,Chevrolet,Tahoe
1700,Chevrolet Tahoe 2014,Chevrolet,Tahoe
1701,Chevrolet Tahoe 2015,Chevrolet,Tahoe
1702,Chevrolet Tahoe 2016,Chevrolet,Tahoe
1703,Chevrolet Tracker 1996,Chevrolet,Tracker
1704,Chevrolet Tracker 1997,Chevrolet,Tracker
1705,Chevrolet Tracker 1998,Chevrolet,Tracker
1706,Chevrolet Tracker 1999,Chevrolet,Tracker
1707,Chevrolet Tracker 2000,Chevrolet,Tracker
1708,Chevrolet Tracker 2001,Chevrolet,Tracker
1709,Chevrolet Tracker 2002,Chevrolet,Tracker
1710,Chevrolet Tracker 2003,Chevrolet,Tracker
1711,Chevrolet Tracker 2004,Chevrolet,Tracker
1712,Chevrolet Trailblazer 2000,Chevrolet,Trailblazer
1713,Chevrolet Trailblazer 2001,Chevrolet,Trailblazer
1714,Chevrolet Trailblazer 2002,Chevrolet,Trailblazer
1715,Chevrolet Trailblazer 2003,Chevrolet,Trailblazer
1716,Chevrolet Trailblazer 2004,Chevrolet,Trailblazer
1717,Chevrolet Trailblazer 2005,Chevrolet,Trailblazer
1718,Chevrolet Trailblazer 2006,Chevrolet,Trailblazer
1719,Chevrolet Trailblazer 2007,Chevrolet,Trailblazer
1720,Chevrolet Trailblazer 2008,Chevrolet,Trailblazer
1721,Chevrolet Trailblazer 2009,Chevrolet,Trailblazer
1722,Chevrolet Traverse 2009,Chevrolet,Traverse
1723,Chevrolet Traverse 2010,Chevrolet,Traverse
1724,Chevrolet Traverse 2011,Chevrolet,Traverse
1725,Chevrolet Traverse 2012,Chevrolet,Traverse
1726,Chevrolet Traverse 2013,Chevrolet,Traverse
1727,Chevrolet Traverse 2014,Chevrolet,Traverse
1728,Chevrolet Uplander 2005,Chevrolet,Uplander
1729,Chevrolet Uplander 2006,Chevrolet,Uplander
1730,Chevrolet Uplander 2007,Chevrolet,Uplander
1731,Chevrolet Uplander 2008,Chevrolet,Uplander
1732,Chevrolet V10 1968,Chevrolet,V10
1733,Chevrolet Vega 1972,Chevrolet,Vega
1734,Chevrolet Vega 1973,Chevrolet,Vega
1735,Chevrolet Vega 1974,Chevrolet,Vega
1736,Chevrolet Vega 1975,Chevrolet,Vega
1737,Chevrolet Vega 1976,Chevrolet,Vega
1738,Chevrolet Vega 1977,Chevrolet,Vega
1739,Chevrolet Venture 1997,Chevrolet,Venture
1740,Chevrolet Venture 1998,Chevrolet,Venture
1741,Chevrolet Venture 1999,Chevrolet,Venture
1742,Chevrolet Venture 2000,Chevrolet,Venture
1743,Chevrolet Venture 2001,Chevrolet,Venture
1744,Chevrolet Venture 2002,Chevrolet,Venture
1745,Chevrolet Venture 2003,Chevrolet,Venture
1746,Chevrolet Venture 2004,Chevrolet,Venture
1747,Chevrolet Venture 2005,Chevrolet,Venture
1748,Chevrolet Volt 2012,Chevrolet,Volt
1749,Chevrolet Volt 2013,Chevrolet,Volt
1750,Chevrolet Yukon 1991,Chevrolet,Yukon
1751,Chevrolet Yukon 2001,Chevrolet,Yukon
1752,Chrysler 200 2011,Chrysler,200
1753,Chrysler 200 2012,Chrysler,200
1754,Chrysler 200 2013,Chrysler,200
1755,Chrysler 200 2014,Chrysler,200
1756,Chrysler 200 2015,Chrysler,200
1757,Chrysler 300 1964,Chrysler,300
1758,Chrysler 300 1967,Chrysler,300
1759,Chrysler 300 1968,Chrysler,300
1760,Chrysler 300 1999,Chrysler,300
1761,Chrysler 300 2000,Chrysler,300
1762,Chrysler 300 2001,Chrysler,300
1763,Chrysler 300 2002,Chrysler,300
1764,Chrysler 300 2003,Chrysler,300
1765,Chrysler 300 2004,Chrysler,300
1766,Chrysler 300 2005,Chrysler,300
1767,Chrysler 300 2006,Chrysler,300
1768,Chrysler 300 2007,Chrysler,300
1769,Chrysler 300 2008,Chrysler,300
1770,Chrysler 300 2009,Chrysler,300
1771,Chrysler 300 2010,Chrysler,300
1772,Chrysler 300 2011,Chrysler,300
1773,Chrysler 300 2012,Chrysler,300
1774,Chrysler 300 2013,Chrysler,300
1775,Chrysler 300 2014,Chrysler,300
1776,Chrysler 300 2015,Chrysler,300
1777,Chrysler Aspen 2007,Chrysler,Aspen
1778,Chrysler Aspen 2008,Chrysler,Aspen
1779,Chrysler Cirrus 1995,Chrysler,Cirrus
1780,Chrysler Cirrus 1997,Chrysler,Cirrus
1781,Chrysler Cirrus 1998,Chrysler,Cirrus
1782,Chrysler Cirrus 1999,Chrysler,Cirrus
1783,Chrysler Cirrus 2000,Chrysler,Cirrus
1784,Chrysler Concorde 1994,Chrysler,Concorde
1785,Chrysler Concorde 1995,Chrysler,Concorde
1786,Chrysler Concorde 1996,Chrysler,Concorde
1787,Chrysler Concorde 1998,Chrysler,Concorde
1788,Chrysler Concorde 1999,Chrysler,Concorde
1789,Chrysler Concorde 2000,Chrysler,Concorde
1790,Chrysler Concorde 2001,Chrysler,Concorde
1791,Chrysler Concorde 2002,Chrysler,Concorde
1792,Chrysler Concorde 2003,Chrysler,Concorde
1793,Chrysler Concorde 2004,Chrysler,Concorde
1794,Chrysler Cordoba 1976,Chrysler,Cordoba
1795,Chrysler Cordoba 1978,Chrysler,Cordoba
1796,Chrysler Crossfire 2004,Chrysler,Crossfire
1797,Chrysler Crossfire 2005,Chrysler,Crossfire
1798,Chrysler Crossfire 2006,Chrysler,Crossfire
1799,Chrysler Crossfire 2007,Chrysler,Crossfire
1800,Chrysler Crossfire 2008,Chrysler,Crossfire
1801,Chrysler Fifth Avenue 1987,Chrysler,Fifth Avenue
1802,Chrysler Imperial 1956,Chrysler,Imperial
1803,Chrysler Imperial 1967,Chrysler,Imperial
1804,Chrysler Imperial 1991,Chrysler,Imperial
1805,Chrysler Intrepid 2004,Chrysler,Intrepid
1806,Chrysler Lebaron 1978,Chrysler,Lebaron
1807,Chrysler Lebaron 1987,Chrysler,Lebaron
1808,Chrysler Lebaron 1991,Chrysler,Lebaron
1809,Chrysler Lebaron 1992,Chrysler,Lebaron
1810,Chrysler Lebaron 1993,Chrysler,Lebaron
1811,Chrysler Lebaron 1994,Chrysler,Lebaron
1812,Chrysler Lebaron 1995,Chrysler,Lebaron
1813,Chrysler Lhs 1994,Chrysler,Lhs
1814,Chrysler Lhs 1995,Chrysler,Lhs
1815,Chrysler Lhs 1997,Chrysler,Lhs
1816,Chrysler Lhs 1999,Chrysler,Lhs
1817,Chrysler Lhs 2000,Chrysler,Lhs
1818,Chrysler Lhs 2001,Chrysler,Lhs
1819,Chrysler New Yorker 1964,Chrysler,New Yorker
1820,Chrysler New Yorker 1966,Chrysler,New Yorker
1821,Chrysler New Yorker 1988,Chrysler,New Yorker
1822,Chrysler New Yorker 1989,Chrysler,New Yorker
1823,Chrysler New Yorker 1991,Chrysler,New Yorker
1824,Chrysler New Yorker 1992,Chrysler,New Yorker
1825,Chrysler New Yorker 1993,Chrysler,New Yorker
1826,Chrysler Newport 1963,Chrysler,Newport
1827,Chrysler Newport 1978,Chrysler,Newport
1828,Chrysler Pacifica 2004,Chrysler,Pacifica
1829,Chrysler Pacifica 2005,Chrysler,Pacifica
1830,Chrysler Pacifica 2006,Chrysler,Pacifica
1831,Chrysler Pacifica 2007,Chrysler,Pacifica
1832,Chrysler Pacifica 2008,Chrysler,Pacifica
1833,Chrysler Pt Cruiser 2001,Chrysler,Pt Cruiser
1834,Chrysler Pt Cruiser 2002,Chrysler,Pt Cruiser
1835,Chrysler Pt Cruiser 2003,Chrysler,Pt Cruiser
1836,Chrysler Pt Cruiser 2004,Chrysler,Pt Cruiser
1837,Chrysler Pt Cruiser 2005,Chrysler,Pt Cruiser
1838,Chrysler Pt Cruiser 2006,Chrysler,Pt Cruiser
1839,Chrysler Pt Cruiser 2007,Chrysler,Pt Cruiser
1840,Chrysler Pt Cruiser 2008,Chrysler,Pt Cruiser
1841,Chrysler Pt Cruiser 2009,Chrysler,Pt Cruiser
1842,Chrysler Sebring 1995,Chrysler,Sebring
1843,Chrysler Sebring 1996,Chrysler,Sebring
1844,Chrysler Sebring 1997,Chrysler,Sebring
1845,Chrysler Sebring 1998,Chrysler,Sebring
1846,Chrysler Sebring 1999,Chrysler,Sebring
1847,Chrysler Sebring 2000,Chrysler,Sebring
1848,Chrysler Sebring 2001,Chrysler,Sebring
1849,Chrysler Sebring 2002,Chrysler,Sebring
1850,Chrysler Sebring 2003,Chrysler,Sebring
1851,Chrysler Sebring 2004,Chrysler,Sebring
1852,Chrysler Sebring 2005,Chrysler,Sebring
1853,Chrysler Sebring 2006,Chrysler,Sebring
1854,Chrysler Sebring 2007,Chrysler,Sebring
1855,Chrysler Sebring 2008,Chrysler,Sebring
1856,Chrysler Sebring 2009,Chrysler,Sebring
1857,Chrysler Sebring 2010,Chrysler,Sebring
1858,Chrysler Town Country 1996,Chrysler,Town Country
1859,Chrysler Town Country 1997,Chrysler,Town Country
1860,Chrysler Town Country 1998,Chrysler,Town Country
1861,Chrysler Town Country 1999,Chrysler,Town Country
1862,Chrysler Town Country 2000,Chrysler,Town Country
1863,Chrysler Town Country 2001,Chrysler,Town Country
1864,Chrysler Town Country 2002,Chrysler,Town Country
1865,Chrysler Town Country 2003,Chrysler,Town Country
1866,Chrysler Town Country 2004,Chrysler,Town Country
1867,Chrysler Town Country 2005,Chrysler,Town Country
1868,Chrysler Town Country 2006,Chrysler,Town Country
1869,Chrysler Town Country 2007,Chrysler,Town Country
1870,Chrysler Town Country 2008,Chrysler,Town Country
1871,Chrysler Town Country 2009,Chrysler,Town Country
1872,Chrysler Town Country 2010,Chrysler,Town Country
1873,Chrysler Town Country 2011,Chrysler,Town Country
1874,Chrysler Town Country 2012,Chrysler,Town Country
1875,Chrysler Town Country 2013,Chrysler,Town Country
1876,Chrysler Town Country 2014,Chrysler,Town Country
1877,Chrysler Voyager 2000,Chrysler,Voyager
1878,Chrysler Voyager 2001,Chrysler,Voyager
1879,Chrysler Voyager 2002,Chrysler,Voyager
1880,Chrysler Voyager 2003,Chrysler,Voyager
1881,Chrysler Windsor 1955,Chrysler,Windsor
1882,Citroen Ds5 2015,Citroen,Ds5
1883,Daewoo Lanos 1999,Daewoo,Lanos
1884,Daewoo Lanos 2000,Daewoo,Lanos
1885,Daewoo Lanos 2001,Daewoo,Lanos
1886,Daewoo Lanos 2002,Daewoo,Lanos
1887,Daewoo Leganza 1999,Daewoo,Leganza
1888,Daewoo Leganza 2000,Daewoo,Leganza
1889,Daewoo Leganza 2001,Daewoo,Leganza
1890,Daewoo Leganza 2002,Daewoo,Leganza
1891,Daewoo Nubira 2000,Daewoo,Nubira
1892,Daewoo Nubira 2001,Daewoo,Nubira
1893,Daewoo Nubira 2002,Daewoo,Nubira
1894,Daihatsu Rocky 1990,Daihatsu,Rocky
1895,Daihatsu Yrv 2000,Daihatsu,Yrv
1896,Datsun 240Z 1971,Datsun,240Z
1897,Datsun 240Z 1973,Datsun,240Z
1898,Datsun 260Z 1974,Datsun,260Z
1899,Datsun 280Z 1981,Datsun,280Z
1900,Datsun B210 1976,Datsun,B210
1901,Datsun Nissan 1982,Datsun,Nissan
1902,Datsun Nissan 1984,Datsun,Nissan
1903,Dodge Aspen 1979,Dodge,Aspen
1904,Dodge Avenger 1995,Dodge,Avenger
1905,Dodge Avenger 1996,Dodge,Avenger
1906,Dodge Avenger 1997,Dodge,Avenger
1907,Dodge Avenger 1998,Dodge,Avenger
1908,Dodge Avenger 1999,Dodge,Avenger
1909,Dodge Avenger 2008,Dodge,Avenger
1910,Dodge Avenger 2009,Dodge,Avenger
1911,Dodge Avenger 2010,Dodge,Avenger
1912,Dodge Avenger 2011,Dodge,Avenger
1913,Dodge Avenger 2012,Dodge,Avenger
1914,Dodge Avenger 2013,Dodge,Avenger
1915,Dodge Avenger 2014,Dodge,Avenger
1916,Dodge Caliber 2007,Dodge,Caliber
1917,Dodge Caliber 2008,Dodge,Caliber
1918,Dodge Caliber 2009,Dodge,Caliber
1919,Dodge Caliber 2010,Dodge,Caliber
1920,Dodge Caliber 2011,Dodge,Caliber
1921,Dodge Challenger 1970,Dodge,Challenger
1922,Dodge Challenger 1972,Dodge,Challenger
1923,Dodge Challenger 1973,Dodge,Challenger
1924,Dodge Challenger 2008,Dodge,Challenger
1925,Dodge Challenger 2009,Dodge,Challenger
1926,Dodge Challenger 2010,Dodge,Challenger
1927,Dodge Challenger 2011,Dodge,Challenger
1928,Dodge Challenger 2012,Dodge,Challenger
1929,Dodge Challenger 2013,Dodge,Challenger
1930,Dodge Challenger 2014,Dodge,Challenger
1931,Dodge Challenger 2015,Dodge,Challenger
1932,Dodge Challenger 2016,Dodge,Challenger
1933,Dodge Charger 1965,Dodge,Charger
1934,Dodge Charger 1966,Dodge,Charger
1935,Dodge Charger 1968,Dodge,Charger
1936,Dodge Charger 1969,Dodge,Charger
1937,Dodge Charger 1970,Dodge,Charger
1938,Dodge Charger 1971,Dodge,Charger
1939,Dodge Charger 1973,Dodge,Charger
1940,Dodge Charger 1976,Dodge,Charger
1941,Dodge Charger 1985,Dodge,Charger
1942,Dodge Charger 1986,Dodge,Charger
1943,Dodge Charger 1987,Dodge,Charger
1944,Dodge Charger 1988,Dodge,Charger
1945,Dodge Charger 1989,Dodge,Charger
1946,Dodge Charger 1990,Dodge,Charger
1947,Dodge Charger 1991,Dodge,Charger
1948,Dodge Charger 1992,Dodge,Charger
1949,Dodge Charger 2005,Dodge,Charger
1950,Dodge Charger 2006,Dodge,Charger
1951,Dodge Charger 2007,Dodge,Charger
1952,Dodge Charger 2008,Dodge,Charger
1953,Dodge Charger 2009,Dodge,Charger
1954,Dodge Charger 2010,Dodge,Charger
1955,Dodge Charger 2011,Dodge,Charger
1956,Dodge Charger 2012,Dodge,Charger
1957,Dodge Charger 2013,Dodge,Charger
1958,Dodge Charger 2014,Dodge,Charger
1959,Dodge Charger 2015,Dodge,Charger
1960,Dodge Colt 1994,Dodge,Colt
1961,Dodge Coronet 1966,Dodge,Coronet
1962,Dodge Coronet 1967,Dodge,Coronet
1963,Dodge Coronet 1968,Dodge,Coronet
1964,Dodge Cummins 1992,Dodge,Cummins
1965,Dodge Cummins 1993,Dodge,Cummins
1966,Dodge Cummins 1994,Dodge,Cummins
1967,Dodge Cummins 1997,Dodge,Cummins
1968,Dodge Cummins 1998,Dodge,Cummins
1969,Dodge Cummins 1999,Dodge,Cummins
1970,Dodge Cummins 2002,Dodge,Cummins
1971,Dodge Cummins 2003,Dodge,Cummins
1972,Dodge Cummins 2005,Dodge,Cummins
1973,Dodge Cummins 2007,Dodge,Cummins
1974,Dodge Cummins 2008,Dodge,Cummins
1975,Dodge Cummins 2012,Dodge,Cummins
1976,Dodge D100 1939,Dodge,D100
1977,Dodge D100 1964,Dodge,D100
1978,Dodge D100 1968,Dodge,D100
1979,Dodge D100 1978,Dodge,D100
1980,Dodge D100 1984,Dodge,D100
1981,Dodge D100 1987,Dodge,D100
1982,Dodge D150 1984,Dodge,D150
1983,Dodge D150 1990,Dodge,D150
1984,Dodge D150 1991,Dodge,D150
1985,Dodge D250 1991,Dodge,D250
1986,Dodge D250 1992,Dodge,D250
1987,Dodge Dakota 1987,Dodge,Dakota
1988,Dodge Dakota 1988,Dodge,Dakota
1989,Dodge Dakota 1989,Dodge,Dakota
1990,Dodge Dakota 1990,Dodge,Dakota
1991,Dodge Dakota 1991,Dodge,Dakota
1992,Dodge Dakota 1992,Dodge,Dakota
1993,Dodge Dakota 1993,Dodge,Dakota
1994,Dodge Dakota 1994,Dodge,Dakota
1995,Dodge Dakota 1995,Dodge,Dakota
1996,Dodge Dakota 1996,Dodge,Dakota
1997,Dodge Dakota 1997,Dodge,Dakota
1998,Dodge Dakota 1998,Dodge,Dakota
1999,Dodge Dakota 1999,Dodge,Dakota
2000,Dodge Dakota 2000,Dodge,Dakota
2001,Dodge Dakota 2001,Dodge,Dakota
2002,Dodge Dakota 2002,Dodge,Dakota
2003,Dodge Dakota 2003,Dodge,Dakota
2004,Dodge Dakota 2004,Dodge,Dakota
2005,Dodge Dakota 2005,Dodge,Dakota
2006,Dodge Dakota 2006,Dodge,Dakota
2007,Dodge Dakota 2007,Dodge,Dakota
2008,Dodge Dakota 2008,Dodge,Dakota
2009,Dodge Dakota 2009,Dodge,Dakota
2010,Dodge Dakota 2010,Dodge,Dakota
2011,Dodge Dakota 2011,Dodge,Dakota
2012,Dodge Dart 1964,Dodge,Dart
2013,Dodge Dart 1966,Dodge,Dart
2014,Dodge Dart 1967,Dodge,Dart
2015,Dodge Dart 1969,Dodge,Dart
2016,Dodge Dart 1970,Dodge,Dart
2017,Dodge Dart 1972,Dodge,Dart
2018,Dodge Dart 1973,Dodge,Dart
2019,Dodge Dart 1974,Dodge,Dart
2020,Dodge Dart 1976,Dodge,Dart
2021,Dodge Dart 2013,Dodge,Dart
2022,Dodge Dart 2014,Dodge,Dart
2023,Dodge Daytona 1987,Dodge,Daytona
2024,Dodge Demon 1971,Dodge,Demon
2025,Dodge Durango 1998,Dodge,Durango
2026,Dodge Durango 1999,Dodge,Durango
2027,Dodge Durango 2000,Dodge,Durango
2028,Dodge Durango 2001,Dodge,Durango
2029,Dodge Durango 2002,Dodge,Durango
2030,Dodge Durango 2003,Dodge,Durango
2031,Dodge Durango 2004,Dodge,Durango
2032,Dodge Durango 2005,Dodge,Durango
2033,Dodge Durango 2006,Dodge,Durango
2034,Dodge Durango 2007,Dodge,Durango
2035,Dodge Durango 2008,Dodge,Durango
2036,Dodge Durango 2009,Dodge,Durango
2037,Dodge Durango 2011,Dodge,Durango
2038,Dodge Durango 2012,Dodge,Durango
2039,Dodge Durango 2013,Dodge,Durango
2040,Dodge Durango 2014,Dodge,Durango
2041,Dodge Durango 2015,Dodge,Durango
2042,Dodge Dynasty 1989,Dodge,Dynasty
2043,Dodge Dynasty 1990,Dodge,Dynasty
2044,Dodge Dynasty 1991,Dodge,Dynasty
2045,Dodge Dynasty 1992,Dodge,Dynasty
2046,Dodge Grand Caravan 1992,Dodge,Grand Caravan
2047,Dodge Grand Caravan 1993,Dodge,Grand Caravan
2048,Dodge Grand Caravan 1994,Dodge,Grand Caravan
2049,Dodge Grand Caravan 1995,Dodge,Grand Caravan
2050,Dodge Grand Caravan 1996,Dodge,Grand Caravan
2051,Dodge Grand Caravan 1997,Dodge,Grand Caravan
2052,Dodge Grand Caravan 1998,Dodge,Grand Caravan
2053,Dodge Grand Caravan 1999,Dodge,Grand Caravan
2054,Dodge Grand Caravan 2000,Dodge,Grand Caravan
2055,Dodge Grand Caravan 2001,Dodge,Grand Caravan
2056,Dodge Grand Caravan 2002,Dodge,Grand Caravan
2057,Dodge Grand Caravan 2003,Dodge,Grand Caravan
2058,Dodge Grand Caravan 2004,Dodge,Grand Caravan
2059,Dodge Grand Caravan 2005,Dodge,Grand Caravan
2060,Dodge Grand Caravan 2006,Dodge,Grand Caravan
2061,Dodge Grand Caravan 2007,Dodge,Grand Caravan
2062,Dodge Grand Caravan 2008,Dodge,Grand Caravan
2063,Dodge Grand Caravan 2009,Dodge,Grand Caravan
2064,Dodge Grand Caravan 2010,Dodge,Grand Caravan
2065,Dodge Grand Caravan 2011,Dodge,Grand Caravan
2066,Dodge Grand Caravan 2012,Dodge,Grand Caravan
2067,Dodge Grand Caravan 2013,Dodge,Grand Caravan
2068,Dodge Grand Caravan 2014,Dodge,Grand Caravan
2069,Dodge Grand Caravan 2015,Dodge,Grand Caravan
2070,Dodge Intrepid 1994,Dodge,Intrepid
2071,Dodge Intrepid 1995,Dodge,Intrepid
2072,Dodge Intrepid 1996,Dodge,Intrepid
2073,Dodge Intrepid 1997,Dodge,Intrepid
2074,Dodge Intrepid 1998,Dodge,Intrepid
2075,Dodge Intrepid 1999,Dodge,Intrepid
2076,Dodge Intrepid 2000,Dodge,Intrepid
2077,Dodge Intrepid 2001,Dodge,Intrepid
2078,Dodge Intrepid 2002,Dodge,Intrepid
2079,Dodge Intrepid 2003,Dodge,Intrepid
2080,Dodge Intrepid 2004,Dodge,Intrepid
2081,Dodge Journey 2008,Dodge,Journey
2082,Dodge Journey 2009,Dodge,Journey
2083,Dodge Journey 2010,Dodge,Journey
2084,Dodge Journey 2011,Dodge,Journey
2085,Dodge Journey 2012,Dodge,Journey
2086,Dodge Journey 2013,Dodge,Journey
2087,Dodge Journey 2014,Dodge,Journey
2088,Dodge Journey 2015,Dodge,Journey
2089,Dodge Journey 2016,Dodge,Journey
2090,Dodge Magnum 2000,Dodge,Magnum
2091,Dodge Magnum 2003,Dodge,Magnum
2092,Dodge Magnum 2004,Dodge,Magnum
2093,Dodge Magnum 2005,Dodge,Magnum
2094,Dodge Magnum 2006,Dodge,Magnum
2095,Dodge Magnum 2007,Dodge,Magnum
2096,Dodge Magnum 2008,Dodge,Magnum
2097,Dodge Monaco 1965,Dodge,Monaco
2098,Dodge Monaco 1967,Dodge,Monaco
2099,Dodge Monaco 1968,Dodge,Monaco
2100,Dodge Neon 1995,Dodge,Neon
2101,Dodge Neon 1996,Dodge,Neon
2102,Dodge Neon 1997,Dodge,Neon
2103,Dodge Neon 1998,Dodge,Neon
2104,Dodge Neon 1999,Dodge,Neon
2105,Dodge Neon 2000,Dodge,Neon
2106,Dodge Neon 2001,Dodge,Neon
2107,Dodge Neon 2002,Dodge,Neon
2108,Dodge Neon 2003,Dodge,Neon
2109,Dodge Neon 2004,Dodge,Neon
2110,Dodge Neon 2005,Dodge,Neon
2111,Dodge Neon 2006,Dodge,Neon
2112,Dodge Nitro 2007,Dodge,Nitro
2113,Dodge Nitro 2008,Dodge,Nitro
2114,Dodge Nitro 2009,Dodge,Nitro
2115,Dodge Nitro 2010,Dodge,Nitro
2116,Dodge Nitro 2011,Dodge,Nitro
2117,Dodge Polara 1963,Dodge,Polara
2118,Dodge Polara 1964,Dodge,Polara
2119,Dodge Ram 1500 1975,Dodge,Ram 1500
2120,Dodge Ram 1500 1985,Dodge,Ram 1500
2121,Dodge Ram 1500 1987,Dodge,Ram 1500
2122,Dodge Ram 1500 1989,Dodge,Ram 1500
2123,Dodge Ram 1500 1990,Dodge,Ram 1500
2124,Dodge Ram 1500 1991,Dodge,Ram 1500
2125,Dodge Ram 1500 1992,Dodge,Ram 1500
2126,Dodge Ram 1500 1994,Dodge,Ram 1500
2127,Dodge Ram 1500 1995,Dodge,Ram 1500
2128,Dodge Ram 1500 1996,Dodge,Ram 1500
2129,Dodge Ram 1500 1997,Dodge,Ram 1500
2130,Dodge Ram 1500 1998,Dodge,Ram 1500
2131,Dodge Ram 1500 1999,Dodge,Ram 1500
2132,Dodge Ram 1500 2000,Dodge,Ram 1500
2133,Dodge Ram 1500 2001,Dodge,Ram 1500
2134,Dodge Ram 1500 2002,Dodge,Ram 1500
2135,Dodge Ram 1500 2003,Dodge,Ram 1500
2136,Dodge Ram 1500 2004,Dodge,Ram 1500
2137,Dodge Ram 1500 2005,Dodge,Ram 1500
2138,Dodge Ram 1500 2006,Dodge,Ram 1500
2139,Dodge Ram 1500 2007,Dodge,Ram 1500
2140,Dodge Ram 1500 2008,Dodge,Ram 1500
2141,Dodge Ram 1500 2009,Dodge,Ram 1500
2142,Dodge Ram 1500 2010,Dodge,Ram 1500
2143,Dodge Ram 1500 2011,Dodge,Ram 1500
2144,Dodge Ram 1500 2012,Dodge,Ram 1500
2145,Dodge Ram 1500 2013,Dodge,Ram 1500
2146,Dodge Ram 1500 2014,Dodge,Ram 1500
2147,Dodge Ram 1500 2015,Dodge,Ram 1500
2148,Dodge Ram 1500 2016,Dodge,Ram 1500
2149,Dodge Ram 2500 1988,Dodge,Ram 2500
2150,Dodge Ram 2500 1990,Dodge,Ram 2500
2151,Dodge Ram 2500 1991,Dodge,Ram 2500
2152,Dodge Ram 2500 1992,Dodge,Ram 2500
2153,Dodge Ram 2500 1993,Dodge,Ram 2500
2154,Dodge Ram 2500 1994,Dodge,Ram 2500
2155,Dodge Ram 2500 1995,Dodge,Ram 2500
2156,Dodge Ram 2500 1996,Dodge,Ram 2500
2157,Dodge Ram 2500 1997,Dodge,Ram 2500
2158,Dodge Ram 2500 1998,Dodge,Ram 2500
2159,Dodge Ram 2500 1999,Dodge,Ram 2500
2160,Dodge Ram 2500 2000,Dodge,Ram 2500
2161,Dodge Ram 2500 2001,Dodge,Ram 2500
2162,Dodge Ram 2500 2002,Dodge,Ram 2500
2163,Dodge Ram 2500 2003,Dodge,Ram 2500
2164,Dodge Ram 2500 2004,Dodge,Ram 2500
2165,Dodge Ram 2500 2005,Dodge,Ram 2500
2166,Dodge Ram 2500 2006,Dodge,Ram 2500
2167,Dodge Ram 2500 2007,Dodge,Ram 2500
2168,Dodge Ram 2500 2008,Dodge,Ram 2500
2169,Dodge Ram 2500 2009,Dodge,Ram 2500
2170,Dodge Ram 2500 2010,Dodge,Ram 2500
2171,Dodge Ram 2500 2011,Dodge,Ram 2500
2172,Dodge Ram 2500 2012,Dodge,Ram 2500
2173,Dodge Ram 2500 2013,Dodge,Ram 2500
2174,Dodge Ram 2500 2014,Dodge,Ram 2500
2175,Dodge Ram 2500 2015,Dodge,Ram 2500
2176,Dodge Ram 3500 1992,Dodge,Ram 3500
2177,Dodge Ram 3500 1994,Dodge,Ram 3500
2178,Dodge Ram 3500 1995,Dodge,Ram 3500
2179,Dodge Ram 3500 1996,Dodge,Ram 3500
2180,Dodge Ram 3500 1997,Dodge,Ram 3500
2181,Dodge Ram 3500 1998,Dodge,Ram 3500
2182,Dodge Ram 3500 1999,Dodge,Ram 3500
2183,Dodge Ram 3500 2000,Dodge,Ram 3500
2184,Dodge Ram 3500 2001,Dodge,Ram 3500
2185,Dodge Ram 3500 2002,Dodge,Ram 3500
2186,Dodge Ram 3500 2003,Dodge,Ram 3500
2187,Dodge Ram 3500 2004,Dodge,Ram 3500
2188,Dodge Ram 3500 2005,Dodge,Ram 3500
2189,Dodge Ram 3500 2006,Dodge,Ram 3500
2190,Dodge Ram 3500 2007,Dodge,Ram 3500
2191,Dodge Ram 3500 2008,Dodge,Ram 3500
2192,Dodge Ram 3500 2009,Dodge,Ram 3500
2193,Dodge Ram 3500 2010,Dodge,Ram 3500
2194,Dodge Ram 3500 2011,Dodge,Ram 3500
2195,Dodge Ram 3500 2012,Dodge,Ram 3500
2196,Dodge Ram 3500 2014,Dodge,Ram 3500
2197,Dodge Ram 5500 2008,Dodge,Ram 5500
2198,Dodge Ram 5500 2012,Dodge,Ram 5500
2199,Dodge Ramcharger 1979,Dodge,Ramcharger
2200,Dodge Ramcharger 1984,Dodge,Ramcharger
2201,Dodge Ramcharger 1985,Dodge,Ramcharger
2202,Dodge Ramcharger 1987,Dodge,Ramcharger
2203,Dodge Rumble Bee 2005,Dodge,Rumble Bee
2204,Dodge Shadow 1989,Dodge,Shadow
2205,Dodge Shadow 1991,Dodge,Shadow
2206,Dodge Shadow 1993,Dodge,Shadow
2207,Dodge Spirit 1989,Dodge,Spirit
2208,Dodge Spirit 1990,Dodge,Spirit
2209,Dodge Spirit 1994,Dodge,Spirit
2210,Dodge Spirit 1995,Dodge,Spirit
2211,Dodge Stealth 1991,Dodge,Stealth
2212,Dodge Stealth 1992,Dodge,Stealth
2213,Dodge Stealth 1993,Dodge,Stealth
2214,Dodge Stealth 1994,Dodge,Stealth
2215,Dodge Stealth 1995,Dodge,Stealth
2216,Dodge Stratus 1996,Dodge,Stratus
2217,Dodge Stratus 1997,Dodge,Stratus
2218,Dodge Stratus 1998,Dodge,Stratus
2219,Dodge Stratus 1999,Dodge,Stratus
2220,Dodge Stratus 2000,Dodge,Stratus
2221,Dodge Stratus 2001,Dodge,Stratus
2222,Dodge Stratus 2002,Dodge,Stratus
2223,Dodge Stratus 2003,Dodge,Stratus
2224,Dodge Stratus 2004,Dodge,Stratus
2225,Dodge Stratus 2005,Dodge,Stratus
2226,Dodge Stratus 2006,Dodge,Stratus
2227,Dodge Viper 1992,Dodge,Viper
2228,Dodge Viper 1996,Dodge,Viper
2229,Dodge Viper 1999,Dodge,Viper
2230,Dodge Viper 2001,Dodge,Viper
2231,Dodge Viper 2002,Dodge,Viper
2232,Dodge Viper 2006,Dodge,Viper
2233,Dodge Viper 2013,Dodge,Viper
2234,Dodge Viper 2014,Dodge,Viper
2235,Dodge W100 1975,Dodge,W100
2236,Dodge W100 1987,Dodge,W100
2237,Dodge W100 1988,Dodge,W100
2238,Dodge W150 1992,Dodge,W150
2239,Dodge W250 1990,Dodge,W250
2240,Dodge W250 1992,Dodge,W250
2241,Dodge W250 1993,Dodge,W250
2242,Eagle Talon 1990,Eagle,Talon
2243,Eagle Talon 1991,Eagle,Talon
2244,Eagle Talon 1992,Eagle,Talon
2245,Eagle Talon 1993,Eagle,Talon
2246,Eagle Talon 1995,Eagle,Talon
2247,Eagle Talon 1996,Eagle,Talon
2248,Eagle Talon 1997,Eagle,Talon
2249,Eagle Talon 1998,Eagle,Talon
2250,Ferrari 360 Modena 2002,Ferrari,360 Modena
2251,Ferrari Daytona 1997,Ferrari,Daytona
2252,Ferrari Gtm 2008,Ferrari,Gtm
2253,Ferrari Testarossa 1988,Ferrari,Testarossa
2254,Fiat Doblo 2011,Fiat,Doblo
2255,Fiat Five Hundred 1970,Fiat,Five Hundred
2256,Fiat Five Hundred 2012,Fiat,Five Hundred
2257,Fiat Five Hundred 2013,Fiat,Five Hundred
2258,Fiat Five Hundred 2014,Fiat,Five Hundred
2259,Fiat Five Hundred 2015,Fiat,Five Hundred
2260,Fiat Five Hundred 2016,Fiat,Five Hundred
2261,Fiat Spider 1969,Fiat,Spider
2262,Fiat Spider 1977,Fiat,Spider
2263,Fiat Spider 1981,Fiat,Spider
2264,Ford Aerostar 1988,Ford,Aerostar
2265,Ford Aerostar 1990,Ford,Aerostar
2266,Ford Aerostar 1993,Ford,Aerostar
2267,Ford Aerostar 1994,Ford,Aerostar
2268,Ford Aerostar 1995,Ford,Aerostar
2269,Ford Aerostar 1997,Ford,Aerostar
2270,Ford Anglia 1948,Ford,Anglia
2271,Ford Aspire 1994,Ford,Aspire
2272,Ford Aspire 1995,Ford,Aspire
2273,Ford Aspire 1997,Ford,Aspire
2274,Ford Bronco 1968,Ford,Bronco
2275,Ford Bronco 1969,Ford,Bronco
2276,Ford Bronco 1970,Ford,Bronco
2277,Ford Bronco 1971,Ford,Bronco
2278,Ford Bronco 1973,Ford,Bronco
2279,Ford Bronco 1975,Ford,Bronco
2280,Ford Bronco 1976,Ford,Bronco
2281,Ford Bronco 1977,Ford,Bronco
2282,Ford Bronco 1978,Ford,Bronco
2283,Ford Bronco 1979,Ford,Bronco
2284,Ford Bronco 1981,Ford,Bronco
2285,Ford Bronco 1982,Ford,Bronco
2286,Ford Bronco 1984,Ford,Bronco
2287,Ford Bronco 1985,Ford,Bronco
2288,Ford Bronco 1986,Ford,Bronco
2289,Ford Bronco 1987,Ford,Bronco
2290,Ford Bronco 1988,Ford,Bronco
2291,Ford Bronco 1989,Ford,Bronco
2292,Ford Bronco 1990,Ford,Bronco
2293,Ford Bronco 1991,Ford,Bronco
2294,Ford Bronco 1992,Ford,Bronco
2295,Ford Bronco 1993,Ford,Bronco
2296,Ford Bronco 1994,Ford,Bronco
2297,Ford Bronco 1995,Ford,Bronco
2298,Ford Bronco 1996,Ford,Bronco
2299,Ford C-Max 2013,Ford,C-Max
2300,Ford Cabriolet 1929,Ford,Cabriolet
2301,Ford Cabriolet 1936,Ford,Cabriolet
2302,Ford Contour 1993,Ford,Contour
2303,Ford Contour 1995,Ford,Contour
2304,Ford Contour 1996,Ford,Contour
2305,Ford Contour 1997,Ford,Contour
2306,Ford Contour 1998,Ford,Contour
2307,Ford Contour 1999,Ford,Contour
2308,Ford Contour 2000,Ford,Contour
2309,Ford Coupe 1931,Ford,Coupe
2310,Ford Coupe 1932,Ford,Coupe
2311,Ford Coupe 1933,Ford,Coupe
2312,Ford Coupe 1934,Ford,Coupe
2313,Ford Coupe 1936,Ford,Coupe
2314,Ford Coupe 1939,Ford,Coupe
2315,Ford Coupe 1941,Ford,Coupe
2316,Ford Coupe 1946,Ford,Coupe
2317,Ford Coupe 1947,Ford,Coupe
2318,Ford Coupe 1950,Ford,Coupe
2319,Ford Courier 1981,Ford,Courier
2320,Ford Courier 2009,Ford,Courier
2321,Ford Crown Victoria 1985,Ford,Crown Victoria
2322,Ford Crown Victoria 1986,Ford,Crown Victoria
2323,Ford Crown Victoria 1991,Ford,Crown Victoria
2324,Ford Crown Victoria 1992,Ford,Crown Victoria
2325,Ford Crown Victoria 1993,Ford,Crown Victoria
2326,Ford Crown Victoria 1994,Ford,Crown Victoria
2327,Ford Crown Victoria 1995,Ford,Crown Victoria
2328,Ford Crown Victoria 1996,Ford,Crown Victoria
2329,Ford Crown Victoria 1997,Ford,Crown Victoria
2330,Ford Crown Victoria 1998,Ford,Crown Victoria
2331,Ford Crown Victoria 1999,Ford,Crown Victoria
2332,Ford Crown Victoria 2000,Ford,Crown Victoria
2333,Ford Crown Victoria 2001,Ford,Crown Victoria
2334,Ford Crown Victoria 2002,Ford,Crown Victoria
2335,Ford Crown Victoria 2003,Ford,Crown Victoria
2336,Ford Crown Victoria 2004,Ford,Crown Victoria
2337,Ford Crown Victoria 2005,Ford,Crown Victoria
2338,Ford Crown Victoria 2006,Ford,Crown Victoria
2339,Ford Crown Victoria 2007,Ford,Crown Victoria
2340,Ford Crown Victoria 2008,Ford,Crown Victoria
2341,Ford Crown Victoria 2009,Ford,Crown Victoria
2342,Ford Crown Victoria 2010,Ford,Crown Victoria
2343,Ford Crown Victoria 2011,Ford,Crown Victoria
2344,Ford Deluxe 1940,Ford,Deluxe
2345,Ford E150 1992,Ford,E150
2346,Ford E150 1994,Ford,E150
2347,Ford E150 1997,Ford,E150
2348,Ford E150 1998,Ford,E150
2349,Ford E150 1999,Ford,E150
2350,Ford E150 2000,Ford,E150
2351,Ford E150 2001,Ford,E150
2352,Ford E150 2002,Ford,E150
2353,Ford E150 2004,Ford,E150
2354,Ford E150 2006,Ford,E150
2355,Ford E150 2010,Ford,E150
2356,Ford E250 1989,Ford,E250
2357,Ford E250 1992,Ford,E250
2358,Ford E250 1997,Ford,E250
2359,Ford E250 1999,Ford,E250
2360,Ford E250 2000,Ford,E250
2361,Ford E250 2001,Ford,E250
2362,Ford E250 2003,Ford,E250
2363,Ford E250 2004,Ford,E250
2364,Ford E250 2005,Ford,E250
2365,Ford E250 2006,Ford,E250
2366,Ford E250 2007,Ford,E250
2367,Ford E250 2008,Ford,E250
2368,Ford E250 2009,Ford,E250
2369,Ford E250 2010,Ford,E250
2370,Ford E250 2011,Ford,E250
2371,Ford E250 2013,Ford,E250
2372,Ford E350 1985,Ford,E350
2373,Ford E350 1989,Ford,E350
2374,Ford E350 1993,Ford,E350
2375,Ford E350 1994,Ford,E350
2376,Ford E350 1995,Ford,E350
2377,Ford E350 1997,Ford,E350
2378,Ford E350 1998,Ford,E350
2379,Ford E350 1999,Ford,E350
2380,Ford E350 2000,Ford,E350
2381,Ford E350 2001,Ford,E350
2382,Ford E350 2002,Ford,E350
2383,Ford E350 2003,Ford,E350
2384,Ford E350 2004,Ford,E350
2385,Ford E350 2005,Ford,E350
2386,Ford E350 2006,Ford,E350
2387,Ford E350 2007,Ford,E350
2388,Ford E350 2008,Ford,E350
2389,Ford E350 2009,Ford,E350
2390,Ford E350 2010,Ford,E350
2391,Ford E350 2011,Ford,E350
2392,Ford E450 1998,Ford,E450
2393,Ford E450 1999,Ford,E450
2394,Ford E450 2001,Ford,E450
2395,Ford E450 2002,Ford,E450
2396,Ford E450 2003,Ford,E450
2397,Ford E450 2004,Ford,E450
2398,Ford E450 2006,Ford,E450
2399,Ford Edge 2005,Ford,Edge
2400,Ford Edge 2007,Ford,Edge
2401,Ford Edge 2008,Ford,Edge
2402,Ford Edge 2009,Ford,Edge
2403,Ford Edge 2010,Ford,Edge
2404,Ford Edge 2011,Ford,Edge
2405,Ford Edge 2012,Ford,Edge
2406,Ford Edge 2013,Ford,Edge
2407,Ford Edge 2014,Ford,Edge
2408,Ford Edge 2015,Ford,Edge
2409,Ford Escape 2001,Ford,Escape
2410,Ford Escape 2002,Ford,Escape
2411,Ford Escape 2003,Ford,Escape
2412,Ford Escape 2004,Ford,Escape
2413,Ford Escape 2005,Ford,Escape
2414,Ford Escape 2006,Ford,Escape
2415,Ford Escape 2007,Ford,Escape
2416,Ford Escape 2008,Ford,Escape
2417,Ford Escape 2009,Ford,Escape
2418,Ford Escape 2010,Ford,Escape
2419,Ford Escape 2011,Ford,Escape
2420,Ford Escape 2012,Ford,Escape
2421,Ford Escape 2013,Ford,Escape
2422,Ford Escape 2014,Ford,Escape
2423,Ford Escape 2015,Ford,Escape
2424,Ford Escape 2016,Ford,Escape
2425,Ford Escort 1987,Ford,Escort
2426,Ford Escort 1991,Ford,Escort
2427,Ford Escort 1993,Ford,Escort
2428,Ford Escort 1995,Ford,Escort
2429,Ford Escort 1996,Ford,Escort
2430,Ford Escort 1997,Ford,Escort
2431,Ford Escort 1998,Ford,Escort
2432,Ford Escort 1999,Ford,Escort
2433,Ford Escort 2000,Ford,Escort
2434,Ford Escort 2001,Ford,Escort
2435,Ford Escort 2002,Ford,Escort
2436,Ford Escort 2003,Ford,Escort
2437,Ford Escort Wagon 1992,Ford,Escort Wagon
2438,Ford Escort Wagon 1993,Ford,Escort Wagon
2439,Ford Escort Wagon 1995,Ford,Escort Wagon
2440,Ford Escort Wagon 1996,Ford,Escort Wagon
2441,Ford Escort Wagon 1997,Ford,Escort Wagon
2442,Ford Excursion 2000,Ford,Excursion
2443,Ford Excursion 2001,Ford,Excursion
2444,Ford Excursion 2002,Ford,Excursion
2445,Ford Excursion 2003,Ford,Excursion
2446,Ford Excursion 2004,Ford,Excursion
2447,Ford Excursion 2005,Ford,Excursion
2448,Ford Expedition 1997,Ford,Expedition
2449,Ford Expedition 1998,Ford,Expedition
2450,Ford Expedition 1999,Ford,Expedition
2451,Ford Expedition 2000,Ford,Expedition
2452,Ford Expedition 2001,Ford,Expedition
2453,Ford Expedition 2002,Ford,Expedition
2454,Ford Expedition 2003,Ford,Expedition
2455,Ford Expedition 2004,Ford,Expedition
2456,Ford Expedition 2005,Ford,Expedition
2457,Ford Expedition 2006,Ford,Expedition
2458,Ford Expedition 2007,Ford,Expedition
2459,Ford Expedition 2008,Ford,Expedition
2460,Ford Expedition 2009,Ford,Expedition
2461,Ford Expedition 2010,Ford,Expedition
2462,Ford Expedition 2011,Ford,Expedition
2463,Ford Expedition 2012,Ford,Expedition
2464,Ford Expedition 2013,Ford,Expedition
2465,Ford Explorer 1991,Ford,Explorer
2466,Ford Explorer 1992,Ford,Explorer
2467,Ford Explorer 1993,Ford,Explorer
2468,Ford Explorer 1994,Ford,Explorer
2469,Ford Explorer 1995,Ford,Explorer
2470,Ford Explorer 1996,Ford,Explorer
2471,Ford Explorer 1997,Ford,Explorer
2472,Ford Explorer 1998,Ford,Explorer
2473,Ford Explorer 1999,Ford,Explorer
2474,Ford Explorer 2000,Ford,Explorer
2475,Ford Explorer 2001,Ford,Explorer
2476,Ford Explorer 2002,Ford,Explorer
2477,Ford Explorer 2003,Ford,Explorer
2478,Ford Explorer 2004,Ford,Explorer
2479,Ford Explorer 2005,Ford,Explorer
2480,Ford Explorer 2006,Ford,Explorer
2481,Ford Explorer 2007,Ford,Explorer
2482,Ford Explorer 2008,Ford,Explorer
2483,Ford Explorer 2009,Ford,Explorer
2484,Ford Explorer 2010,Ford,Explorer
2485,Ford Explorer 2011,Ford,Explorer
2486,Ford Explorer 2012,Ford,Explorer
2487,Ford Explorer 2013,Ford,Explorer
2488,Ford Explorer 2014,Ford,Explorer
2489,Ford Explorer 2015,Ford,Explorer
2490,Ford F100 1948,Ford,F100
2491,Ford F100 1953,Ford,F100
2492,Ford F100 1954,Ford,F100
2493,Ford F100 1955,Ford,F100
2494,Ford F100 1956,Ford,F100
2495,Ford F100 1957,Ford,F100
2496,Ford F100 1959,Ford,F100
2497,Ford F100 1960,Ford,F100
2498,Ford F100 1961,Ford,F100
2499,Ford F100 1962,Ford,F100
2500,Ford F100 1963,Ford,F100
2501,Ford F100 1964,Ford,F100
2502,Ford F100 1965,Ford,F100
2503,Ford F100 1966,Ford,F100
2504,Ford F100 1967,Ford,F100
2505,Ford F100 1968,Ford,F100
2506,Ford F100 1969,Ford,F100
2507,Ford F100 1970,Ford,F100
2508,Ford F100 1971,Ford,F100
2509,Ford F100 1972,Ford,F100
2510,Ford F100 1973,Ford,F100
2511,Ford F100 1974,Ford,F100
2512,Ford F100 1975,Ford,F100
2513,Ford F100 1976,Ford,F100
2514,Ford F100 1977,Ford,F100
2515,Ford F100 1978,Ford,F100
2516,Ford F100 1979,Ford,F100
2517,Ford F100 1981,Ford,F100
2518,Ford F100 1982,Ford,F100
2519,Ford F150 1975,Ford,F150
2520,Ford F150 1976,Ford,F150
2521,Ford F150 1977,Ford,F150
2522,Ford F150 1978,Ford,F150
2523,Ford F150 1979,Ford,F150
2524,Ford F150 1981,Ford,F150
2525,Ford F150 1982,Ford,F150
2526,Ford F150 1983,Ford,F150
2527,Ford F150 1984,Ford,F150
2528,Ford F150 1985,Ford,F150
2529,Ford F150 1986,Ford,F150
2530,Ford F150 1987,Ford,F150
2531,Ford F150 1988,Ford,F150
2532,Ford F150 1989,Ford,F150
2533,Ford F150 1990,Ford,F150
2534,Ford F150 1991,Ford,F150
2535,Ford F150 1992,Ford,F150
2536,Ford F150 1993,Ford,F150
2537,Ford F150 1994,Ford,F150
2538,Ford F150 1995,Ford,F150
2539,Ford F150 1996,Ford,F150
2540,Ford F150 1997,Ford,F150
2541,Ford F150 1998,Ford,F150
2542,Ford F150 1999,Ford,F150
2543,Ford F150 2000,Ford,F150
2544,Ford F150 2001,Ford,F150
2545,Ford F150 2002,Ford,F150
2546,Ford F150 2003,Ford,F150
2547,Ford F150 2004,Ford,F150
2548,Ford F150 2005,Ford,F150
2549,Ford F150 2006,Ford,F150
2550,Ford F150 2007,Ford,F150
2551,Ford F150 2008,Ford,F150
2552,Ford F150 2009,Ford,F150
2553,Ford F150 2010,Ford,F150
2554,Ford F150 2011,Ford,F150
2555,Ford F150 2012,Ford,F150
2556,Ford F150 2013,Ford,F150
2557,Ford F150 2014,Ford,F150
2558,Ford F150 2015,Ford,F150
2559,Ford F150 2016,Ford,F150
2560,Ford F250 1955,Ford,F250
2561,Ford F250 1964,Ford,F250
2562,Ford F250 1966,Ford,F250
2563,Ford F250 1967,Ford,F250
2564,Ford F250 1968,Ford,F250
2565,Ford F250 1969,Ford,F250
2566,Ford F250 1970,Ford,F250
2567,Ford F250 1971,Ford,F250
2568,Ford F250 1972,Ford,F250
2569,Ford F250 1973,Ford,F250
2570,Ford F250 1975,Ford,F250
2571,Ford F250 1976,Ford,F250
2572,Ford F250 1977,Ford,F250
2573,Ford F250 1978,Ford,F250
2574,Ford F250 1979,Ford,F250
2575,Ford F250 1983,Ford,F250
2576,Ford F250 1984,Ford,F250
2577,Ford F250 1985,Ford,F250
2578,Ford F250 1986,Ford,F250
2579,Ford F250 1987,Ford,F250
2580,Ford F250 1988,Ford,F250
2581,Ford F250 1989,Ford,F250
2582,Ford F250 1990,Ford,F250
2583,Ford F250 1991,Ford,F250
2584,Ford F250 1992,Ford,F250
2585,Ford F250 1993,Ford,F250
2586,Ford F250 1994,Ford,F250
2587,Ford F250 1995,Ford,F250
2588,Ford F250 1996,Ford,F250
2589,Ford F250 1997,Ford,F250
2590,Ford F250 1998,Ford,F250
2591,Ford F250 1999,Ford,F250
2592,Ford F250 2000,Ford,F250
2593,Ford F250 2001,Ford,F250
2594,Ford F250 2002,Ford,F250
2595,Ford F250 2003,Ford,F250
2596,Ford F250 2004,Ford,F250
2597,Ford F250 2005,Ford,F250
2598,Ford F250 2006,Ford,F250
2599,Ford F250 2007,Ford,F250
2600,Ford F250 2008,Ford,F250
2601,Ford F250 2009,Ford,F250
2602,Ford F250 2010,Ford,F250
2603,Ford F250 2011,Ford,F250
2604,Ford F250 2012,Ford,F250
2605,Ford F250 2013,Ford,F250
2606,Ford F250 2014,Ford,F250
2607,Ford F250 2015,Ford,F250
2608,Ford F250 2016,Ford,F250
2609,Ford F350 1970,Ford,F350
2610,Ford F350 1972,Ford,F350
2611,Ford F350 1973,Ford,F350
2612,Ford F350 1976,Ford,F350
2613,Ford F350 1977,Ford,F350
2614,Ford F350 1980,Ford,F350
2615,Ford F350 1981,Ford,F350
2616,Ford F350 1985,Ford,F350
2617,Ford F350 1986,Ford,F350
2618,Ford F350 1988,Ford,F350
2619,Ford F350 1989,Ford,F350
2620,Ford F350 1990,Ford,F350
2621,Ford F350 1991,Ford,F350
2622,Ford F350 1992,Ford,F350
2623,Ford F350 1993,Ford,F350
2624,Ford F350 1994,Ford,F350
2625,Ford F350 1995,Ford,F350
2626,Ford F350 1996,Ford,F350
2627,Ford F350 1997,Ford,F350
2628,Ford F350 1998,Ford,F350
2629,Ford F350 1999,Ford,F350
2630,Ford F350 2000,Ford,F350
2631,Ford F350 2001,Ford,F350
2632,Ford F350 2002,Ford,F350
2633,Ford F350 2003,Ford,F350
2634,Ford F350 2004,Ford,F350
2635,Ford F350 2005,Ford,F350
2636,Ford F350 2006,Ford,F350
2637,Ford F350 2007,Ford,F350
2638,Ford F350 2008,Ford,F350
2639,Ford F350 2009,Ford,F350
2640,Ford F350 2010,Ford,F350
2641,Ford F350 2011,Ford,F350
2642,Ford F350 2012,Ford,F350
2643,Ford F350 2013,Ford,F350
2644,Ford F350 2014,Ford,F350
2645,Ford F350 2015,Ford,F350
2646,Ford F350 2016,Ford,F350
2647,Ford F450 1989,Ford,F450
2648,Ford F450 1995,Ford,F450
2649,Ford F450 1999,Ford,F450
2650,Ford F450 2000,Ford,F450
2651,Ford F450 2003,Ford,F450
2652,Ford F450 2004,Ford,F450
2653,Ford F450 2005,Ford,F450
2654,Ford F450 2006,Ford,F450
2655,Ford F450 2007,Ford,F450
2656,Ford F450 2008,Ford,F450
2657,Ford F450 2009,Ford,F450
2658,Ford F450 2012,Ford,F450
2659,Ford Fairlane 1957,Ford,Fairlane
2660,Ford Fairlane 1958,Ford,Fairlane
2661,Ford Fairlane 1959,Ford,Fairlane
2662,Ford Fairlane 1962,Ford,Fairlane
2663,Ford Fairlane 1964,Ford,Fairlane
2664,Ford Fairlane 1966,Ford,Fairlane
2665,Ford Fairlane 1968,Ford,Fairlane
2666,Ford Fairlane 1969,Ford,Fairlane
2667,Ford Fairlane 1970,Ford,Fairlane
2668,Ford Fairlane 1979,Ford,Fairlane
2669,Ford Falcon 1960,Ford,Falcon
2670,Ford Falcon 1961,Ford,Falcon
2671,Ford Falcon 1962,Ford,Falcon
2672,Ford Falcon 1963,Ford,Falcon
2673,Ford Falcon 1965,Ford,Falcon
2674,Ford Falcon 1966,Ford,Falcon
2675,Ford Festiva 1988,Ford,Festiva
2676,Ford Festiva 1990,Ford,Festiva
2677,Ford Festiva 1993,Ford,Festiva
2678,Ford Fiesta 2011,Ford,Fiesta
2679,Ford Fiesta 2012,Ford,Fiesta
2680,Ford Fiesta 2013,Ford,Fiesta
2681,Ford Fiesta 2014,Ford,Fiesta
2682,Ford Fiesta 2015,Ford,Fiesta
2683,Ford Fiesta 2016,Ford,Fiesta
2684,Ford Five Hundred 2005,Ford,Five Hundred
2685,Ford Five Hundred 2006,Ford,Five Hundred
2686,Ford Five Hundred 2007,Ford,Five Hundred
2687,Ford Flex 2009,Ford,Flex
2688,Ford Flex 2010,Ford,Flex
2689,Ford Flex 2011,Ford,Flex
2690,Ford Flex 2012,Ford,Flex
2691,Ford Flex 2013,Ford,Flex
2692,Ford Flex 2014,Ford,Flex
2693,Ford Focus 2000,Ford,Focus
2694,Ford Focus 2001,Ford,Focus
2695,Ford Focus 2002,Ford,Focus
2696,Ford Focus 2003,Ford,Focus
2697,Ford Focus 2004,Ford,Focus
2698,Ford Focus 2005,Ford,Focus
2699,Ford Focus 2006,Ford,Focus
2700,Ford Focus 2007,Ford,Focus
2701,Ford Focus 2008,Ford,Focus
2702,Ford Focus 2009,Ford,Focus
2703,Ford Focus 2010,Ford,Focus
2704,Ford Focus 2011,Ford,Focus
2705,Ford Focus 2012,Ford,Focus
2706,Ford Focus 2013,Ford,Focus
2707,Ford Focus 2014,Ford,Focus
2708,Ford Focus 2015,Ford,Focus
2709,Ford Freestar 2004,Ford,Freestar
2710,Ford Freestar 2005,Ford,Freestar
2711,Ford Freestar 2006,Ford,Freestar
2712,Ford Freestar 2007,Ford,Freestar
2713,Ford Freestyle 2005,Ford,Freestyle
2714,Ford Freestyle 2006,Ford,Freestyle
2715,Ford Freestyle 2007,Ford,Freestyle
2716,Ford Fusion 2004,Ford,Fusion
2717,Ford Fusion 2006,Ford,Fusion
2718,Ford Fusion 2007,Ford,Fusion
2719,Ford Fusion 2008,Ford,Fusion
2720,Ford Fusion 2009,Ford,Fusion
2721,Ford Fusion 2010,Ford,Fusion
2722,Ford Fusion 2011,Ford,Fusion
2723,Ford Fusion 2012,Ford,Fusion
2724,Ford Fusion 2013,Ford,Fusion
2725,Ford Fusion 2014,Ford,Fusion
2726,Ford Fusion 2015,Ford,Fusion
2727,Ford Galaxie 1960,Ford,Galaxie
2728,Ford Galaxie 1962,Ford,Galaxie
2729,Ford Galaxie 1963,Ford,Galaxie
2730,Ford Galaxie 1964,Ford,Galaxie
2731,Ford Galaxie 1965,Ford,Galaxie
2732,Ford Galaxie 1966,Ford,Galaxie
2733,Ford Galaxie 1967,Ford,Galaxie
2734,Ford Galaxie 1968,Ford,Galaxie
2735,Ford Galaxie 1969,Ford,Galaxie
2736,Ford Granada 1976,Ford,Granada
2737,Ford Grand Torino 1971,Ford,Grand Torino
2738,Ford Grand Torino 1973,Ford,Grand Torino
2739,Ford Grand Torino 1975,Ford,Grand Torino
2740,Ford Grand Torino 1976,Ford,Grand Torino
2741,Ford Lincoln 2006,Ford,Lincoln
2742,Ford Maverick 1970,Ford,Maverick
2743,Ford Maverick 1972,Ford,Maverick
2744,Ford Maverick 1973,Ford,Maverick
2745,Ford Maverick 1974,Ford,Maverick
2746,Ford Maverick 1975,Ford,Maverick
2747,Ford Maverick 1977,Ford,Maverick
2748,Ford Mustang 1964,Ford,Mustang
2749,Ford Mustang 1965,Ford,Mustang
2750,Ford Mustang 1966,Ford,Mustang
2751,Ford Mustang 1967,Ford,Mustang
2752,Ford Mustang 1968,Ford,Mustang
2753,Ford Mustang 1969,Ford,Mustang
2754,Ford Mustang 1970,Ford,Mustang
2755,Ford Mustang 1971,Ford,Mustang
2756,Ford Mustang 1972,Ford,Mustang
2757,Ford Mustang 1973,Ford,Mustang
2758,Ford Mustang 1974,Ford,Mustang
2759,Ford Mustang 1978,Ford,Mustang
2760,Ford Mustang 1979,Ford,Mustang
2761,Ford Mustang 1980,Ford,Mustang
2762,Ford Mustang 1981,Ford,Mustang
2763,Ford Mustang 1982,Ford,Mustang
2764,Ford Mustang 1983,Ford,Mustang
2765,Ford Mustang 1984,Ford,Mustang
2766,Ford Mustang 1985,Ford,Mustang
2767,Ford Mustang 1986,Ford,Mustang
2768,Ford Mustang 1987,Ford,Mustang
2769,Ford Mustang 1988,Ford,Mustang
2770,Ford Mustang 1989,Ford,Mustang
2771,Ford Mustang 1990,Ford,Mustang
2772,Ford Mustang 1991,Ford,Mustang
2773,Ford Mustang 1992,Ford,Mustang
2774,Ford Mustang 1993,Ford,Mustang
2775,Ford Mustang 1994,Ford,Mustang
2776,Ford Mustang 1995,Ford,Mustang
2777,Ford Mustang 1996,Ford,Mustang
2778,Ford Mustang 1997,Ford,Mustang
2779,Ford Mustang 1998,Ford,Mustang
2780,Ford Mustang 1999,Ford,Mustang
2781,Ford Mustang 2000,Ford,Mustang
2782,Ford Mustang 2001,Ford,Mustang
2783,Ford Mustang 2002,Ford,Mustang
2784,Ford Mustang 2003,Ford,Mustang
2785,Ford Mustang 2004,Ford,Mustang
2786,Ford Mustang 2005,Ford,Mustang
2787,Ford Mustang 2006,Ford,Mustang
2788,Ford Mustang 2007,Ford,Mustang
2789,Ford Mustang 2008,Ford,Mustang
2790,Ford Mustang 2009,Ford,Mustang
2791,Ford Mustang 2010,Ford,Mustang
2792,Ford Mustang 2011,Ford,Mustang
2793,Ford Mustang 2012,Ford,Mustang
2794,Ford Mustang 2013,Ford,Mustang
2795,Ford Mustang 2014,Ford,Mustang
2796,Ford Mustang 2015,Ford,Mustang
2797,Ford Mustang 2016,Ford,Mustang
2798,Ford Mustang Convertible 1965,Ford,Mustang Convertible
2799,Ford Mustang Convertible 1967,Ford,Mustang Convertible
2800,Ford Mustang Convertible 1970,Ford,Mustang Convertible
2801,Ford Mustang Convertible 1972,Ford,Mustang Convertible
2802,Ford Mustang Convertible 1983,Ford,Mustang Convertible
2803,Ford Mustang Convertible 1986,Ford,Mustang Convertible
2804,Ford Mustang Convertible 1989,Ford,Mustang Convertible
2805,Ford Mustang Convertible 1991,Ford,Mustang Convertible
2806,Ford Mustang Convertible 1993,Ford,Mustang Convertible
2807,Ford Mustang Convertible 1994,Ford,Mustang Convertible
2808,Ford Mustang Convertible 1995,Ford,Mustang Convertible
2809,Ford Mustang Convertible 1996,Ford,Mustang Convertible
2810,Ford Mustang Convertible 1997,Ford,Mustang Convertible
2811,Ford Mustang Convertible 1998,Ford,Mustang Convertible
2812,Ford Mustang Convertible 1999,Ford,Mustang Convertible
2813,Ford Mustang Convertible 2000,Ford,Mustang Convertible
2814,Ford Mustang Convertible 2001,Ford,Mustang Convertible
2815,Ford Mustang Convertible 2002,Ford,Mustang Convertible
2816,Ford Mustang Convertible 2003,Ford,Mustang Convertible
2817,Ford Mustang Convertible 2004,Ford,Mustang Convertible
2818,Ford Mustang Convertible 2005,Ford,Mustang Convertible
2819,Ford Mustang Convertible 2006,Ford,Mustang Convertible
2820,Ford Mustang Convertible 2007,Ford,Mustang Convertible
2821,Ford Mustang Convertible 2009,Ford,Mustang Convertible
2822,Ford Mustang Convertible 2010,Ford,Mustang Convertible
2823,Ford Mustang Convertible 2012,Ford,Mustang Convertible
2824,Ford Mustang Convertible 2013,Ford,Mustang Convertible
2825,Ford Mustang Convertible 2014,Ford,Mustang Convertible
2826,Ford Mustang Gt 1985,Ford,Mustang Gt
2827,Ford Mustang Gt 1989,Ford,Mustang Gt
2828,Ford Mustang Gt 1992,Ford,Mustang Gt
2829,Ford Mustang Gt 1993,Ford,Mustang Gt
2830,Ford Mustang Gt 1994,Ford,Mustang Gt
2831,Ford Mustang Gt 1995,Ford,Mustang Gt
2832,Ford Mustang Gt 1996,Ford,Mustang Gt
2833,Ford Mustang Gt 1998,Ford,Mustang Gt
2834,Ford Mustang Gt 1999,Ford,Mustang Gt
2835,Ford Mustang Gt 2000,Ford,Mustang Gt
2836,Ford Mustang Gt 2001,Ford,Mustang Gt
2837,Ford Mustang Gt 2002,Ford,Mustang Gt
2838,Ford Mustang Gt 2003,Ford,Mustang Gt
2839,Ford Mustang Gt 2004,Ford,Mustang Gt
2840,Ford Mustang Gt 2005,Ford,Mustang Gt
2841,Ford Mustang Gt 2006,Ford,Mustang Gt
2842,Ford Mustang Gt 2007,Ford,Mustang Gt
2843,Ford Mustang Gt 2008,Ford,Mustang Gt
2844,Ford Mustang Gt 2011,Ford,Mustang Gt
2845,Ford Mustang Gt 2012,Ford,Mustang Gt
2846,Ford Mustang Gt 2014,Ford,Mustang Gt
2847,Ford Mustang Gt 2015,Ford,Mustang Gt
2848,Ford Mustang Gt Convertible 1989,Ford,Mustang Gt Convertible
2849,Ford Mustang Gt Convertible 1994,Ford,Mustang Gt Convertible
2850,Ford Mustang Gt Convertible 1995,Ford,Mustang Gt Convertible
2851,Ford Mustang Gt Convertible 1998,Ford,Mustang Gt Convertible
2852,Ford Mustang Gt Convertible 2003,Ford,Mustang Gt Convertible
2853,Ford Mustang Gt Convertible 2004,Ford,Mustang Gt Convertible
2854,Ford Mustang Gt Convertible 2005,Ford,Mustang Gt Convertible
2855,Ford Mustang Gt Convertible 2007,Ford,Mustang Gt Convertible
2856,Ford Mustang Mach 1970,Ford,Mustang Mach
2857,Ford Mustang Mach 1972,Ford,Mustang Mach
2858,Ford Mustang Mach 1973,Ford,Mustang Mach
2859,Ford Mustang Mach 2003,Ford,Mustang Mach
2860,Ford Pinto 1979,Ford,Pinto
2861,Ford Powerstroke 1996,Ford,Powerstroke
2862,Ford Powerstroke 2003,Ford,Powerstroke
2863,Ford Probe 1990,Ford,Probe
2864,Ford Probe 1993,Ford,Probe
2865,Ford Probe 1994,Ford,Probe
2866,Ford Probe 1997,Ford,Probe
2867,Ford Ranchero 1957,Ford,Ranchero
2868,Ford Ranchero 1962,Ford,Ranchero
2869,Ford Ranchero 1965,Ford,Ranchero
2870,Ford Ranchero 1971,Ford,Ranchero
2871,Ford Ranchero 1973,Ford,Ranchero
2872,Ford Ranchero 1976,Ford,Ranchero
2873,Ford Ranchero 1977,Ford,Ranchero
2874,Ford Ranchero 1978,Ford,Ranchero
2875,Ford Ranger 1969,Ford,Ranger
2876,Ford Ranger 1977,Ford,Ranger
2877,Ford Ranger 1983,Ford,Ranger
2878,Ford Ranger 1984,Ford,Ranger
2879,Ford Ranger 1985,Ford,Ranger
2880,Ford Ranger 1986,Ford,Ranger
2881,Ford Ranger 1987,Ford,Ranger
2882,Ford Ranger 1988,Ford,Ranger
2883,Ford Ranger 1989,Ford,Ranger
2884,Ford Ranger 1990,Ford,Ranger
2885,Ford Ranger 1991,Ford,Ranger
2886,Ford Ranger 1992,Ford,Ranger
2887,Ford Ranger 1993,Ford,Ranger
2888,Ford Ranger 1994,Ford,Ranger
2889,Ford Ranger 1995,Ford,Ranger
2890,Ford Ranger 1996,Ford,Ranger
2891,Ford Ranger 1997,Ford,Ranger
2892,Ford Ranger 1998,Ford,Ranger
2893,Ford Ranger 1999,Ford,Ranger
2894,Ford Ranger 2000,Ford,Ranger
2895,Ford Ranger 2001,Ford,Ranger
2896,Ford Ranger 2002,Ford,Ranger
2897,Ford Ranger 2003,Ford,Ranger
2898,Ford Ranger 2004,Ford,Ranger
2899,Ford Ranger 2005,Ford,Ranger
2900,Ford Ranger 2006,Ford,Ranger
2901,Ford Ranger 2007,Ford,Ranger
2902,Ford Ranger 2008,Ford,Ranger
2903,Ford Ranger 2009,Ford,Ranger
2904,Ford Ranger 2010,Ford,Ranger
2905,Ford Ranger 2011,Ford,Ranger
2906,Ford Rat Rod 1926,Ford,Rat Rod
2907,Ford Roadster 1923,Ford,Roadster
2908,Ford Roadster 1928,Ford,Roadster
2909,Ford Roadster 1930,Ford,Roadster
2910,Ford Roadster 1932,Ford,Roadster
2911,Ford Roadster 1935,Ford,Roadster
2912,Ford Super Deluxe 1942,Ford,Super Deluxe
2913,Ford Super Deluxe 1947,Ford,Super Deluxe
2914,Ford Super Deluxe 1948,Ford,Super Deluxe
2915,Ford Super Duty 2003,Ford,Super Duty
2916,Ford T 1913,Ford,T
2917,Ford T 1926,Ford,T
2918,Ford T 1927,Ford,T
2919,Ford Taurus 1990,Ford,Taurus
2920,Ford Taurus 1992,Ford,Taurus
2921,Ford Taurus 1993,Ford,Taurus
2922,Ford Taurus 1994,Ford,Taurus
2923,Ford Taurus 1995,Ford,Taurus
2924,Ford Taurus 1996,Ford,Taurus
2925,Ford Taurus 1997,Ford,Taurus
2926,Ford Taurus 1998,Ford,Taurus
2927,Ford Taurus 1999,Ford,Taurus
2928,Ford Taurus 2000,Ford,Taurus
2929,Ford Taurus 2001,Ford,Taurus
2930,Ford Taurus 2002,Ford,Taurus
2931,Ford Taurus 2003,Ford,Taurus
2932,Ford Taurus 2004,Ford,Taurus
2933,Ford Taurus 2005,Ford,Taurus
2934,Ford Taurus 2006,Ford,Taurus
2935,Ford Taurus 2007,Ford,Taurus
2936,Ford Taurus 2008,Ford,Taurus
2937,Ford Taurus 2009,Ford,Taurus
2938,Ford Taurus 2010,Ford,Taurus
2939,Ford Taurus 2011,Ford,Taurus
2940,Ford Taurus 2012,Ford,Taurus
2941,Ford Taurus 2013,Ford,Taurus
2942,Ford Taurus 2014,Ford,Taurus
2943,Ford Taurus 2015,Ford,Taurus
2944,Ford Taurus Wagon 1996,Ford,Taurus Wagon
2945,Ford Taurus Wagon 1999,Ford,Taurus Wagon
2946,Ford Taurus Wagon 2002,Ford,Taurus Wagon
2947,Ford Taurus Wagon 2004,Ford,Taurus Wagon
2948,Ford Taurus Wagon 2005,Ford,Taurus Wagon
2949,Ford Tempo 1988,Ford,Tempo
2950,Ford Thunderbird 1955,Ford,Thunderbird
2951,Ford Thunderbird 1956,Ford,Thunderbird
2952,Ford Thunderbird 1957,Ford,Thunderbird
2953,Ford Thunderbird 1959,Ford,Thunderbird
2954,Ford Thunderbird 1960,Ford,Thunderbird
2955,Ford Thunderbird 1962,Ford,Thunderbird
2956,Ford Thunderbird 1963,Ford,Thunderbird
2957,Ford Thunderbird 1964,Ford,Thunderbird
2958,Ford Thunderbird 1965,Ford,Thunderbird
2959,Ford Thunderbird 1966,Ford,Thunderbird
2960,Ford Thunderbird 1967,Ford,Thunderbird
2961,Ford Thunderbird 1968,Ford,Thunderbird
2962,Ford Thunderbird 1969,Ford,Thunderbird
2963,Ford Thunderbird 1971,Ford,Thunderbird
2964,Ford Thunderbird 1975,Ford,Thunderbird
2965,Ford Thunderbird 1976,Ford,Thunderbird
2966,Ford Thunderbird 1977,Ford,Thunderbird
2967,Ford Thunderbird 1979,Ford,Thunderbird
2968,Ford Thunderbird 1985,Ford,Thunderbird
2969,Ford Thunderbird 1987,Ford,Thunderbird
2970,Ford Thunderbird 1988,Ford,Thunderbird
2971,Ford Thunderbird 1989,Ford,Thunderbird
2972,Ford Thunderbird 1990,Ford,Thunderbird
2973,Ford Thunderbird 1991,Ford,Thunderbird
2974,Ford Thunderbird 1992,Ford,Thunderbird
2975,Ford Thunderbird 1993,Ford,Thunderbird
2976,Ford Thunderbird 1994,Ford,Thunderbird
2977,Ford Thunderbird 1995,Ford,Thunderbird
2978,Ford Thunderbird 1996,Ford,Thunderbird
2979,Ford Thunderbird 1997,Ford,Thunderbird
2980,Ford Thunderbird 1999,Ford,Thunderbird
2981,Ford Thunderbird 2002,Ford,Thunderbird
2982,Ford Thunderbird 2003,Ford,Thunderbird
2983,Ford Thunderbird 2004,Ford,Thunderbird
2984,Ford Thunderbird 2005,Ford,Thunderbird
2985,Ford Transit 2011,Ford,Transit
2986,Ford Transit 2012,Ford,Transit
2987,Ford Transit 2013,Ford,Transit
2988,Ford Transit 2015,Ford,Transit
2989,Ford Transit 2016,Ford,Transit
2990,Ford Windstar 1995,Ford,Windstar
2991,Ford Windstar 1996,Ford,Windstar
2992,Ford Windstar 1997,Ford,Windstar
2993,Ford Windstar 1998,Ford,Windstar
2994,Ford Windstar 1999,Ford,Windstar
2995,Ford Windstar 2000,Ford,Windstar
2996,Ford Windstar 2001,Ford,Windstar
2997,Ford Windstar 2002,Ford,Windstar
2998,Ford Windstar 2003,Ford,Windstar
2999,Ford Windstar 2004,Ford,Windstar
3000,Ford Windstar 2005,Ford,Windstar
3001,Ford Woody 1936,Ford,Woody
3002,Gmc Acadia 2007,Gmc,Acadia
3003,Gmc Acadia 2008,Gmc,Acadia
3004,Gmc Acadia 2009,Gmc,Acadia
3005,Gmc Acadia 2010,Gmc,Acadia
3006,Gmc Acadia 2011,Gmc,Acadia
3007,Gmc Acadia 2012,Gmc,Acadia
3008,Gmc Acadia 2015,Gmc,Acadia
3009,Gmc C1000 1961,Gmc,C1000
3010,Gmc C1500 1988,Gmc,C1500
3011,Gmc C1500 1997,Gmc,C1500
3012,Gmc C2500 1984,Gmc,C2500
3013,Gmc C4500 2003,Gmc,C4500
3014,Gmc C5500 2005,Gmc,C5500
3015,Gmc C7500 1997,Gmc,C7500
3016,Gmc C7500 2007,Gmc,C7500
3017,Gmc Caballero 1978,Gmc,Caballero
3018,Gmc Caballero 1986,Gmc,Caballero
3019,Gmc Canyon 2004,Gmc,Canyon
3020,Gmc Canyon 2005,Gmc,Canyon
3021,Gmc Canyon 2006,Gmc,Canyon
3022,Gmc Canyon 2007,Gmc,Canyon
3023,Gmc Canyon 2008,Gmc,Canyon
3024,Gmc Canyon 2010,Gmc,Canyon
3025,Gmc Denali 2000,Gmc,Denali
3026,Gmc Denali 2001,Gmc,Denali
3027,Gmc Denali 2002,Gmc,Denali
3028,Gmc Denali 2003,Gmc,Denali
3029,Gmc Denali 2004,Gmc,Denali
3030,Gmc Denali 2005,Gmc,Denali
3031,Gmc Denali 2006,Gmc,Denali
3032,Gmc Denali 2007,Gmc,Denali
3033,Gmc Denali 2011,Gmc,Denali
3034,Gmc Denali 2012,Gmc,Denali
3035,Gmc Denali 2015,Gmc,Denali
3036,Gmc Denali 2016,Gmc,Denali
3037,Gmc Envoy 1998,Gmc,Envoy
3038,Gmc Envoy 1999,Gmc,Envoy
3039,Gmc Envoy 2000,Gmc,Envoy
3040,Gmc Envoy 2002,Gmc,Envoy
3041,Gmc Envoy 2003,Gmc,Envoy
3042,Gmc Envoy 2004,Gmc,Envoy
3043,Gmc Envoy 2005,Gmc,Envoy
3044,Gmc Envoy 2006,Gmc,Envoy
3045,Gmc Envoy 2007,Gmc,Envoy
3046,Gmc Envoy 2008,Gmc,Envoy
3047,Gmc Envoy 2009,Gmc,Envoy
3048,Gmc Envoy 2014,Gmc,Envoy
3049,Gmc Jimmy 1979,Gmc,Jimmy
3050,Gmc Jimmy 1983,Gmc,Jimmy
3051,Gmc Jimmy 1984,Gmc,Jimmy
3052,Gmc Jimmy 1987,Gmc,Jimmy
3053,Gmc Jimmy 1988,Gmc,Jimmy
3054,Gmc Jimmy 1989,Gmc,Jimmy
3055,Gmc Jimmy 1990,Gmc,Jimmy
3056,Gmc Jimmy 1991,Gmc,Jimmy
3057,Gmc Jimmy 1992,Gmc,Jimmy
3058,Gmc Jimmy 1994,Gmc,Jimmy
3059,Gmc Jimmy 1995,Gmc,Jimmy
3060,Gmc Jimmy 1996,Gmc,Jimmy
3061,Gmc Jimmy 1998,Gmc,Jimmy
3062,Gmc Jimmy 1999,Gmc,Jimmy
3063,Gmc Jimmy 2000,Gmc,Jimmy
3064,Gmc Jimmy 2001,Gmc,Jimmy
3065,Gmc K1500 1989,Gmc,K1500
3066,Gmc K1500 1990,Gmc,K1500
3067,Gmc K1500 1996,Gmc,K1500
3068,Gmc K1500 1997,Gmc,K1500
3069,Gmc K1500 1999,Gmc,K1500
3070,Gmc K2500 1990,Gmc,K2500
3071,Gmc K3500 1994,Gmc,K3500
3072,Gmc K3500 1996,Gmc,K3500
3073,Gmc Safari 1993,Gmc,Safari
3074,Gmc Safari 1995,Gmc,Safari
3075,Gmc Safari 1996,Gmc,Safari
3076,Gmc Safari 1997,Gmc,Safari
3077,Gmc Safari 1998,Gmc,Safari
3078,Gmc Safari 1999,Gmc,Safari
3079,Gmc Safari 2000,Gmc,Safari
3080,Gmc Safari 2001,Gmc,Safari
3081,Gmc Safari 2002,Gmc,Safari
3082,Gmc Safari 2003,Gmc,Safari
3083,Gmc Safari 2004,Gmc,Safari
3084,Gmc Savana 1998,Gmc,Savana
3085,Gmc Savana 1999,Gmc,Savana
3086,Gmc Savana 2000,Gmc,Savana
3087,Gmc Savana 2001,Gmc,Savana
3088,Gmc Savana 2003,Gmc,Savana
3089,Gmc Savana 2004,Gmc,Savana
3090,Gmc Savana 2007,Gmc,Savana
3091,Gmc Savana 2008,Gmc,Savana
3092,Gmc Savana 2500 2003,Gmc,Savana 2500
3093,Gmc Savana 2500 2004,Gmc,Savana 2500
3094,Gmc Savana 2500 2005,Gmc,Savana 2500
3095,Gmc Savana 2500 2008,Gmc,Savana 2500
3096,Gmc Savana 3500 2005,Gmc,Savana 3500
3097,Gmc Savana 3500 2006,Gmc,Savana 3500
3098,Gmc Sierra 1500 1959,Gmc,Sierra 1500
3099,Gmc Sierra 1500 1966,Gmc,Sierra 1500
3100,Gmc Sierra 1500 1972,Gmc,Sierra 1500
3101,Gmc Sierra 1500 1978,Gmc,Sierra 1500
3102,Gmc Sierra 1500 1979,Gmc,Sierra 1500
3103,Gmc Sierra 1500 1985,Gmc,Sierra 1500
3104,Gmc Sierra 1500 1986,Gmc,Sierra 1500
3105,Gmc Sierra 1500 1987,Gmc,Sierra 1500
3106,Gmc Sierra 1500 1988,Gmc,Sierra 1500
3107,Gmc Sierra 1500 1989,Gmc,Sierra 1500
3108,Gmc Sierra 1500 1990,Gmc,Sierra 1500
3109,Gmc Sierra 1500 1991,Gmc,Sierra 1500
3110,Gmc Sierra 1500 1992,Gmc,Sierra 1500
3111,Gmc Sierra 1500 1993,Gmc,Sierra 1500
3112,Gmc Sierra 1500 1994,Gmc,Sierra 1500
3113,Gmc Sierra 1500 1995,Gmc,Sierra 1500
3114,Gmc Sierra 1500 1996,Gmc,Sierra 1500
3115,Gmc Sierra 1500 1997,Gmc,Sierra 1500
3116,Gmc Sierra 1500 1998,Gmc,Sierra 1500
3117,Gmc Sierra 1500 1999,Gmc,Sierra 1500
3118,Gmc Sierra 1500 2000,Gmc,Sierra 1500
3119,Gmc Sierra 1500 2001,Gmc,Sierra 1500
3120,Gmc Sierra 1500 2002,Gmc,Sierra 1500
3121,Gmc Sierra 1500 2003,Gmc,Sierra 1500
3122,Gmc Sierra 1500 2004,Gmc,Sierra 1500
3123,Gmc Sierra 1500 2005,Gmc,Sierra 1500
3124,Gmc Sierra 1500 2006,Gmc,Sierra 1500
3125,Gmc Sierra 1500 2007,Gmc,Sierra 1500
3126,Gmc Sierra 1500 2008,Gmc,Sierra 1500
3127,Gmc Sierra 1500 2009,Gmc,Sierra 1500
3128,Gmc Sierra 1500 2010,Gmc,Sierra 1500
3129,Gmc Sierra 1500 2011,Gmc,Sierra 1500
3130,Gmc Sierra 1500 2012,Gmc,Sierra 1500
3131,Gmc Sierra 1500 2013,Gmc,Sierra 1500
3132,Gmc Sierra 1500 2014,Gmc,Sierra 1500
3133,Gmc Sierra 2500 1988,Gmc,Sierra 2500
3134,Gmc Sierra 2500 1989,Gmc,Sierra 2500
3135,Gmc Sierra 2500 1991,Gmc,Sierra 2500
3136,Gmc Sierra 2500 1992,Gmc,Sierra 2500
3137,Gmc Sierra 2500 1995,Gmc,Sierra 2500
3138,Gmc Sierra 2500 1996,Gmc,Sierra 2500
3139,Gmc Sierra 2500 1997,Gmc,Sierra 2500
3140,Gmc Sierra 2500 1998,Gmc,Sierra 2500
3141,Gmc Sierra 2500 1999,Gmc,Sierra 2500
3142,Gmc Sierra 2500 2000,Gmc,Sierra 2500
3143,Gmc Sierra 2500 2002,Gmc,Sierra 2500
3144,Gmc Sierra 2500 2003,Gmc,Sierra 2500
3145,Gmc Sierra 2500 2004,Gmc,Sierra 2500
3146,Gmc Sierra 2500 2005,Gmc,Sierra 2500
3147,Gmc Sierra 2500 2006,Gmc,Sierra 2500
3148,Gmc Sierra 2500 2007,Gmc,Sierra 2500
3149,Gmc Sierra 2500 2008,Gmc,Sierra 2500
3150,Gmc Sierra 2500 2010,Gmc,Sierra 2500
3151,Gmc Sierra 2500 2011,Gmc,Sierra 2500
3152,Gmc Sierra 2500 2013,Gmc,Sierra 2500
3153,Gmc Sierra 2500 2014,Gmc,Sierra 2500
3154,Gmc Sierra 2500 2015,Gmc,Sierra 2500
3155,Gmc Sierra 3500 1973,Gmc,Sierra 3500
3156,Gmc Sierra 3500 1978,Gmc,Sierra 3500
3157,Gmc Sierra 3500 1984,Gmc,Sierra 3500
3158,Gmc Sierra 3500 1985,Gmc,Sierra 3500
3159,Gmc Sierra 3500 1991,Gmc,Sierra 3500
3160,Gmc Sierra 3500 1992,Gmc,Sierra 3500
3161,Gmc Sierra 3500 1993,Gmc,Sierra 3500
3162,Gmc Sierra 3500 1994,Gmc,Sierra 3500
3163,Gmc Sierra 3500 1995,Gmc,Sierra 3500
3164,Gmc Sierra 3500 1996,Gmc,Sierra 3500
3165,Gmc Sierra 3500 1998,Gmc,Sierra 3500
3166,Gmc Sierra 3500 1999,Gmc,Sierra 3500
3167,Gmc Sierra 3500 2000,Gmc,Sierra 3500
3168,Gmc Sierra 3500 2001,Gmc,Sierra 3500
3169,Gmc Sierra 3500 2002,Gmc,Sierra 3500
3170,Gmc Sierra 3500 2003,Gmc,Sierra 3500
3171,Gmc Sierra 3500 2004,Gmc,Sierra 3500
3172,Gmc Sierra 3500 2005,Gmc,Sierra 3500
3173,Gmc Sierra 3500 2006,Gmc,Sierra 3500
3174,Gmc Sierra 3500 2008,Gmc,Sierra 3500
3175,Gmc Sierra 3500 2011,Gmc,Sierra 3500
3176,Gmc Sierra 3500 2012,Gmc,Sierra 3500
3177,Gmc Sonoma 1991,Gmc,Sonoma
3178,Gmc Sonoma 1992,Gmc,Sonoma
3179,Gmc Sonoma 1993,Gmc,Sonoma
3180,Gmc Sonoma 1994,Gmc,Sonoma
3181,Gmc Sonoma 1995,Gmc,Sonoma
3182,Gmc Sonoma 1996,Gmc,Sonoma
3183,Gmc Sonoma 1997,Gmc,Sonoma
3184,Gmc Sonoma 1998,Gmc,Sonoma
3185,Gmc Sonoma 1999,Gmc,Sonoma
3186,Gmc Sonoma 2000,Gmc,Sonoma
3187,Gmc Sonoma 2001,Gmc,Sonoma
3188,Gmc Sonoma 2002,Gmc,Sonoma
3189,Gmc Sonoma 2003,Gmc,Sonoma
3190,Gmc Suburban 1500 1984,Gmc,Suburban 1500
3191,Gmc Suburban 1500 1988,Gmc,Suburban 1500
3192,Gmc Suburban 1500 1989,Gmc,Suburban 1500
3193,Gmc Suburban 1500 1990,Gmc,Suburban 1500
3194,Gmc Suburban 1500 1991,Gmc,Suburban 1500
3195,Gmc Suburban 1500 1992,Gmc,Suburban 1500
3196,Gmc Suburban 1500 1993,Gmc,Suburban 1500
3197,Gmc Suburban 1500 1994,Gmc,Suburban 1500
3198,Gmc Suburban 1500 1995,Gmc,Suburban 1500
3199,Gmc Suburban 1500 1996,Gmc,Suburban 1500
3200,Gmc Suburban 1500 1997,Gmc,Suburban 1500
3201,Gmc Suburban 1500 1998,Gmc,Suburban 1500
3202,Gmc Suburban 1500 1999,Gmc,Suburban 1500
3203,Gmc Suburban 2500 1992,Gmc,Suburban 2500
3204,Gmc Suburban 2500 1994,Gmc,Suburban 2500
3205,Gmc Suburban 2500 1996,Gmc,Suburban 2500
3206,Gmc Suburban 2500 1999,Gmc,Suburban 2500
3207,Gmc Terrain 2010,Gmc,Terrain
3208,Gmc Terrain 2011,Gmc,Terrain
3209,Gmc Terrain 2012,Gmc,Terrain
3210,Gmc Terrain 2013,Gmc,Terrain
3211,Gmc Terrain 2014,Gmc,Terrain
3212,Gmc Terrain 2015,Gmc,Terrain
3213,Gmc Topkick 1997,Gmc,Topkick
3214,Gmc Vandura 1991,Gmc,Vandura
3215,Gmc Yukon 1500 1992,Gmc,Yukon 1500
3216,Gmc Yukon 1500 1994,Gmc,Yukon 1500
3217,Gmc Yukon 1500 1995,Gmc,Yukon 1500
3218,Gmc Yukon 1500 1996,Gmc,Yukon 1500
3219,Gmc Yukon 1500 1997,Gmc,Yukon 1500
3220,Gmc Yukon 1500 1998,Gmc,Yukon 1500
3221,Gmc Yukon 1500 1999,Gmc,Yukon 1500
3222,Gmc Yukon 1500 2000,Gmc,Yukon 1500
3223,Gmc Yukon 1500 2001,Gmc,Yukon 1500
3224,Gmc Yukon 1500 2002,Gmc,Yukon 1500
3225,Gmc Yukon 1500 2003,Gmc,Yukon 1500
3226,Gmc Yukon 1500 2004,Gmc,Yukon 1500
3227,Gmc Yukon 1500 2005,Gmc,Yukon 1500
3228,Gmc Yukon 1500 2006,Gmc,Yukon 1500
3229,Gmc Yukon 1500 2007,Gmc,Yukon 1500
3230,Gmc Yukon 1500 2008,Gmc,Yukon 1500
3231,Gmc Yukon 1500 2009,Gmc,Yukon 1500
3232,Gmc Yukon 1500 2010,Gmc,Yukon 1500
3233,Gmc Yukon 1500 2011,Gmc,Yukon 1500
3234,Gmc Yukon 1500 2012,Gmc,Yukon 1500
3235,Gmc Yukon 1500 2013,Gmc,Yukon 1500
3236,Gmc Yukon 1500 2014,Gmc,Yukon 1500
3237,Gmc Yukon 1500 2015,Gmc,Yukon 1500
3238,Gmc Yukon 2500 2007,Gmc,Yukon 2500
3239,Gmc Yukon 2500 2008,Gmc,Yukon 2500
3240,Holden Commodore 2004,Holden,Commodore
3241,Holden Commodore 2013,Holden,Commodore
3242,Honda Accord 1980,Honda,Accord
3243,Honda Accord 1985,Honda,Accord
3244,Honda Accord 1987,Honda,Accord
3245,Honda Accord 1988,Honda,Accord
3246,Honda Accord 1989,Honda,Accord
3247,Honda Accord 1990,Honda,Accord
3248,Honda Accord 1991,Honda,Accord
3249,Honda Accord 1992,Honda,Accord
3250,Honda Accord 1993,Honda,Accord
3251,Honda Accord 1994,Honda,Accord
3252,Honda Accord 1995,Honda,Accord
3253,Honda Accord 1996,Honda,Accord
3254,Honda Accord 1997,Honda,Accord
3255,Honda Accord 1998,Honda,Accord
3256,Honda Accord 1999,Honda,Accord
3257,Honda Accord 2000,Honda,Accord
3258,Honda Accord 2001,Honda,Accord
3259,Honda Accord 2002,Honda,Accord
3260,Honda Accord 2003,Honda,Accord
3261,Honda Accord 2004,Honda,Accord
3262,Honda Accord 2005,Honda,Accord
3263,Honda Accord 2006,Honda,Accord
3264,Honda Accord 2007,Honda,Accord
3265,Honda Accord 2008,Honda,Accord
3266,Honda Accord 2009,Honda,Accord
3267,Honda Accord 2010,Honda,Accord
3268,Honda Accord 2011,Honda,Accord
3269,Honda Accord 2012,Honda,Accord
3270,Honda Accord 2013,Honda,Accord
3271,Honda Accord 2014,Honda,Accord
3272,Honda Accord 2015,Honda,Accord
3273,Honda Accord 2016,Honda,Accord
3274,Honda Accord 2 Door 1991,Honda,Accord 2 Door
3275,Honda Accord 2 Door 1995,Honda,Accord 2 Door
3276,Honda Accord 2 Door 1996,Honda,Accord 2 Door
3277,Honda Accord 2 Door 1998,Honda,Accord 2 Door
3278,Honda Accord 2 Door 1999,Honda,Accord 2 Door
3279,Honda Accord 2 Door 2000,Honda,Accord 2 Door
3280,Honda Accord 2 Door 2001,Honda,Accord 2 Door
3281,Honda Accord 2 Door 2002,Honda,Accord 2 Door
3282,Honda Accord 2 Door 2003,Honda,Accord 2 Door
3283,Honda Accord 2 Door 2004,Honda,Accord 2 Door
3284,Honda Accord 2 Door 2005,Honda,Accord 2 Door
3285,Honda Accord 2 Door 2006,Honda,Accord 2 Door
3286,Honda Accord 2 Door 2007,Honda,Accord 2 Door
3287,Honda Accord 2 Door 2008,Honda,Accord 2 Door
3288,Honda Accord 2 Door 2009,Honda,Accord 2 Door
3289,Honda Accord 2 Door 2010,Honda,Accord 2 Door
3290,Honda Accord 2 Door 2012,Honda,Accord 2 Door
3291,Honda Accord 2 Door 2016,Honda,Accord 2 Door
3292,Honda Accord Wagon 1994,Honda,Accord Wagon
3293,Honda Accord Wagon 1995,Honda,Accord Wagon
3294,Honda Accord Wagon 1997,Honda,Accord Wagon
3295,Honda Beat 1992,Honda,Beat
3296,Honda City 2004,Honda,City
3297,Honda Civic 1981,Honda,Civic
3298,Honda Civic 1984,Honda,Civic
3299,Honda Civic 1985,Honda,Civic
3300,Honda Civic 1986,Honda,Civic
3301,Honda Civic 1987,Honda,Civic
3302,Honda Civic 1988,Honda,Civic
3303,Honda Civic 1989,Honda,Civic
3304,Honda Civic 1990,Honda,Civic
3305,Honda Civic 1991,Honda,Civic
3306,Honda Civic 1992,Honda,Civic
3307,Honda Civic 1993,Honda,Civic
3308,Honda Civic 1994,Honda,Civic
3309,Honda Civic 1995,Honda,Civic
3310,Honda Civic 1996,Honda,Civic
3311,Honda Civic 1997,Honda,Civic
3312,Honda Civic 1998,Honda,Civic
3313,Honda Civic 1999,Honda,Civic
3314,Honda Civic 2000,Honda,Civic
3315,Honda Civic 2001,Honda,Civic
3316,Honda Civic 2002,Honda,Civic
3317,Honda Civic 2003,Honda,Civic
3318,Honda Civic 2004,Honda,Civic
3319,Honda Civic 2005,Honda,Civic
3320,Honda Civic 2006,Honda,Civic
3321,Honda Civic 2007,Honda,Civic
3322,Honda Civic 2008,Honda,Civic
3323,Honda Civic 2009,Honda,Civic
3324,Honda Civic 2010,Honda,Civic
3325,Honda Civic 2011,Honda,Civic
3326,Honda Civic 2012,Honda,Civic
3327,Honda Civic 2013,Honda,Civic
3328,Honda Civic 2014,Honda,Civic
3329,Honda Civic 2015,Honda,Civic
3330,Honda Civic 2016,Honda,Civic
3331,Honda Civic Coupe 1988,Honda,Civic Coupe
3332,Honda Civic Coupe 1990,Honda,Civic Coupe
3333,Honda Civic Coupe 1993,Honda,Civic Coupe
3334,Honda Civic Coupe 1994,Honda,Civic Coupe
3335,Honda Civic Coupe 1995,Honda,Civic Coupe
3336,Honda Civic Coupe 1996,Honda,Civic Coupe
3337,Honda Civic Coupe 1997,Honda,Civic Coupe
3338,Honda Civic Coupe 1998,Honda,Civic Coupe
3339,Honda Civic Coupe 1999,Honda,Civic Coupe
3340,Honda Civic Coupe 2000,Honda,Civic Coupe
3341,Honda Civic Coupe 2001,Honda,Civic Coupe
3342,Honda Civic Coupe 2002,Honda,Civic Coupe
3343,Honda Civic Coupe 2003,Honda,Civic Coupe
3344,Honda Civic Coupe 2004,Honda,Civic Coupe
3345,Honda Civic Coupe 2005,Honda,Civic Coupe
3346,Honda Civic Coupe 2006,Honda,Civic Coupe
3347,Honda Civic Coupe 2007,Honda,Civic Coupe
3348,Honda Civic Coupe 2008,Honda,Civic Coupe
3349,Honda Civic Coupe 2009,Honda,Civic Coupe
3350,Honda Civic Coupe 2010,Honda,Civic Coupe
3351,Honda Civic Coupe 2011,Honda,Civic Coupe
3352,Honda Civic Coupe 2012,Honda,Civic Coupe
3353,Honda Civic Coupe 2013,Honda,Civic Coupe
3354,Honda Civic Coupe 2015,Honda,Civic Coupe
3355,Honda Civic Hatchback 1988,Honda,Civic Hatchback
3356,Honda Civic Hatchback 1989,Honda,Civic Hatchback
3357,Honda Civic Hatchback 1990,Honda,Civic Hatchback
3358,Honda Civic Hatchback 1991,Honda,Civic Hatchback
3359,Honda Civic Hatchback 1992,Honda,Civic Hatchback
3360,Honda Civic Hatchback 1993,Honda,Civic Hatchback
3361,Honda Civic Hatchback 1994,Honda,Civic Hatchback
3362,Honda Civic Hatchback 1995,Honda,Civic Hatchback
3363,Honda Civic Hatchback 1996,Honda,Civic Hatchback
3364,Honda Civic Hatchback 1997,Honda,Civic Hatchback
3365,Honda Civic Hatchback 1998,Honda,Civic Hatchback
3366,Honda Civic Hatchback 1999,Honda,Civic Hatchback
3367,Honda Civic Hatchback 2000,Honda,Civic Hatchback
3368,Honda Civic Hatchback 2002,Honda,Civic Hatchback
3369,Honda Civic Hatchback 2003,Honda,Civic Hatchback
3370,Honda Civic Hatchback 2004,Honda,Civic Hatchback
3371,Honda Cr-V 1997,Honda,Cr-V
3372,Honda Cr-V 1998,Honda,Cr-V
3373,Honda Cr-V 1999,Honda,Cr-V
3374,Honda Cr-V 2000,Honda,Cr-V
3375,Honda Cr-V 2001,Honda,Cr-V
3376,Honda Cr-V 2002,Honda,Cr-V
3377,Honda Cr-V 2003,Honda,Cr-V
3378,Honda Cr-V 2004,Honda,Cr-V
3379,Honda Cr-V 2005,Honda,Cr-V
3380,Honda Cr-V 2006,Honda,Cr-V
3381,Honda Cr-V 2007,Honda,Cr-V
3382,Honda Cr-V 2008,Honda,Cr-V
3383,Honda Cr-V 2009,Honda,Cr-V
3384,Honda Cr-V 2010,Honda,Cr-V
3385,Honda Cr-V 2011,Honda,Cr-V
3386,Honda Cr-V 2012,Honda,Cr-V
3387,Honda Cr-V 2013,Honda,Cr-V
3388,Honda Cr-V 2014,Honda,Cr-V
3389,Honda Cr-V 2015,Honda,Cr-V
3390,Honda Cr-V 2016,Honda,Cr-V
3391,Honda Cr-Z 2011,Honda,Cr-Z
3392,Honda Cr-Z 2013,Honda,Cr-Z
3393,Honda Crosstour 2012,Honda,Crosstour
3394,Honda Crx 1987,Honda,Crx
3395,Honda Crx 1988,Honda,Crx
3396,Honda Crx 1989,Honda,Crx
3397,Honda Crx 1990,Honda,Crx
3398,Honda Crx 1991,Honda,Crx
3399,Honda Delsol 1993,Honda,Delsol
3400,Honda Delsol 1994,Honda,Delsol
3401,Honda Delsol 1995,Honda,Delsol
3402,Honda Delsol 1997,Honda,Delsol
3403,Honda Element 2003,Honda,Element
3404,Honda Element 2004,Honda,Element
3405,Honda Element 2005,Honda,Element
3406,Honda Element 2006,Honda,Element
3407,Honda Element 2007,Honda,Element
3408,Honda Element 2008,Honda,Element
3409,Honda Element 2009,Honda,Element
3410,Honda Element 2010,Honda,Element
3411,Honda Element 2011,Honda,Element
3412,Honda Fit 2007,Honda,Fit
3413,Honda Fit 2008,Honda,Fit
3414,Honda Fit 2009,Honda,Fit
3415,Honda Fit 2010,Honda,Fit
3416,Honda Fit 2011,Honda,Fit
3417,Honda Fit 2012,Honda,Fit
3418,Honda Fit 2013,Honda,Fit
3419,Honda Fit 2015,Honda,Fit
3420,Honda Hr-V 2016,Honda,Hr-V
3421,Honda Insight 2000,Honda,Insight
3422,Honda Insight 2001,Honda,Insight
3423,Honda Insight 2005,Honda,Insight
3424,Honda Insight 2006,Honda,Insight
3425,Honda Insight 2010,Honda,Insight
3426,Honda Insight 2011,Honda,Insight
3427,Honda Insight 2012,Honda,Insight
3428,Honda Insight 2014,Honda,Insight
3429,Honda Jazz 2009,Honda,Jazz
3430,Honda Odyssey 1995,Honda,Odyssey
3431,Honda Odyssey 1996,Honda,Odyssey
3432,Honda Odyssey 1997,Honda,Odyssey
3433,Honda Odyssey 1998,Honda,Odyssey
3434,Honda Odyssey 1999,Honda,Odyssey
3435,Honda Odyssey 2000,Honda,Odyssey
3436,Honda Odyssey 2001,Honda,Odyssey
3437,Honda Odyssey 2002,Honda,Odyssey
3438,Honda Odyssey 2003,Honda,Odyssey
3439,Honda Odyssey 2004,Honda,Odyssey
3440,Honda Odyssey 2005,Honda,Odyssey
3441,Honda Odyssey 2006,Honda,Odyssey
3442,Honda Odyssey 2007,Honda,Odyssey
3443,Honda Odyssey 2008,Honda,Odyssey
3444,Honda Odyssey 2009,Honda,Odyssey
3445,Honda Odyssey 2010,Honda,Odyssey
3446,Honda Odyssey 2011,Honda,Odyssey
3447,Honda Odyssey 2012,Honda,Odyssey
3448,Honda Odyssey 2013,Honda,Odyssey
3449,Honda Odyssey 2014,Honda,Odyssey
3450,Honda Odyssey 2015,Honda,Odyssey
3451,Honda Odyssey 2016,Honda,Odyssey
3452,Honda Passport 1995,Honda,Passport
3453,Honda Passport 1996,Honda,Passport
3454,Honda Passport 1997,Honda,Passport
3455,Honda Passport 1998,Honda,Passport
3456,Honda Passport 1999,Honda,Passport
3457,Honda Passport 2000,Honda,Passport
3458,Honda Passport 2001,Honda,Passport
3459,Honda Passport 2002,Honda,Passport
3460,Honda Pilot 2003,Honda,Pilot
3461,Honda Pilot 2004,Honda,Pilot
3462,Honda Pilot 2005,Honda,Pilot
3463,Honda Pilot 2006,Honda,Pilot
3464,Honda Pilot 2007,Honda,Pilot
3465,Honda Pilot 2008,Honda,Pilot
3466,Honda Pilot 2009,Honda,Pilot
3467,Honda Pilot 2010,Honda,Pilot
3468,Honda Pilot 2011,Honda,Pilot
3469,Honda Pilot 2012,Honda,Pilot
3470,Honda Pilot 2013,Honda,Pilot
3471,Honda Pilot 2014,Honda,Pilot
3472,Honda Pilot 2016,Honda,Pilot
3473,Honda Prelude 1984,Honda,Prelude
3474,Honda Prelude 1987,Honda,Prelude
3475,Honda Prelude 1988,Honda,Prelude
3476,Honda Prelude 1989,Honda,Prelude
3477,Honda Prelude 1990,Honda,Prelude
3478,Honda Prelude 1991,Honda,Prelude
3479,Honda Prelude 1992,Honda,Prelude
3480,Honda Prelude 1993,Honda,Prelude
3481,Honda Prelude 1994,Honda,Prelude
3482,Honda Prelude 1995,Honda,Prelude
3483,Honda Prelude 1996,Honda,Prelude
3484,Honda Prelude 1997,Honda,Prelude
3485,Honda Prelude 1998,Honda,Prelude
3486,Honda Prelude 1999,Honda,Prelude
3487,Honda Prelude 2000,Honda,Prelude
3488,Honda Prelude 2001,Honda,Prelude
3489,Honda Ridgeline 2006,Honda,Ridgeline
3490,Honda Ridgeline 2007,Honda,Ridgeline
3491,Honda Ridgeline 2008,Honda,Ridgeline
3492,Honda Ridgeline 2009,Honda,Ridgeline
3493,Honda Ridgeline 2010,Honda,Ridgeline
3494,Honda Ridgeline 2011,Honda,Ridgeline
3495,Honda Ridgeline 2012,Honda,Ridgeline
3496,Honda Ridgeline 2013,Honda,Ridgeline
3497,Honda S2000 2000,Honda,S2000
3498,Honda S2000 2001,Honda,S2000
3499,Honda S2000 2002,Honda,S2000
3500,Honda S2000 2003,Honda,S2000
3501,Honda S2000 2004,Honda,S2000
3502,Honda S2000 2005,Honda,S2000
3503,Honda S2000 2006,Honda,S2000
3504,Honda S2000 2007,Honda,S2000
3505,Honda S2000 2008,Honda,S2000
3506,Hummer H1 1987,Hummer,H1
3507,Hummer H2 2003,Hummer,H2
3508,Hummer H2 2004,Hummer,H2
3509,Hummer H2 2005,Hummer,H2
3510,Hummer H2 2006,Hummer,H2
3511,Hummer H2 2007,Hummer,H2
3512,Hummer H2 2008,Hummer,H2
3513,Hummer H2 2009,Hummer,H2
3514,Hummer H3 2006,Hummer,H3
3515,Hummer H3 2007,Hummer,H3
3516,Hummer H3 2008,Hummer,H3
3517,Hummer H3 2009,Hummer,H3
3518,Hyundai Accent 1995,Hyundai,Accent
3519,Hyundai Accent 1997,Hyundai,Accent
3520,Hyundai Accent 1998,Hyundai,Accent
3521,Hyundai Accent 1999,Hyundai,Accent
3522,Hyundai Accent 2000,Hyundai,Accent
3523,Hyundai Accent 2001,Hyundai,Accent
3524,Hyundai Accent 2002,Hyundai,Accent
3525,Hyundai Accent 2003,Hyundai,Accent
3526,Hyundai Accent 2004,Hyundai,Accent
3527,Hyundai Accent 2005,Hyundai,Accent
3528,Hyundai Accent 2006,Hyundai,Accent
3529,Hyundai Accent 2007,Hyundai,Accent
3530,Hyundai Accent 2008,Hyundai,Accent
3531,Hyundai Accent 2009,Hyundai,Accent
3532,Hyundai Accent 2010,Hyundai,Accent
3533,Hyundai Accent 2011,Hyundai,Accent
3534,Hyundai Accent 2012,Hyundai,Accent
3535,Hyundai Accent 2013,Hyundai,Accent
3536,Hyundai Accent 2014,Hyundai,Accent
3537,Hyundai Accent 2015,Hyundai,Accent
3538,Hyundai Accent 2016,Hyundai,Accent
3539,Hyundai Azera 2006,Hyundai,Azera
3540,Hyundai Azera 2007,Hyundai,Azera
3541,Hyundai Azera 2010,Hyundai,Azera
3542,Hyundai Azera 2013,Hyundai,Azera
3543,Hyundai Azera 2014,Hyundai,Azera
3544,Hyundai Elantra 1997,Hyundai,Elantra
3545,Hyundai Elantra 1998,Hyundai,Elantra
3546,Hyundai Elantra 1999,Hyundai,Elantra
3547,Hyundai Elantra 2000,Hyundai,Elantra
3548,Hyundai Elantra 2001,Hyundai,Elantra
3549,Hyundai Elantra 2002,Hyundai,Elantra
3550,Hyundai Elantra 2003,Hyundai,Elantra
3551,Hyundai Elantra 2004,Hyundai,Elantra
3552,Hyundai Elantra 2005,Hyundai,Elantra
3553,Hyundai Elantra 2006,Hyundai,Elantra
3554,Hyundai Elantra 2007,Hyundai,Elantra
3555,Hyundai Elantra 2008,Hyundai,Elantra
3556,Hyundai Elantra 2009,Hyundai,Elantra
3557,Hyundai Elantra 2010,Hyundai,Elantra
3558,Hyundai Elantra 2011,Hyundai,Elantra
3559,Hyundai Elantra 2012,Hyundai,Elantra
3560,Hyundai Elantra 2013,Hyundai,Elantra
3561,Hyundai Elantra 2014,Hyundai,Elantra
3562,Hyundai Elantra 2015,Hyundai,Elantra
3563,Hyundai Elantra 2016,Hyundai,Elantra
3564,Hyundai Elantra Wagon 2000,Hyundai,Elantra Wagon
3565,Hyundai Elantra Wagon 2010,Hyundai,Elantra Wagon
3566,Hyundai Entourage 2007,Hyundai,Entourage
3567,Hyundai Entourage 2008,Hyundai,Entourage
3568,Hyundai Equus 2013,Hyundai,Equus
3569,Hyundai Genesis 2009,Hyundai,Genesis
3570,Hyundai Genesis 2010,Hyundai,Genesis
3571,Hyundai Genesis 2011,Hyundai,Genesis
3572,Hyundai Genesis 2012,Hyundai,Genesis
3573,Hyundai Genesis 2013,Hyundai,Genesis
3574,Hyundai Genesis Coupe 2010,Hyundai,Genesis Coupe
3575,Hyundai Genesis Coupe 2011,Hyundai,Genesis Coupe
3576,Hyundai Genesis Coupe 2012,Hyundai,Genesis Coupe
3577,Hyundai Genesis Coupe 2013,Hyundai,Genesis Coupe
3578,Hyundai Genesis Coupe 2015,Hyundai,Genesis Coupe
3579,Hyundai Santafe 2001,Hyundai,Santafe
3580,Hyundai Santafe 2002,Hyundai,Santafe
3581,Hyundai Santafe 2003,Hyundai,Santafe
3582,Hyundai Santafe 2004,Hyundai,Santafe
3583,Hyundai Santafe 2005,Hyundai,Santafe
3584,Hyundai Santafe 2006,Hyundai,Santafe
3585,Hyundai Santafe 2007,Hyundai,Santafe
3586,Hyundai Santafe 2008,Hyundai,Santafe
3587,Hyundai Santafe 2009,Hyundai,Santafe
3588,Hyundai Santafe 2010,Hyundai,Santafe
3589,Hyundai Santafe 2011,Hyundai,Santafe
3590,Hyundai Santafe 2012,Hyundai,Santafe
3591,Hyundai Santafe 2013,Hyundai,Santafe
3592,Hyundai Santafe 2014,Hyundai,Santafe
3593,Hyundai Sonata 1992,Hyundai,Sonata
3594,Hyundai Sonata 1998,Hyundai,Sonata
3595,Hyundai Sonata 1999,Hyundai,Sonata
3596,Hyundai Sonata 2000,Hyundai,Sonata
3597,Hyundai Sonata 2001,Hyundai,Sonata
3598,Hyundai Sonata 2002,Hyundai,Sonata
3599,Hyundai Sonata 2003,Hyundai,Sonata
3600,Hyundai Sonata 2004,Hyundai,Sonata
3601,Hyundai Sonata 2005,Hyundai,Sonata
3602,Hyundai Sonata 2006,Hyundai,Sonata
3603,Hyundai Sonata 2007,Hyundai,Sonata
3604,Hyundai Sonata 2008,Hyundai,Sonata
3605,Hyundai Sonata 2009,Hyundai,Sonata
3606,Hyundai Sonata 2010,Hyundai,Sonata
3607,Hyundai Sonata 2011,Hyundai,Sonata
3608,Hyundai Sonata 2012,Hyundai,Sonata
3609,Hyundai Sonata 2013,Hyundai,Sonata
3610,Hyundai Sonata 2014,Hyundai,Sonata
3611,Hyundai Sonata 2015,Hyundai,Sonata
3612,Hyundai Sonata 2016,Hyundai,Sonata
3613,Hyundai Tiburon 1998,Hyundai,Tiburon
3614,Hyundai Tiburon 1999,Hyundai,Tiburon
3615,Hyundai Tiburon 2000,Hyundai,Tiburon
3616,Hyundai Tiburon 2001,Hyundai,Tiburon
3617,Hyundai Tiburon 2002,Hyundai,Tiburon
3618,Hyundai Tiburon 2003,Hyundai,Tiburon
3619,Hyundai Tiburon 2004,Hyundai,Tiburon
3620,Hyundai Tiburon 2005,Hyundai,Tiburon
3621,Hyundai Tiburon 2006,Hyundai,Tiburon
3622,Hyundai Tiburon 2007,Hyundai,Tiburon
3623,Hyundai Tiburon 2008,Hyundai,Tiburon
3624,Hyundai Tucson 2005,Hyundai,Tucson
3625,Hyundai Tucson 2006,Hyundai,Tucson
3626,Hyundai Tucson 2007,Hyundai,Tucson
3627,Hyundai Tucson 2009,Hyundai,Tucson
3628,Hyundai Tucson 2010,Hyundai,Tucson
3629,Hyundai Tucson 2011,Hyundai,Tucson
3630,Hyundai Tucson 2012,Hyundai,Tucson
3631,Hyundai Tucson 2013,Hyundai,Tucson
3632,Hyundai Tucson 2016,Hyundai,Tucson
3633,Hyundai Veloster 2012,Hyundai,Veloster
3634,Hyundai Veloster 2013,Hyundai,Veloster
3635,Hyundai Veloster 2014,Hyundai,Veloster
3636,Hyundai Veloster 2015,Hyundai,Veloster
3637,Hyundai Veracruz 2007,Hyundai,Veracruz
3638,Hyundai Veracruz 2008,Hyundai,Veracruz
3639,Hyundai Veracruz 2009,Hyundai,Veracruz
3640,Hyundai Veracruz 2010,Hyundai,Veracruz
3641,Hyundai Veracruz 2012,Hyundai,Veracruz
3642,Hyundai Xg300 2001,Hyundai,Xg300
3643,Hyundai Xg350 2002,Hyundai,Xg350
3644,Hyundai Xg350 2003,Hyundai,Xg350
3645,Hyundai Xg350 2004,Hyundai,Xg350
3646,Hyundai Xg350 2005,Hyundai,Xg350
3647,Infiniti Fx35 2003,Infiniti,Fx35
3648,Infiniti Fx35 2004,Infiniti,Fx35
3649,Infiniti Fx35 2005,Infiniti,Fx35
3650,Infiniti Fx35 2006,Infiniti,Fx35
3651,Infiniti Fx35 2007,Infiniti,Fx35
3652,Infiniti Fx35 2008,Infiniti,Fx35
3653,Infiniti Fx35 2009,Infiniti,Fx35
3654,Infiniti Fx45 2003,Infiniti,Fx45
3655,Infiniti Fx45 2004,Infiniti,Fx45
3656,Infiniti Fx45 2005,Infiniti,Fx45
3657,Infiniti Fx50S 2009,Infiniti,Fx50S
3658,Infiniti G20 1993,Infiniti,G20
3659,Infiniti G20 1995,Infiniti,G20
3660,Infiniti G20 1996,Infiniti,G20
3661,Infiniti G20 1999,Infiniti,G20
3662,Infiniti G20 2000,Infiniti,G20
3663,Infiniti G20 2001,Infiniti,G20
3664,Infiniti G20 2002,Infiniti,G20
3665,Infiniti G25 2011,Infiniti,G25
3666,Infiniti G25 2012,Infiniti,G25
3667,Infiniti G35 2003,Infiniti,G35
3668,Infiniti G35 2004,Infiniti,G35
3669,Infiniti G35 2005,Infiniti,G35
3670,Infiniti G35 2006,Infiniti,G35
3671,Infiniti G35 2007,Infiniti,G35
3672,Infiniti G35 2008,Infiniti,G35
3673,Infiniti G35 Coupe 2003,Infiniti,G35 Coupe
3674,Infiniti G35 Coupe 2004,Infiniti,G35 Coupe
3675,Infiniti G35 Coupe 2005,Infiniti,G35 Coupe
3676,Infiniti G35 Coupe 2006,Infiniti,G35 Coupe
3677,Infiniti G35 Coupe 2007,Infiniti,G35 Coupe
3678,Infiniti G37 2008,Infiniti,G37
3679,Infiniti G37 2009,Infiniti,G37
3680,Infiniti G37 2010,Infiniti,G37
3681,Infiniti G37 2011,Infiniti,G37
3682,Infiniti G37 2012,Infiniti,G37
3683,Infiniti G37 2013,Infiniti,G37
3684,Infiniti I30 1993,Infiniti,I30
3685,Infiniti I30 1996,Infiniti,I30
3686,Infiniti I30 1997,Infiniti,I30
3687,Infiniti I30 1998,Infiniti,I30
3688,Infiniti I30 1999,Infiniti,I30
3689,Infiniti I30 2000,Infiniti,I30
3690,Infiniti I30 2001,Infiniti,I30
3691,Infiniti I30 2002,Infiniti,I30
3692,Infiniti I35 2002,Infiniti,I35
3693,Infiniti I35 2003,Infiniti,I35
3694,Infiniti I35 2004,Infiniti,I35
3695,Infiniti J30 1993,Infiniti,J30
3696,Infiniti J30 1995,Infiniti,J30
3697,Infiniti J30 1996,Infiniti,J30
3698,Infiniti J30 1997,Infiniti,J30
3699,Infiniti J30 2001,Infiniti,J30
3700,Infiniti M30 1991,Infiniti,M30
3701,Infiniti M35 2003,Infiniti,M35
3702,Infiniti M35 2006,Infiniti,M35
3703,Infiniti M35 2007,Infiniti,M35
3704,Infiniti M35 2008,Infiniti,M35
3705,Infiniti M45 2003,Infiniti,M45
3706,Infiniti M45 2004,Infiniti,M45
3707,Infiniti M45 2006,Infiniti,M45
3708,Infiniti M45 2007,Infiniti,M45
3709,Infiniti Q45 1994,Infiniti,Q45
3710,Infiniti Q45 1995,Infiniti,Q45
3711,Infiniti Q45 1996,Infiniti,Q45
3712,Infiniti Q45 1997,Infiniti,Q45
3713,Infiniti Q45 1998,Infiniti,Q45
3714,Infiniti Q45 1999,Infiniti,Q45
3715,Infiniti Q45 2000,Infiniti,Q45
3716,Infiniti Q45 2001,Infiniti,Q45
3717,Infiniti Q45 2002,Infiniti,Q45
3718,Infiniti Q45 2003,Infiniti,Q45
3719,Infiniti Q50 2014,Infiniti,Q50
3720,Infiniti Qx30 2015,Infiniti,Qx30
3721,Infiniti Qx4 1997,Infiniti,Qx4
3722,Infiniti Qx4 1998,Infiniti,Qx4
3723,Infiniti Qx4 1999,Infiniti,Qx4
3724,Infiniti Qx4 2000,Infiniti,Qx4
3725,Infiniti Qx4 2001,Infiniti,Qx4
3726,Infiniti Qx4 2002,Infiniti,Qx4
3727,Infiniti Qx4 2003,Infiniti,Qx4
3728,Infiniti Qx50 2008,Infiniti,Qx50
3729,Infiniti Qx50 2010,Infiniti,Qx50
3730,Infiniti Qx50 2011,Infiniti,Qx50
3731,Infiniti Qx56 2004,Infiniti,Qx56
3732,Infiniti Qx56 2005,Infiniti,Qx56
3733,Infiniti Qx56 2006,Infiniti,Qx56
3734,Infiniti Qx56 2007,Infiniti,Qx56
3735,Infiniti Qx56 2008,Infiniti,Qx56
3736,Infiniti Qx56 2010,Infiniti,Qx56
3737,Infiniti Qx56 2011,Infiniti,Qx56
3738,Infiniti Qx56 2012,Infiniti,Qx56
3739,Isuzu Amigo 1994,Isuzu,Amigo
3740,Isuzu Amigo 1998,Isuzu,Amigo
3741,Isuzu Amigo 1999,Isuzu,Amigo
3742,Isuzu Ascender 2003,Isuzu,Ascender
3743,Isuzu Ascender 2004,Isuzu,Ascender
3744,Isuzu Ascender 2005,Isuzu,Ascender
3745,Isuzu Ascender 2006,Isuzu,Ascender
3746,Isuzu Ascender 2007,Isuzu,Ascender
3747,Isuzu Axiom 2002,Isuzu,Axiom
3748,Isuzu Axiom 2003,Isuzu,Axiom
3749,Isuzu Axiom 2004,Isuzu,Axiom
3750,Isuzu Hombre 1996,Isuzu,Hombre
3751,Isuzu Hombre 1998,Isuzu,Hombre
3752,Isuzu Hombre 1999,Isuzu,Hombre
3753,Isuzu Npr 1992,Isuzu,Npr
3754,Isuzu Npr 1997,Isuzu,Npr
3755,Isuzu Npr 1998,Isuzu,Npr
3756,Isuzu Npr 2000,Isuzu,Npr
3757,Isuzu Npr 2003,Isuzu,Npr
3758,Isuzu Npr 2004,Isuzu,Npr
3759,Isuzu Npr 2006,Isuzu,Npr
3760,Isuzu Npr 2007,Isuzu,Npr
3761,Isuzu Pickup 1989,Isuzu,Pickup
3762,Isuzu Pickup 1992,Isuzu,Pickup
3763,Isuzu Rodeo 1992,Isuzu,Rodeo
3764,Isuzu Rodeo 1993,Isuzu,Rodeo
3765,Isuzu Rodeo 1994,Isuzu,Rodeo
3766,Isuzu Rodeo 1995,Isuzu,Rodeo
3767,Isuzu Rodeo 1996,Isuzu,Rodeo
3768,Isuzu Rodeo 1997,Isuzu,Rodeo
3769,Isuzu Rodeo 1998,Isuzu,Rodeo
3770,Isuzu Rodeo 1999,Isuzu,Rodeo
3771,Isuzu Rodeo 2000,Isuzu,Rodeo
3772,Isuzu Rodeo 2001,Isuzu,Rodeo
3773,Isuzu Rodeo 2002,Isuzu,Rodeo
3774,Isuzu Rodeo 2003,Isuzu,Rodeo
3775,Isuzu Rodeo 2004,Isuzu,Rodeo
3776,Isuzu Trooper 1989,Isuzu,Trooper
3777,Isuzu Trooper 1993,Isuzu,Trooper
3778,Isuzu Trooper 1994,Isuzu,Trooper
3779,Isuzu Trooper 1995,Isuzu,Trooper
3780,Isuzu Trooper 1996,Isuzu,Trooper
3781,Isuzu Trooper 1997,Isuzu,Trooper
3782,Isuzu Trooper 1998,Isuzu,Trooper
3783,Isuzu Trooper 1999,Isuzu,Trooper
3784,Isuzu Trooper 2000,Isuzu,Trooper
3785,Isuzu Trooper 2001,Isuzu,Trooper
3786,Isuzu Trooper 2002,Isuzu,Trooper
3787,Isuzu Vehicross 2000,Isuzu,Vehicross
3788,Isuzu Vehicross 2001,Isuzu,Vehicross
3789,Jaguar S-Type 2000,Jaguar,S-Type
3790,Jaguar S-Type 2001,Jaguar,S-Type
3791,Jaguar S-Type 2002,Jaguar,S-Type
3792,Jaguar S-Type 2003,Jaguar,S-Type
3793,Jaguar S-Type 2004,Jaguar,S-Type
3794,Jaguar S-Type 2005,Jaguar,S-Type
3795,Jaguar S-Type 2006,Jaguar,S-Type
3796,Jaguar S-Type 2007,Jaguar,S-Type
3797,Jaguar Vandenplas 1996,Jaguar,Vandenplas
3798,Jaguar Vandenplas 1998,Jaguar,Vandenplas
3799,Jaguar Vandenplas 1999,Jaguar,Vandenplas
3800,Jaguar Vandenplas 2001,Jaguar,Vandenplas
3801,Jaguar X-Type 2002,Jaguar,X-Type
3802,Jaguar X-Type 2003,Jaguar,X-Type
3803,Jaguar X-Type 2004,Jaguar,X-Type
3804,Jaguar X-Type 2005,Jaguar,X-Type
3805,Jaguar X-Type 2006,Jaguar,X-Type
3806,Jaguar X-Type 2007,Jaguar,X-Type
3807,Jaguar Xf 2009,Jaguar,Xf
3808,Jaguar Xf 2010,Jaguar,Xf
3809,Jaguar Xf 2012,Jaguar,Xf
3810,Jaguar Xj 1974,Jaguar,Xj
3811,Jaguar Xj 1984,Jaguar,Xj
3812,Jaguar Xj 1985,Jaguar,Xj
3813,Jaguar Xj 1986,Jaguar,Xj
3814,Jaguar Xj 1987,Jaguar,Xj
3815,Jaguar Xj 1988,Jaguar,Xj
3816,Jaguar Xj 1989,Jaguar,Xj
3817,Jaguar Xj 1990,Jaguar,Xj
3818,Jaguar Xj 1994,Jaguar,Xj
3819,Jaguar Xj 1995,Jaguar,Xj
3820,Jaguar Xj 1996,Jaguar,Xj
3821,Jaguar Xj 1997,Jaguar,Xj
3822,Jaguar Xj 1998,Jaguar,Xj
3823,Jaguar Xj 1999,Jaguar,Xj
3824,Jaguar Xj 2000,Jaguar,Xj
3825,Jaguar Xj 2001,Jaguar,Xj
3826,Jaguar Xj 2002,Jaguar,Xj
3827,Jaguar Xj 2003,Jaguar,Xj
3828,Jaguar Xj 2004,Jaguar,Xj
3829,Jaguar Xj 2005,Jaguar,Xj
3830,Jaguar Xj 2006,Jaguar,Xj
3831,Jaguar Xj 2013,Jaguar,Xj
3832,Jaguar Xj Convertible 1990,Jaguar,Xj Convertible
3833,Jaguar Xj Convertible 1991,Jaguar,Xj Convertible
3834,Jaguar Xj Convertible 1992,Jaguar,Xj Convertible
3835,Jaguar Xj Convertible 1993,Jaguar,Xj Convertible
3836,Jaguar Xk 1997,Jaguar,Xk
3837,Jaguar Xk 1998,Jaguar,Xk
3838,Jaguar Xk 1999,Jaguar,Xk
3839,Jaguar Xk 2000,Jaguar,Xk
3840,Jaguar Xk 2002,Jaguar,Xk
3841,Jaguar Xk 2003,Jaguar,Xk
3842,Jaguar Xk 2007,Jaguar,Xk
3843,Jaguar Xk 2008,Jaguar,Xk
3844,Jeep Cherokee 1976,Jeep,Cherokee
3845,Jeep Cherokee 1979,Jeep,Cherokee
3846,Jeep Cherokee 1980,Jeep,Cherokee
3847,Jeep Cherokee 1984,Jeep,Cherokee
3848,Jeep Cherokee 1985,Jeep,Cherokee
3849,Jeep Cherokee 1986,Jeep,Cherokee
3850,Jeep Cherokee 1987,Jeep,Cherokee
3851,Jeep Cherokee 1988,Jeep,Cherokee
3852,Jeep Cherokee 1989,Jeep,Cherokee
3853,Jeep Cherokee 1990,Jeep,Cherokee
3854,Jeep Cherokee 1991,Jeep,Cherokee
3855,Jeep Cherokee 1992,Jeep,Cherokee
3856,Jeep Cherokee 1993,Jeep,Cherokee
3857,Jeep Cherokee 1994,Jeep,Cherokee
3858,Jeep Cherokee 1995,Jeep,Cherokee
3859,Jeep Cherokee 1996,Jeep,Cherokee
3860,Jeep Cherokee 1997,Jeep,Cherokee
3861,Jeep Cherokee 1998,Jeep,Cherokee
3862,Jeep Cherokee 1999,Jeep,Cherokee
3863,Jeep Cherokee 2000,Jeep,Cherokee
3864,Jeep Cherokee 2001,Jeep,Cherokee
3865,Jeep Cherokee 2002,Jeep,Cherokee
3866,Jeep Cherokee 2003,Jeep,Cherokee
3867,Jeep Cherokee 2004,Jeep,Cherokee
3868,Jeep Cherokee 2005,Jeep,Cherokee
3869,Jeep Cherokee 2006,Jeep,Cherokee
3870,Jeep Cherokee 2007,Jeep,Cherokee
3871,Jeep Cherokee 2014,Jeep,Cherokee
3872,Jeep Cherokee 2015,Jeep,Cherokee
3873,Jeep Cj5 1969,Jeep,Cj5
3874,Jeep Cj5 1970,Jeep,Cj5
3875,Jeep Cj5 1971,Jeep,Cj5
3876,Jeep Cj5 1972,Jeep,Cj5
3877,Jeep Cj5 1973,Jeep,Cj5
3878,Jeep Cj5 1974,Jeep,Cj5
3879,Jeep Cj5 1975,Jeep,Cj5
3880,Jeep Cj5 1976,Jeep,Cj5
3881,Jeep Cj5 1977,Jeep,Cj5
3882,Jeep Cj5 1978,Jeep,Cj5
3883,Jeep Cj5 1979,Jeep,Cj5
3884,Jeep Cj5 1980,Jeep,Cj5
3885,Jeep Cj5 1981,Jeep,Cj5
3886,Jeep Cj7 1976,Jeep,Cj7
3887,Jeep Cj7 1977,Jeep,Cj7
3888,Jeep Cj7 1978,Jeep,Cj7
3889,Jeep Cj7 1979,Jeep,Cj7
3890,Jeep Cj7 1980,Jeep,Cj7
3891,Jeep Cj7 1981,Jeep,Cj7
3892,Jeep Cj7 1982,Jeep,Cj7
3893,Jeep Cj7 1983,Jeep,Cj7
3894,Jeep Cj7 1984,Jeep,Cj7
3895,Jeep Cj7 1985,Jeep,Cj7
3896,Jeep Cj7 1986,Jeep,Cj7
3897,Jeep Comanche 1986,Jeep,Comanche
3898,Jeep Comanche 1988,Jeep,Comanche
3899,Jeep Comanche 1989,Jeep,Comanche
3900,Jeep Comanche 1990,Jeep,Comanche
3901,Jeep Commander 1967,Jeep,Commander
3902,Jeep Commander 2006,Jeep,Commander
3903,Jeep Commander 2007,Jeep,Commander
3904,Jeep Commander 2008,Jeep,Commander
3905,Jeep Commander 2009,Jeep,Commander
3906,Jeep Commander 2010,Jeep,Commander
3907,Jeep Compass 2007,Jeep,Compass
3908,Jeep Compass 2008,Jeep,Compass
3909,Jeep Compass 2009,Jeep,Compass
3910,Jeep Compass 2010,Jeep,Compass
3911,Jeep Compass 2011,Jeep,Compass
3912,Jeep Compass 2012,Jeep,Compass
3913,Jeep Compass 2013,Jeep,Compass
3914,Jeep Compass 2014,Jeep,Compass
3915,Jeep Compass 2015,Jeep,Compass
3916,Jeep Gladiator 1984,Jeep,Gladiator
3917,Jeep Grand Cherokee 1989,Jeep,Grand Cherokee
3918,Jeep Grand Cherokee 1993,Jeep,Grand Cherokee
3919,Jeep Grand Cherokee 1994,Jeep,Grand Cherokee
3920,Jeep Grand Cherokee 1995,Jeep,Grand Cherokee
3921,Jeep Grand Cherokee 1996,Jeep,Grand Cherokee
3922,Jeep Grand Cherokee 1997,Jeep,Grand Cherokee
3923,Jeep Grand Cherokee 1998,Jeep,Grand Cherokee
3924,Jeep Grand Cherokee 1999,Jeep,Grand Cherokee
3925,Jeep Grand Cherokee 2000,Jeep,Grand Cherokee
3926,Jeep Grand Cherokee 2001,Jeep,Grand Cherokee
3927,Jeep Grand Cherokee 2002,Jeep,Grand Cherokee
3928,Jeep Grand Cherokee 2003,Jeep,Grand Cherokee
3929,Jeep Grand Cherokee 2004,Jeep,Grand Cherokee
3930,Jeep Grand Cherokee 2005,Jeep,Grand Cherokee
3931,Jeep Grand Cherokee 2006,Jeep,Grand Cherokee
3932,Jeep Grand Cherokee 2007,Jeep,Grand Cherokee
3933,Jeep Grand Cherokee 2008,Jeep,Grand Cherokee
3934,Jeep Grand Cherokee 2009,Jeep,Grand Cherokee
3935,Jeep Grand Cherokee 2010,Jeep,Grand Cherokee
3936,Jeep Grand Cherokee 2011,Jeep,Grand Cherokee
3937,Jeep Grand Cherokee 2012,Jeep,Grand Cherokee
3938,Jeep Grand Cherokee 2013,Jeep,Grand Cherokee
3939,Jeep Grand Cherokee 2014,Jeep,Grand Cherokee
3940,Jeep Grand Cherokee 2015,Jeep,Grand Cherokee
3941,Jeep Grand Cherokee 2016,Jeep,Grand Cherokee
3942,Jeep Grand Wagoneer 1984,Jeep,Grand Wagoneer
3943,Jeep Grand Wagoneer 1993,Jeep,Grand Wagoneer
3944,Jeep J10 1979,Jeep,J10
3945,Jeep J10 1981,Jeep,J10
3946,Jeep J8 2009,Jeep,J8
3947,Jeep Liberty 2002,Jeep,Liberty
3948,Jeep Liberty 2003,Jeep,Liberty
3949,Jeep Liberty 2004,Jeep,Liberty
3950,Jeep Liberty 2005,Jeep,Liberty
3951,Jeep Liberty 2006,Jeep,Liberty
3952,Jeep Liberty 2007,Jeep,Liberty
3953,Jeep Liberty 2008,Jeep,Liberty
3954,Jeep Liberty 2009,Jeep,Liberty
3955,Jeep Liberty 2010,Jeep,Liberty
3956,Jeep Liberty 2011,Jeep,Liberty
3957,Jeep Liberty 2012,Jeep,Liberty
3958,Jeep Patriot 2007,Jeep,Patriot
3959,Jeep Patriot 2008,Jeep,Patriot
3960,Jeep Patriot 2009,Jeep,Patriot
3961,Jeep Patriot 2010,Jeep,Patriot
3962,Jeep Patriot 2011,Jeep,Patriot
3963,Jeep Patriot 2012,Jeep,Patriot
3964,Jeep Patriot 2013,Jeep,Patriot
3965,Jeep Patriot 2014,Jeep,Patriot
3966,Jeep Patriot 2015,Jeep,Patriot
3967,Jeep Patriot 2016,Jeep,Patriot
3968,Jeep Renegade 2015,Jeep,Renegade
3969,Jeep Renegade 2016,Jeep,Renegade
3970,Jeep Scrambler 1981,Jeep,Scrambler
3971,Jeep Wagoneer 1986,Jeep,Wagoneer
3972,Jeep Wagoneer 1988,Jeep,Wagoneer
3973,Jeep Wrangler 1947,Jeep,Wrangler
3974,Jeep Wrangler 1982,Jeep,Wrangler
3975,Jeep Wrangler 1983,Jeep,Wrangler
3976,Jeep Wrangler 1985,Jeep,Wrangler
3977,Jeep Wrangler 1986,Jeep,Wrangler
3978,Jeep Wrangler 1987,Jeep,Wrangler
3979,Jeep Wrangler 1988,Jeep,Wrangler
3980,Jeep Wrangler 1989,Jeep,Wrangler
3981,Jeep Wrangler 1990,Jeep,Wrangler
3982,Jeep Wrangler 1991,Jeep,Wrangler
3983,Jeep Wrangler 1992,Jeep,Wrangler
3984,Jeep Wrangler 1993,Jeep,Wrangler
3985,Jeep Wrangler 1994,Jeep,Wrangler
3986,Jeep Wrangler 1995,Jeep,Wrangler
3987,Jeep Wrangler 1996,Jeep,Wrangler
3988,Jeep Wrangler 1997,Jeep,Wrangler
3989,Jeep Wrangler 1998,Jeep,Wrangler
3990,Jeep Wrangler 1999,Jeep,Wrangler
3991,Jeep Wrangler 2000,Jeep,Wrangler
3992,Jeep Wrangler 2001,Jeep,Wrangler
3993,Jeep Wrangler 2002,Jeep,Wrangler
3994,Jeep Wrangler 2003,Jeep,Wrangler
3995,Jeep Wrangler 2004,Jeep,Wrangler
3996,Jeep Wrangler 2005,Jeep,Wrangler
3997,Jeep Wrangler 2006,Jeep,Wrangler
3998,Jeep Wrangler 2007,Jeep,Wrangler
3999,Jeep Wrangler 2008,Jeep,Wrangler
4000,Jeep Wrangler 2009,Jeep,Wrangler
4001,Jeep Wrangler 2010,Jeep,Wrangler
4002,Jeep Wrangler 2011,Jeep,Wrangler
4003,Jeep Wrangler 2012,Jeep,Wrangler
4004,Jeep Wrangler 2013,Jeep,Wrangler
4005,Jeep Wrangler 2014,Jeep,Wrangler
4006,Jeep Wrangler 2015,Jeep,Wrangler
4007,Jeep Wrangler 2016,Jeep,Wrangler
4008,Jeep Wrangler Rubicon 2003,Jeep,Wrangler Rubicon
4009,Jeep Wrangler Rubicon 2004,Jeep,Wrangler Rubicon
4010,Jeep Wrangler Rubicon 2005,Jeep,Wrangler Rubicon
4011,Jeep Wrangler Rubicon 2006,Jeep,Wrangler Rubicon
4012,Jeep Wrangler Rubicon 2007,Jeep,Wrangler Rubicon
4013,Jeep Wrangler Rubicon 2008,Jeep,Wrangler Rubicon
4014,Jeep Wrangler Rubicon 2010,Jeep,Wrangler Rubicon
4015,Jeep Wrangler Rubicon 2012,Jeep,Wrangler Rubicon
4016,Jeep Wrangler Rubicon 2013,Jeep,Wrangler Rubicon
4017,Jeep Wrangler Rubicon 2015,Jeep,Wrangler Rubicon
4018,Jeep Wrangler Sahara 1993,Jeep,Wrangler Sahara
4019,Jeep Wrangler Sahara 1998,Jeep,Wrangler Sahara
4020,Jeep Wrangler Sahara 1999,Jeep,Wrangler Sahara
4021,Jeep Wrangler Sahara 2001,Jeep,Wrangler Sahara
4022,Jeep Wrangler Sahara 2002,Jeep,Wrangler Sahara
4023,Jeep Wrangler Sahara 2003,Jeep,Wrangler Sahara
4024,Jeep Wrangler Sahara 2004,Jeep,Wrangler Sahara
4025,Jeep Wrangler Sahara 2008,Jeep,Wrangler Sahara
4026,Jeep Wrangler Tj 1997,Jeep,Wrangler Tj
4027,Jeep Wrangler Tj 1998,Jeep,Wrangler Tj
4028,Jeep Wrangler Tj 1999,Jeep,Wrangler Tj
4029,Jeep Wrangler Tj 2001,Jeep,Wrangler Tj
4030,Jeep Wrangler Tj 2002,Jeep,Wrangler Tj
4031,Jeep Wrangler Tj 2003,Jeep,Wrangler Tj
4032,Jeep Wrangler Tj 2006,Jeep,Wrangler Tj
4033,Jeep Wrangler Unlimited 1991,Jeep,Wrangler Unlimited
4034,Jeep Wrangler Unlimited 2007,Jeep,Wrangler Unlimited
4035,Jeep Wrangler Unlimited 2008,Jeep,Wrangler Unlimited
4036,Jeep Wrangler Unlimited 2010,Jeep,Wrangler Unlimited
4037,Jeep Wrangler Unlimited 2011,Jeep,Wrangler Unlimited
4038,Jeep Wrangler Unlimited 2012,Jeep,Wrangler Unlimited
4039,Jeep Wrangler Unlimited 2013,Jeep,Wrangler Unlimited
4040,Jeep Wrangler Unlimited 2014,Jeep,Wrangler Unlimited
4041,Jeep Wrangler Unlimited 2015,Jeep,Wrangler Unlimited
4042,Kia Amanti 2004,Kia,Amanti
4043,Kia Amanti 2005,Kia,Amanti
4044,Kia Amanti 2006,Kia,Amanti
4045,Kia Amanti 2007,Kia,Amanti
4046,Kia Cadenza 2014,Kia,Cadenza
4047,Kia Ceed 2009,Kia,Ceed
4048,Kia Forte 2010,Kia,Forte
4049,Kia Forte 2011,Kia,Forte
4050,Kia Forte 2012,Kia,Forte
4051,Kia Forte 2013,Kia,Forte
4052,Kia Forte 2014,Kia,Forte
4053,Kia Forte 2015,Kia,Forte
4054,Kia Forte 2016,Kia,Forte
4055,Kia Magentis 2001,Kia,Magentis
4056,Kia Optima 2001,Kia,Optima
4057,Kia Optima 2002,Kia,Optima
4058,Kia Optima 2003,Kia,Optima
4059,Kia Optima 2004,Kia,Optima
4060,Kia Optima 2005,Kia,Optima
4061,Kia Optima 2006,Kia,Optima
4062,Kia Optima 2007,Kia,Optima
4063,Kia Optima 2008,Kia,Optima
4064,Kia Optima 2009,Kia,Optima
4065,Kia Optima 2010,Kia,Optima
4066,Kia Optima 2011,Kia,Optima
4067,Kia Optima 2012,Kia,Optima
4068,Kia Optima 2013,Kia,Optima
4069,Kia Optima 2014,Kia,Optima
4070,Kia Optima 2015,Kia,Optima
4071,Kia Rio 2001,Kia,Rio
4072,Kia Rio 2002,Kia,Rio
4073,Kia Rio 2003,Kia,Rio
4074,Kia Rio 2004,Kia,Rio
4075,Kia Rio 2005,Kia,Rio
4076,Kia Rio 2006,Kia,Rio
4077,Kia Rio 2007,Kia,Rio
4078,Kia Rio 2008,Kia,Rio
4079,Kia Rio 2009,Kia,Rio
4080,Kia Rio 2010,Kia,Rio
4081,Kia Rio 2011,Kia,Rio
4082,Kia Rio 2012,Kia,Rio
4083,Kia Rio 2013,Kia,Rio
4084,Kia Rio 2014,Kia,Rio
4085,Kia Rio Wagon 2003,Kia,Rio Wagon
4086,Kia Rio Wagon 2004,Kia,Rio Wagon
4087,Kia Rio Wagon 2008,Kia,Rio Wagon
4088,Kia Rondo 2007,Kia,Rondo
4089,Kia Rondo 2008,Kia,Rondo
4090,Kia Rondo 2009,Kia,Rondo
4091,Kia Sedona 2001,Kia,Sedona
4092,Kia Sedona 2002,Kia,Sedona
4093,Kia Sedona 2003,Kia,Sedona
4094,Kia Sedona 2004,Kia,Sedona
4095,Kia Sedona 2005,Kia,Sedona
4096,Kia Sedona 2006,Kia,Sedona
4097,Kia Sedona 2007,Kia,Sedona
4098,Kia Sedona 2008,Kia,Sedona
4099,Kia Sedona 2009,Kia,Sedona
4100,Kia Sedona 2010,Kia,Sedona
4101,Kia Sedona 2011,Kia,Sedona
4102,Kia Sedona 2012,Kia,Sedona
4103,Kia Sephia 1998,Kia,Sephia
4104,Kia Sephia 1999,Kia,Sephia
4105,Kia Sephia 2000,Kia,Sephia
4106,Kia Sephia 2001,Kia,Sephia
4107,Kia Sorento 2003,Kia,Sorento
4108,Kia Sorento 2004,Kia,Sorento
4109,Kia Sorento 2005,Kia,Sorento
4110,Kia Sorento 2006,Kia,Sorento
4111,Kia Sorento 2007,Kia,Sorento
4112,Kia Sorento 2008,Kia,Sorento
4113,Kia Sorento 2009,Kia,Sorento
4114,Kia Sorento 2011,Kia,Sorento
4115,Kia Sorento 2012,Kia,Sorento
4116,Kia Sorento 2013,Kia,Sorento
4117,Kia Sorento 2014,Kia,Sorento
4118,Kia Soul 2010,Kia,Soul
4119,Kia Soul 2011,Kia,Soul
4120,Kia Soul 2012,Kia,Soul
4121,Kia Soul 2013,Kia,Soul
4122,Kia Soul 2014,Kia,Soul
4123,Kia Soul 2015,Kia,Soul
4124,Kia Spectra5 2005,Kia,Spectra5
4125,Kia Spectra5 2007,Kia,Spectra5
4126,Kia Spectra5 2008,Kia,Spectra5
4127,Kia Spectra 2000,Kia,Spectra
4128,Kia Spectra 2001,Kia,Spectra
4129,Kia Spectra 2002,Kia,Spectra
4130,Kia Spectra 2003,Kia,Spectra
4131,Kia Spectra 2004,Kia,Spectra
4132,Kia Spectra 2005,Kia,Spectra
4133,Kia Spectra 2006,Kia,Spectra
4134,Kia Spectra 2007,Kia,Spectra
4135,Kia Spectra 2008,Kia,Spectra
4136,Kia Spectra 2009,Kia,Spectra
4137,Kia Sportage 1995,Kia,Sportage
4138,Kia Sportage 1997,Kia,Sportage
4139,Kia Sportage 1998,Kia,Sportage
4140,Kia Sportage 1999,Kia,Sportage
4141,Kia Sportage 2000,Kia,Sportage
4142,Kia Sportage 2001,Kia,Sportage
4143,Kia Sportage 2002,Kia,Sportage
4144,Kia Sportage 2005,Kia,Sportage
4145,Kia Sportage 2006,Kia,Sportage
4146,Kia Sportage 2007,Kia,Sportage
4147,Kia Sportage 2008,Kia,Sportage
4148,Kia Sportage 2009,Kia,Sportage
4149,Kia Sportage 2010,Kia,Sportage
4150,Kia Sportage 2011,Kia,Sportage
4151,Kia Sportage 2012,Kia,Sportage
4152,Kia Sportage 2013,Kia,Sportage
4153,Lamborghini Gallardo 2004,Lamborghini,Gallardo
4154,Landrover Defender 1988,Landrover,Defender
4155,Landrover Discovery 1996,Landrover,Discovery
4156,Landrover Discovery 1997,Landrover,Discovery
4157,Landrover Discovery 1998,Landrover,Discovery
4158,Landrover Discovery 1999,Landrover,Discovery
4159,Landrover Discovery 2000,Landrover,Discovery
4160,Landrover Discovery 2001,Landrover,Discovery
4161,Landrover Discovery 2003,Landrover,Discovery
4162,Landrover Discovery 2004,Landrover,Discovery
4163,Landrover Freelander 2002,Landrover,Freelander
4164,Landrover Freelander 2003,Landrover,Freelander
4165,Landrover Freelander 2004,Landrover,Freelander
4166,Landrover Freelander 2005,Landrover,Freelander
4167,Landrover Lr2 2008,Landrover,Lr2
4168,Landrover Lr3 2005,Landrover,Lr3
4169,Landrover Lr3 2006,Landrover,Lr3
4170,Landrover Lr3 2007,Landrover,Lr3
4171,Landrover Lr3 2008,Landrover,Lr3
4172,Landrover Lr4 2010,Landrover,Lr4
4173,Landrover Lr4 2011,Landrover,Lr4
4174,Landrover Rangerover 1989,Landrover,Rangerover
4175,Landrover Rangerover 1991,Landrover,Rangerover
4176,Landrover Rangerover 1992,Landrover,Rangerover
4177,Landrover Rangerover 1994,Landrover,Rangerover
4178,Landrover Rangerover 1997,Landrover,Rangerover
4179,Landrover Rangerover 1998,Landrover,Rangerover
4180,Landrover Rangerover 1999,Landrover,Rangerover
4181,Landrover Rangerover 2000,Landrover,Rangerover
4182,Landrover Rangerover 2002,Landrover,Rangerover
4183,Landrover Rangerover 2003,Landrover,Rangerover
4184,Landrover Rangerover 2004,Landrover,Rangerover
4185,Landrover Rangerover 2005,Landrover,Rangerover
4186,Landrover Rangerover 2006,Landrover,Rangerover
4187,Landrover Rangerover 2007,Landrover,Rangerover
4188,Landrover Rangerover 2008,Landrover,Rangerover
4189,Landrover Rangerover 2009,Landrover,Rangerover
4190,Landrover Rangerover 2011,Landrover,Rangerover
4191,Landrover Rangerover 2012,Landrover,Rangerover
4192,Landrover Rangerover 2013,Landrover,Rangerover
4193,Landrover Rangerover 2015,Landrover,Rangerover
4194,Lexus Ct 2011,Lexus,Ct
4195,Lexus Ct 2012,Lexus,Ct
4196,Lexus Ct 2013,Lexus,Ct
4197,Lexus Es300 1992,Lexus,Es300
4198,Lexus Es300 1993,Lexus,Es300
4199,Lexus Es300 1994,Lexus,Es300
4200,Lexus Es300 1995,Lexus,Es300
4201,Lexus Es300 1996,Lexus,Es300
4202,Lexus Es300 1997,Lexus,Es300
4203,Lexus Es300 1998,Lexus,Es300
4204,Lexus Es300 1999,Lexus,Es300
4205,Lexus Es300 2000,Lexus,Es300
4206,Lexus Es300 2001,Lexus,Es300
4207,Lexus Es300 2002,Lexus,Es300
4208,Lexus Es300 2003,Lexus,Es300
4209,Lexus Es300 2013,Lexus,Es300
4210,Lexus Es330 2004,Lexus,Es330
4211,Lexus Es330 2005,Lexus,Es330
4212,Lexus Es330 2006,Lexus,Es330
4213,Lexus Es350 2005,Lexus,Es350
4214,Lexus Es350 2007,Lexus,Es350
4215,Lexus Es350 2008,Lexus,Es350
4216,Lexus Es350 2009,Lexus,Es350
4217,Lexus Es350 2010,Lexus,Es350
4218,Lexus Es350 2013,Lexus,Es350
4219,Lexus Es350 2015,Lexus,Es350
4220,Lexus Gs300 1993,Lexus,Gs300
4221,Lexus Gs300 1994,Lexus,Gs300
4222,Lexus Gs300 1995,Lexus,Gs300
4223,Lexus Gs300 1998,Lexus,Gs300
4224,Lexus Gs300 1999,Lexus,Gs300
4225,Lexus Gs300 2000,Lexus,Gs300
4226,Lexus Gs300 2001,Lexus,Gs300
4227,Lexus Gs300 2002,Lexus,Gs300
4228,Lexus Gs300 2003,Lexus,Gs300
4229,Lexus Gs300 2004,Lexus,Gs300
4230,Lexus Gs300 2005,Lexus,Gs300
4231,Lexus Gs300 2006,Lexus,Gs300
4232,Lexus Gs300 2007,Lexus,Gs300
4233,Lexus Gs300 2013,Lexus,Gs300
4234,Lexus Gs350 2007,Lexus,Gs350
4235,Lexus Gs350 2008,Lexus,Gs350
4236,Lexus Gs350 2010,Lexus,Gs350
4237,Lexus Gs350 2013,Lexus,Gs350
4238,Lexus Gs400 1998,Lexus,Gs400
4239,Lexus Gs400 1999,Lexus,Gs400
4240,Lexus Gs400 2000,Lexus,Gs400
4241,Lexus Gs430 2001,Lexus,Gs430
4242,Lexus Gs430 2002,Lexus,Gs430
4243,Lexus Gs430 2003,Lexus,Gs430
4244,Lexus Gs430 2005,Lexus,Gs430
4245,Lexus Gs430 2006,Lexus,Gs430
4246,Lexus Gs450 2011,Lexus,Gs450
4247,Lexus Gs460 2008,Lexus,Gs460
4248,Lexus Gx450 2003,Lexus,Gx450
4249,Lexus Gx460 2012,Lexus,Gx460
4250,Lexus Gx470 2003,Lexus,Gx470
4251,Lexus Gx470 2004,Lexus,Gx470
4252,Lexus Gx470 2005,Lexus,Gx470
4253,Lexus Gx470 2006,Lexus,Gx470
4254,Lexus Gx470 2007,Lexus,Gx470
4255,Lexus Gx470 2008,Lexus,Gx470
4256,Lexus Gx470 2009,Lexus,Gx470
4257,Lexus Hs250H 2010,Lexus,Hs250H
4258,Lexus Hs250H 2011,Lexus,Hs250H
4259,Lexus Is200 2016,Lexus,Is200
4260,Lexus Is250 2006,Lexus,Is250
4261,Lexus Is250 2007,Lexus,Is250
4262,Lexus Is250 2008,Lexus,Is250
4263,Lexus Is250 2009,Lexus,Is250
4264,Lexus Is250 2010,Lexus,Is250
4265,Lexus Is250 2011,Lexus,Is250
4266,Lexus Is250 2012,Lexus,Is250
4267,Lexus Is250 2013,Lexus,Is250
4268,Lexus Is250 2014,Lexus,Is250
4269,Lexus Is250 2015,Lexus,Is250
4270,Lexus Is300 2001,Lexus,Is300
4271,Lexus Is300 2002,Lexus,Is300
4272,Lexus Is300 2003,Lexus,Is300
4273,Lexus Is300 2004,Lexus,Is300
4274,Lexus Is300 2005,Lexus,Is300
4275,Lexus Is350 2006,Lexus,Is350
4276,Lexus Is350 2007,Lexus,Is350
4277,Lexus Is350 2008,Lexus,Is350
4278,Lexus Is350 2009,Lexus,Is350
4279,Lexus Is350 2010,Lexus,Is350
4280,Lexus Is350 2015,Lexus,Is350
4281,Lexus Ls400 1990,Lexus,Ls400
4282,Lexus Ls400 1991,Lexus,Ls400
4283,Lexus Ls400 1992,Lexus,Ls400
4284,Lexus Ls400 1993,Lexus,Ls400
4285,Lexus Ls400 1994,Lexus,Ls400
4286,Lexus Ls400 1995,Lexus,Ls400
4287,Lexus Ls400 1996,Lexus,Ls400
4288,Lexus Ls400 1997,Lexus,Ls400
4289,Lexus Ls400 1998,Lexus,Ls400
4290,Lexus Ls400 1999,Lexus,Ls400
4291,Lexus Ls400 2000,Lexus,Ls400
4292,Lexus Ls400 2002,Lexus,Ls400
4293,Lexus Ls430 2001,Lexus,Ls430
4294,Lexus Ls430 2002,Lexus,Ls430
4295,Lexus Ls430 2003,Lexus,Ls430
4296,Lexus Ls430 2004,Lexus,Ls430
4297,Lexus Ls430 2005,Lexus,Ls430
4298,Lexus Ls430 2006,Lexus,Ls430
4299,Lexus Ls460 2007,Lexus,Ls460
4300,Lexus Ls460 2008,Lexus,Ls460
4301,Lexus Ls460 2009,Lexus,Ls460
4302,Lexus Ls460 2010,Lexus,Ls460
4303,Lexus Ls460 2011,Lexus,Ls460
4304,Lexus Lx450 1997,Lexus,Lx450
4305,Lexus Lx470 1998,Lexus,Lx470
4306,Lexus Lx470 1999,Lexus,Lx470
4307,Lexus Lx470 2000,Lexus,Lx470
4308,Lexus Lx470 2003,Lexus,Lx470
4309,Lexus Lx470 2004,Lexus,Lx470
4310,Lexus Lx470 2005,Lexus,Lx470
4311,Lexus Lx470 2006,Lexus,Lx470
4312,Lexus Lx570 2011,Lexus,Lx570
4313,Lexus Lx570 2013,Lexus,Lx570
4314,Lexus Lx570 2015,Lexus,Lx570
4315,Lexus Nx200T 2015,Lexus,Nx200T
4316,Lexus Rx300 1999,Lexus,Rx300
4317,Lexus Rx300 2000,Lexus,Rx300
4318,Lexus Rx300 2001,Lexus,Rx300
4319,Lexus Rx300 2002,Lexus,Rx300
4320,Lexus Rx300 2003,Lexus,Rx300
4321,Lexus Rx330 2004,Lexus,Rx330
4322,Lexus Rx330 2005,Lexus,Rx330
4323,Lexus Rx330 2006,Lexus,Rx330
4324,Lexus Rx350 2001,Lexus,Rx350
4325,Lexus Rx350 2007,Lexus,Rx350
4326,Lexus Rx350 2008,Lexus,Rx350
4327,Lexus Rx350 2010,Lexus,Rx350
4328,Lexus Rx350 2013,Lexus,Rx350
4329,Lexus Rx400H 2006,Lexus,Rx400H
4330,Lexus Rx400H 2007,Lexus,Rx400H
4331,Lexus Rx400H 2008,Lexus,Rx400H
4332,Lexus Sc300 1992,Lexus,Sc300
4333,Lexus Sc300 1993,Lexus,Sc300
4334,Lexus Sc300 1994,Lexus,Sc300
4335,Lexus Sc300 1995,Lexus,Sc300
4336,Lexus Sc300 1996,Lexus,Sc300
4337,Lexus Sc300 1997,Lexus,Sc300
4338,Lexus Sc300 1998,Lexus,Sc300
4339,Lexus Sc300 1999,Lexus,Sc300
4340,Lexus Sc400 1992,Lexus,Sc400
4341,Lexus Sc400 1993,Lexus,Sc400
4342,Lexus Sc400 1994,Lexus,Sc400
4343,Lexus Sc400 1995,Lexus,Sc400
4344,Lexus Sc400 1996,Lexus,Sc400
4345,Lexus Sc400 1998,Lexus,Sc400
4346,Lexus Sc400 1999,Lexus,Sc400
4347,Lexus Sc430 2002,Lexus,Sc430
4348,Lexus Sc430 2003,Lexus,Sc430
4349,Lexus Sc430 2004,Lexus,Sc430
4350,Lexus Sc430 2005,Lexus,Sc430
4351,Lexus Sc430 2006,Lexus,Sc430
4352,Lexus Sc430 2008,Lexus,Sc430
4353,Lincoln Aviator 2003,Lincoln,Aviator
4354,Lincoln Aviator 2004,Lincoln,Aviator
4355,Lincoln Aviator 2005,Lincoln,Aviator
4356,Lincoln Blackwood 2002,Lincoln,Blackwood
4357,Lincoln Continental 1942,Lincoln,Continental
4358,Lincoln Continental 1959,Lincoln,Continental
4359,Lincoln Continental 1960,Lincoln,Continental
4360,Lincoln Continental 1966,Lincoln,Continental
4361,Lincoln Continental 1967,Lincoln,Continental
4362,Lincoln Continental 1970,Lincoln,Continental
4363,Lincoln Continental 1973,Lincoln,Continental
4364,Lincoln Continental 1976,Lincoln,Continental
4365,Lincoln Continental 1979,Lincoln,Continental
4366,Lincoln Continental 1985,Lincoln,Continental
4367,Lincoln Continental 1992,Lincoln,Continental
4368,Lincoln Continental 1994,Lincoln,Continental
4369,Lincoln Continental 1995,Lincoln,Continental
4370,Lincoln Continental 1996,Lincoln,Continental
4371,Lincoln Continental 1997,Lincoln,Continental
4372,Lincoln Continental 1998,Lincoln,Continental
4373,Lincoln Continental 1999,Lincoln,Continental
4374,Lincoln Continental 2000,Lincoln,Continental
4375,Lincoln Continental 2001,Lincoln,Continental
4376,Lincoln Continental 2002,Lincoln,Continental
4377,Lincoln Ls 2000,Lincoln,Ls
4378,Lincoln Ls 2001,Lincoln,Ls
4379,Lincoln Ls 2002,Lincoln,Ls
4380,Lincoln Ls 2003,Lincoln,Ls
4381,Lincoln Ls 2004,Lincoln,Ls
4382,Lincoln Ls 2005,Lincoln,Ls
4383,Lincoln Ls 2006,Lincoln,Ls
4384,Lincoln Mark Iii 1970,Lincoln,Mark Iii
4385,Lincoln Mark Iv 1973,Lincoln,Mark Iv
4386,Lincoln Mark Iv 1974,Lincoln,Mark Iv
4387,Lincoln Mark V 1977,Lincoln,Mark V
4388,Lincoln Mark V 1979,Lincoln,Mark V
4389,Lincoln Mark Vi 1983,Lincoln,Mark Vi
4390,Lincoln Mark Vii 1984,Lincoln,Mark Vii
4391,Lincoln Mark Vii 1988,Lincoln,Mark Vii
4392,Lincoln Mark Vii 1991,Lincoln,Mark Vii
4393,Lincoln Mark Viii 1993,Lincoln,Mark Viii
4394,Lincoln Mark Viii 1994,Lincoln,Mark Viii
4395,Lincoln Mark Viii 1995,Lincoln,Mark Viii
4396,Lincoln Mark Viii 1996,Lincoln,Mark Viii
4397,Lincoln Mark Viii 1997,Lincoln,Mark Viii
4398,Lincoln Mark Viii 1998,Lincoln,Mark Viii
4399,Lincoln Mks 2009,Lincoln,Mks
4400,Lincoln Mks 2010,Lincoln,Mks
4401,Lincoln Mks 2011,Lincoln,Mks
4402,Lincoln Mks 2013,Lincoln,Mks
4403,Lincoln Mks 2014,Lincoln,Mks
4404,Lincoln Mkt 2010,Lincoln,Mkt
4405,Lincoln Mkx 2007,Lincoln,Mkx
4406,Lincoln Mkx 2008,Lincoln,Mkx
4407,Lincoln Mkx 2009,Lincoln,Mkx
4408,Lincoln Mkx 2010,Lincoln,Mkx
4409,Lincoln Mkx 2011,Lincoln,Mkx
4410,Lincoln Mkx 2012,Lincoln,Mkx
4411,Lincoln Mkx 2013,Lincoln,Mkx
4412,Lincoln Mkz 2007,Lincoln,Mkz
4413,Lincoln Mkz 2008,Lincoln,Mkz
4414,Lincoln Mkz 2009,Lincoln,Mkz
4415,Lincoln Mkz 2010,Lincoln,Mkz
4416,Lincoln Mkz 2013,Lincoln,Mkz
4417,Lincoln Mkz 2014,Lincoln,Mkz
4418,Lincoln Navigator 1998,Lincoln,Navigator
4419,Lincoln Navigator 1999,Lincoln,Navigator
4420,Lincoln Navigator 2000,Lincoln,Navigator
4421,Lincoln Navigator 2001,Lincoln,Navigator
4422,Lincoln Navigator 2002,Lincoln,Navigator
4423,Lincoln Navigator 2003,Lincoln,Navigator
4424,Lincoln Navigator 2004,Lincoln,Navigator
4425,Lincoln Navigator 2005,Lincoln,Navigator
4426,Lincoln Navigator 2006,Lincoln,Navigator
4427,Lincoln Navigator 2007,Lincoln,Navigator
4428,Lincoln Navigator 2008,Lincoln,Navigator
4429,Lincoln Navigator 2010,Lincoln,Navigator
4430,Lincoln Navigator 2011,Lincoln,Navigator
4431,Lincoln Premiere 1956,Lincoln,Premiere
4432,Lincoln Premiere 1957,Lincoln,Premiere
4433,Lincoln Towncar 1979,Lincoln,Towncar
4434,Lincoln Towncar 1984,Lincoln,Towncar
4435,Lincoln Towncar 1985,Lincoln,Towncar
4436,Lincoln Towncar 1986,Lincoln,Towncar
4437,Lincoln Towncar 1987,Lincoln,Towncar
4438,Lincoln Towncar 1988,Lincoln,Towncar
4439,Lincoln Towncar 1989,Lincoln,Towncar
4440,Lincoln Towncar 1990,Lincoln,Towncar
4441,Lincoln Towncar 1991,Lincoln,Towncar
4442,Lincoln Towncar 1992,Lincoln,Towncar
4443,Lincoln Towncar 1993,Lincoln,Towncar
4444,Lincoln Towncar 1994,Lincoln,Towncar
4445,Lincoln Towncar 1995,Lincoln,Towncar
4446,Lincoln Towncar 1996,Lincoln,Towncar
4447,Lincoln Towncar 1997,Lincoln,Towncar
4448,Lincoln Towncar 1998,Lincoln,Towncar
4449,Lincoln Towncar 1999,Lincoln,Towncar
4450,Lincoln Towncar 2000,Lincoln,Towncar
4451,Lincoln Towncar 2001,Lincoln,Towncar
4452,Lincoln Towncar 2002,Lincoln,Towncar
4453,Lincoln Towncar 2003,Lincoln,Towncar
4454,Lincoln Towncar 2004,Lincoln,Towncar
4455,Lincoln Towncar 2005,Lincoln,Towncar
4456,Lincoln Towncar 2006,Lincoln,Towncar
4457,Lincoln Towncar 2007,Lincoln,Towncar
4458,Lincoln Towncar 2008,Lincoln,Towncar
4459,Lincoln Towncar 2009,Lincoln,Towncar
4460,Lincoln Towncar 2010,Lincoln,Towncar
4461,Lincoln Towncar 2011,Lincoln,Towncar
4462,Lincoln Zephyr 2006,Lincoln,Zephyr
4463,Lotus Elise 2005,Lotus,Elise
4464,Lotus Esprit 1983,Lotus,Esprit
4465,Maserati Biturbo 1985,Maserati,Biturbo
4466,Maserati Ghibli 2014,Maserati,Ghibli
4467,Maserati Granturismo 2008,Maserati,Granturismo
4468,Maserati Quattroporte 2005,Maserati,Quattroporte
4469,Maserati Quattroporte 2006,Maserati,Quattroporte
4470,Maserati Quattroporte 2007,Maserati,Quattroporte
4471,Maserati Quattroporte 2008,Maserati,Quattroporte
4472,Maserati Spyder 2002,Maserati,Spyder
4473,Maserati Spyder 2005,Maserati,Spyder
4474,Mazda 2 2011,Mazda,2
4475,Mazda 2 2012,Mazda,2
4476,Mazda 2 2013,Mazda,2
4477,Mazda 2 2014,Mazda,2
4478,Mazda 323 1989,Mazda,323
4479,Mazda 323 1990,Mazda,323
4480,Mazda 3 2003,Mazda,3
4481,Mazda 3 2004,Mazda,3
4482,Mazda 3 2005,Mazda,3
4483,Mazda 3 2006,Mazda,3
4484,Mazda 3 2007,Mazda,3
4485,Mazda 3 2008,Mazda,3
4486,Mazda 3 2009,Mazda,3
4487,Mazda 3 2010,Mazda,3
4488,Mazda 3 2011,Mazda,3
4489,Mazda 3 2012,Mazda,3
4490,Mazda 3 2013,Mazda,3
4491,Mazda 3 2014,Mazda,3
4492,Mazda 3 2015,Mazda,3
4493,Mazda 3 2016,Mazda,3
4494,Mazda 3 Hatchback 2004,Mazda,3 Hatchback
4495,Mazda 3 Hatchback 2005,Mazda,3 Hatchback
4496,Mazda 3 Hatchback 2006,Mazda,3 Hatchback
4497,Mazda 3 Hatchback 2007,Mazda,3 Hatchback
4498,Mazda 3 Hatchback 2008,Mazda,3 Hatchback
4499,Mazda 3 Hatchback 2010,Mazda,3 Hatchback
4500,Mazda 3 Hatchback 2011,Mazda,3 Hatchback
4501,Mazda 3 Hatchback 2012,Mazda,3 Hatchback
4502,Mazda 3 Hatchback 2013,Mazda,3 Hatchback
4503,Mazda 3 Hatchback 2014,Mazda,3 Hatchback
4504,Mazda 5 2006,Mazda,5
4505,Mazda 5 2007,Mazda,5
4506,Mazda 5 2008,Mazda,5
4507,Mazda 5 2009,Mazda,5
4508,Mazda 5 2010,Mazda,5
4509,Mazda 5 2012,Mazda,5
4510,Mazda 5 2013,Mazda,5
4511,Mazda 626 1989,Mazda,626
4512,Mazda 626 1990,Mazda,626
4513,Mazda 626 1994,Mazda,626
4514,Mazda 626 1995,Mazda,626
4515,Mazda 626 1996,Mazda,626
4516,Mazda 626 1997,Mazda,626
4517,Mazda 626 1998,Mazda,626
4518,Mazda 626 1999,Mazda,626
4519,Mazda 626 2000,Mazda,626
4520,Mazda 626 2001,Mazda,626
4521,Mazda 626 2002,Mazda,626
4522,Mazda 6 2003,Mazda,6
4523,Mazda 6 2004,Mazda,6
4524,Mazda 6 2005,Mazda,6
4525,Mazda 6 2006,Mazda,6
4526,Mazda 6 2007,Mazda,6
4527,Mazda 6 2008,Mazda,6
4528,Mazda 6 2009,Mazda,6
4529,Mazda 6 2010,Mazda,6
4530,Mazda 6 2011,Mazda,6
4531,Mazda 6 2012,Mazda,6
4532,Mazda 6 2013,Mazda,6
4533,Mazda 6 2014,Mazda,6
4534,Mazda 6 2015,Mazda,6
4535,Mazda 6 Wagon 2004,Mazda,6 Wagon
4536,Mazda 6 Wagon 2005,Mazda,6 Wagon
4537,Mazda 929 1994,Mazda,929
4538,Mazda B2000 1986,Mazda,B2000
4539,Mazda B2000 1987,Mazda,B2000
4540,Mazda B2200 1986,Mazda,B2200
4541,Mazda B2200 1990,Mazda,B2200
4542,Mazda B2200 1991,Mazda,B2200
4543,Mazda B2200 1992,Mazda,B2200
4544,Mazda B2200 1993,Mazda,B2200
4545,Mazda B2300 1994,Mazda,B2300
4546,Mazda B2300 1995,Mazda,B2300
4547,Mazda B2300 1996,Mazda,B2300
4548,Mazda B2300 1997,Mazda,B2300
4549,Mazda B2300 2002,Mazda,B2300
4550,Mazda B2300 2004,Mazda,B2300
4551,Mazda B2300 2005,Mazda,B2300
4552,Mazda B2300 2008,Mazda,B2300
4553,Mazda B2500 1998,Mazda,B2500
4554,Mazda B2500 2000,Mazda,B2500
4555,Mazda B2600 1990,Mazda,B2600
4556,Mazda B2600 1993,Mazda,B2600
4557,Mazda B3000 1994,Mazda,B3000
4558,Mazda B3000 1999,Mazda,B3000
4559,Mazda B3000 2000,Mazda,B3000
4560,Mazda B3000 2001,Mazda,B3000
4561,Mazda B3000 2002,Mazda,B3000
4562,Mazda B3000 2006,Mazda,B3000
4563,Mazda B3000 2008,Mazda,B3000
4564,Mazda B4000 1994,Mazda,B4000
4565,Mazda B4000 1995,Mazda,B4000
4566,Mazda B4000 1998,Mazda,B4000
4567,Mazda B4000 1999,Mazda,B4000
4568,Mazda B4000 2003,Mazda,B4000
4569,Mazda Cx5 2013,Mazda,Cx5
4570,Mazda Cx5 2014,Mazda,Cx5
4571,Mazda Cx7 2007,Mazda,Cx7
4572,Mazda Cx7 2008,Mazda,Cx7
4573,Mazda Cx7 2009,Mazda,Cx7
4574,Mazda Cx7 2010,Mazda,Cx7
4575,Mazda Cx7 2011,Mazda,Cx7
4576,Mazda Cx9 2007,Mazda,Cx9
4577,Mazda Cx9 2008,Mazda,Cx9
4578,Mazda Cx9 2010,Mazda,Cx9
4579,Mazda Cx9 2011,Mazda,Cx9
4580,Mazda Cx9 2012,Mazda,Cx9
4581,Mazda Millenia 1995,Mazda,Millenia
4582,Mazda Millenia 1997,Mazda,Millenia
4583,Mazda Millenia 1998,Mazda,Millenia
4584,Mazda Millenia 1999,Mazda,Millenia
4585,Mazda Millenia 2000,Mazda,Millenia
4586,Mazda Millenia 2001,Mazda,Millenia
4587,Mazda Millenia 2002,Mazda,Millenia
4588,Mazda Mpv 1991,Mazda,Mpv
4589,Mazda Mpv 1992,Mazda,Mpv
4590,Mazda Mpv 1993,Mazda,Mpv
4591,Mazda Mpv 1994,Mazda,Mpv
4592,Mazda Mpv 1998,Mazda,Mpv
4593,Mazda Mpv 2000,Mazda,Mpv
4594,Mazda Mpv 2001,Mazda,Mpv
4595,Mazda Mpv 2002,Mazda,Mpv
4596,Mazda Mpv 2003,Mazda,Mpv
4597,Mazda Mpv 2004,Mazda,Mpv
4598,Mazda Mpv 2005,Mazda,Mpv
4599,Mazda Mpv 2006,Mazda,Mpv
4600,Mazda Mx3 1992,Mazda,Mx3
4601,Mazda Mx3 1993,Mazda,Mx3
4602,Mazda Mx3 1994,Mazda,Mx3
4603,Mazda Mx3 2004,Mazda,Mx3
4604,Mazda Mx3 2012,Mazda,Mx3
4605,Mazda Mx5 Miata 1990,Mazda,Mx5 Miata
4606,Mazda Mx5 Miata 1991,Mazda,Mx5 Miata
4607,Mazda Mx5 Miata 1992,Mazda,Mx5 Miata
4608,Mazda Mx5 Miata 1993,Mazda,Mx5 Miata
4609,Mazda Mx5 Miata 1994,Mazda,Mx5 Miata
4610,Mazda Mx5 Miata 1995,Mazda,Mx5 Miata
4611,Mazda Mx5 Miata 1996,Mazda,Mx5 Miata
4612,Mazda Mx5 Miata 1997,Mazda,Mx5 Miata
4613,Mazda Mx5 Miata 1998,Mazda,Mx5 Miata
4614,Mazda Mx5 Miata 1999,Mazda,Mx5 Miata
4615,Mazda Mx5 Miata 2000,Mazda,Mx5 Miata
4616,Mazda Mx5 Miata 2001,Mazda,Mx5 Miata
4617,Mazda Mx5 Miata 2002,Mazda,Mx5 Miata
4618,Mazda Mx5 Miata 2003,Mazda,Mx5 Miata
4619,Mazda Mx5 Miata 2004,Mazda,Mx5 Miata
4620,Mazda Mx5 Miata 2005,Mazda,Mx5 Miata
4621,Mazda Mx5 Miata 2006,Mazda,Mx5 Miata
4622,Mazda Mx5 Miata 2007,Mazda,Mx5 Miata
4623,Mazda Mx5 Miata 2008,Mazda,Mx5 Miata
4624,Mazda Mx5 Miata 2009,Mazda,Mx5 Miata
4625,Mazda Mx5 Miata 2010,Mazda,Mx5 Miata
4626,Mazda Mx5 Miata 2011,Mazda,Mx5 Miata
4627,Mazda Mx5 Miata 2016,Mazda,Mx5 Miata
4628,Mazda Mx6 1988,Mazda,Mx6
4629,Mazda Mx6 1993,Mazda,Mx6
4630,Mazda Mx6 1994,Mazda,Mx6
4631,Mazda Mx6 1995,Mazda,Mx6
4632,Mazda Mx6 1996,Mazda,Mx6
4633,Mazda Mx6 2003,Mazda,Mx6
4634,Mazda Mx6 2004,Mazda,Mx6
4635,Mazda Mx6 2005,Mazda,Mx6
4636,Mazda Mx6 2006,Mazda,Mx6
4637,Mazda Mx6 2014,Mazda,Mx6
4638,Mazda Protege 1990,Mazda,Protege
4639,Mazda Protege 1992,Mazda,Protege
4640,Mazda Protege 1993,Mazda,Protege
4641,Mazda Protege 1994,Mazda,Protege
4642,Mazda Protege 1995,Mazda,Protege
4643,Mazda Protege 1996,Mazda,Protege
4644,Mazda Protege 1997,Mazda,Protege
4645,Mazda Protege 1998,Mazda,Protege
4646,Mazda Protege 1999,Mazda,Protege
4647,Mazda Protege 2000,Mazda,Protege
4648,Mazda Protege 2001,Mazda,Protege
4649,Mazda Protege 2002,Mazda,Protege
4650,Mazda Protege 2003,Mazda,Protege
4651,Mazda Protege 2004,Mazda,Protege
4652,Mazda Rx7 1979,Mazda,Rx7
4653,Mazda Rx7 1982,Mazda,Rx7
4654,Mazda Rx7 1983,Mazda,Rx7
4655,Mazda Rx7 1985,Mazda,Rx7
4656,Mazda Rx7 1986,Mazda,Rx7
4657,Mazda Rx7 1987,Mazda,Rx7
4658,Mazda Rx7 1988,Mazda,Rx7
4659,Mazda Rx7 1989,Mazda,Rx7
4660,Mazda Rx7 1990,Mazda,Rx7
4661,Mazda Rx7 1991,Mazda,Rx7
4662,Mazda Rx7 1993,Mazda,Rx7
4663,Mazda Rx7 1994,Mazda,Rx7
4664,Mazda Rx8 2004,Mazda,Rx8
4665,Mazda Rx8 2005,Mazda,Rx8
4666,Mazda Rx8 2006,Mazda,Rx8
4667,Mazda Rx8 2007,Mazda,Rx8
4668,Mazda Rx8 2008,Mazda,Rx8
4669,Mazda Rx8 2009,Mazda,Rx8
4670,Mazda Rx8 2014,Mazda,Rx8
4671,Mazda Speed3 2007,Mazda,Speed3
4672,Mazda Speed3 2008,Mazda,Speed3
4673,Mazda Speed3 2009,Mazda,Speed3
4674,Mazda Speed3 2010,Mazda,Speed3
4675,Mazda Speed3 2011,Mazda,Speed3
4676,Mazda Speed6 2006,Mazda,Speed6
4677,Mazda Tribute 2000,Mazda,Tribute
4678,Mazda Tribute 2001,Mazda,Tribute
4679,Mazda Tribute 2002,Mazda,Tribute
4680,Mazda Tribute 2003,Mazda,Tribute
4681,Mazda Tribute 2004,Mazda,Tribute
4682,Mazda Tribute 2005,Mazda,Tribute
4683,Mazda Tribute 2006,Mazda,Tribute
4684,Mazda Tribute 2008,Mazda,Tribute
4685,Mazda Tribute 2009,Mazda,Tribute
4686,Mercedes Benz 190 1985,Mercedes,Benz 190
4687,Mercedes Benz 190D 1987,Mercedes,Benz 190D
4688,Mercedes Benz 220D 1971,Mercedes,Benz 220D
4689,Mercedes Benz 240D 1979,Mercedes,Benz 240D
4690,Mercedes Benz 240D 1982,Mercedes,Benz 240D
4691,Mercedes Benz 240D 1983,Mercedes,Benz 240D
4692,Mercedes Benz 300D 1976,Mercedes,Benz 300D
4693,Mercedes Benz 300D 1978,Mercedes,Benz 300D
4694,Mercedes Benz 300D 1983,Mercedes,Benz 300D
4695,Mercedes Benz 300D 1984,Mercedes,Benz 300D
4696,Mercedes Benz 300D 1985,Mercedes,Benz 300D
4697,Mercedes Benz 300D 1987,Mercedes,Benz 300D
4698,Mercedes Benz 300D 1991,Mercedes,Benz 300D
4699,Mercedes Benz 300D 1993,Mercedes,Benz 300D
4700,Mercedes Benz B200 2008,Mercedes,Benz B200
4701,Mercedes Benz B200 2009,Mercedes,Benz B200
4702,Mercedes Benz B200T 2006,Mercedes,Benz B200T
4703,Mercedes Benz C220 1994,Mercedes,Benz C220
4704,Mercedes Benz C220 1995,Mercedes,Benz C220
4705,Mercedes Benz C220 1996,Mercedes,Benz C220
4706,Mercedes Benz C230 1997,Mercedes,Benz C230
4707,Mercedes Benz C230 1998,Mercedes,Benz C230
4708,Mercedes Benz C230 1999,Mercedes,Benz C230
4709,Mercedes Benz C230 2000,Mercedes,Benz C230
4710,Mercedes Benz C230 2002,Mercedes,Benz C230
4711,Mercedes Benz C230 2003,Mercedes,Benz C230
4712,Mercedes Benz C230 2004,Mercedes,Benz C230
4713,Mercedes Benz C230 2005,Mercedes,Benz C230
4714,Mercedes Benz C230 2006,Mercedes,Benz C230
4715,Mercedes Benz C230 2007,Mercedes,Benz C230
4716,Mercedes Benz C230 2013,Mercedes,Benz C230
4717,Mercedes Benz C240 2001,Mercedes,Benz C240
4718,Mercedes Benz C240 2002,Mercedes,Benz C240
4719,Mercedes Benz C240 2003,Mercedes,Benz C240
4720,Mercedes Benz C240 2004,Mercedes,Benz C240
4721,Mercedes Benz C240 2005,Mercedes,Benz C240
4722,Mercedes Benz C250 2012,Mercedes,Benz C250
4723,Mercedes Benz C250 2013,Mercedes,Benz C250
4724,Mercedes Benz C250 2014,Mercedes,Benz C250
4725,Mercedes Benz C250 2015,Mercedes,Benz C250
4726,Mercedes Benz C280 1994,Mercedes,Benz C280
4727,Mercedes Benz C280 1995,Mercedes,Benz C280
4728,Mercedes Benz C280 1996,Mercedes,Benz C280
4729,Mercedes Benz C280 1997,Mercedes,Benz C280
4730,Mercedes Benz C280 1998,Mercedes,Benz C280
4731,Mercedes Benz C280 1999,Mercedes,Benz C280
4732,Mercedes Benz C280 2000,Mercedes,Benz C280
4733,Mercedes Benz C280 2006,Mercedes,Benz C280
4734,Mercedes Benz C280 2007,Mercedes,Benz C280
4735,Mercedes Benz C300 1988,Mercedes,Benz C300
4736,Mercedes Benz C300 2008,Mercedes,Benz C300
4737,Mercedes Benz C300 2009,Mercedes,Benz C300
4738,Mercedes Benz C300 2010,Mercedes,Benz C300
4739,Mercedes Benz C300 2011,Mercedes,Benz C300
4740,Mercedes Benz C300 2012,Mercedes,Benz C300
4741,Mercedes Benz C300 2013,Mercedes,Benz C300
4742,Mercedes Benz C300 2014,Mercedes,Benz C300
4743,Mercedes Benz C320 1999,Mercedes,Benz C320
4744,Mercedes Benz C320 2001,Mercedes,Benz C320
4745,Mercedes Benz C320 2002,Mercedes,Benz C320
4746,Mercedes Benz C320 2003,Mercedes,Benz C320
4747,Mercedes Benz C320 2004,Mercedes,Benz C320
4748,Mercedes Benz C320 2005,Mercedes,Benz C320
4749,Mercedes Benz C32 2003,Mercedes,Benz C32
4750,Mercedes Benz C350 2006,Mercedes,Benz C350
4751,Mercedes Benz C350 2007,Mercedes,Benz C350
4752,Mercedes Benz C350 2008,Mercedes,Benz C350
4753,Mercedes Benz C350 2009,Mercedes,Benz C350
4754,Mercedes Benz C350 2010,Mercedes,Benz C350
4755,Mercedes Benz C55 2006,Mercedes,Benz C55
4756,Mercedes Benz Cd300 1983,Mercedes,Benz Cd300
4757,Mercedes Benz Ce300 1988,Mercedes,Benz Ce300
4758,Mercedes Benz Ce300 1991,Mercedes,Benz Ce300
4759,Mercedes Benz Ce300 1993,Mercedes,Benz Ce300
4760,Mercedes Benz Cl500 2000,Mercedes,Benz Cl500
4761,Mercedes Benz Cl500 2001,Mercedes,Benz Cl500
4762,Mercedes Benz Cl500 2002,Mercedes,Benz Cl500
4763,Mercedes Benz Cl500 2004,Mercedes,Benz Cl500
4764,Mercedes Benz Cl500 2006,Mercedes,Benz Cl500
4765,Mercedes Benz Cl600 2006,Mercedes,Benz Cl600
4766,Mercedes Benz Cla250 2014,Mercedes,Benz Cla250
4767,Mercedes Benz Clk240 2004,Mercedes,Benz Clk240
4768,Mercedes Benz Clk320 1998,Mercedes,Benz Clk320
4769,Mercedes Benz Clk320 1999,Mercedes,Benz Clk320
4770,Mercedes Benz Clk320 2000,Mercedes,Benz Clk320
4771,Mercedes Benz Clk320 2001,Mercedes,Benz Clk320
4772,Mercedes Benz Clk320 2003,Mercedes,Benz Clk320
4773,Mercedes Benz Clk320 2004,Mercedes,Benz Clk320
4774,Mercedes Benz Clk320 2005,Mercedes,Benz Clk320
4775,Mercedes Benz Clk350 2006,Mercedes,Benz Clk350
4776,Mercedes Benz Clk350 2007,Mercedes,Benz Clk350
4777,Mercedes Benz Clk350 2008,Mercedes,Benz Clk350
4778,Mercedes Benz Clk350 2009,Mercedes,Benz Clk350
4779,Mercedes Benz Clk430 1999,Mercedes,Benz Clk430
4780,Mercedes Benz Clk430 2000,Mercedes,Benz Clk430
4781,Mercedes Benz Clk430 2001,Mercedes,Benz Clk430
4782,Mercedes Benz Clk430 2002,Mercedes,Benz Clk430
4783,Mercedes Benz Clk500 2003,Mercedes,Benz Clk500
4784,Mercedes Benz Clk500 2004,Mercedes,Benz Clk500
4785,Mercedes Benz Clk500 2005,Mercedes,Benz Clk500
4786,Mercedes Benz Clk500 2006,Mercedes,Benz Clk500
4787,Mercedes Benz Clk550 2007,Mercedes,Benz Clk550
4788,Mercedes Benz Clk55 2001,Mercedes,Benz Clk55
4789,Mercedes Benz Clk55 2002,Mercedes,Benz Clk55
4790,Mercedes Benz Clk55 2003,Mercedes,Benz Clk55
4791,Mercedes Benz Clk55 2004,Mercedes,Benz Clk55
4792,Mercedes Benz Cls500 2006,Mercedes,Benz Cls500
4793,Mercedes Benz Cls500 2007,Mercedes,Benz Cls500
4794,Mercedes Benz Cls550 2007,Mercedes,Benz Cls550
4795,Mercedes Benz Cls550 2008,Mercedes,Benz Cls550
4796,Mercedes Benz Cls550 2009,Mercedes,Benz Cls550
4797,Mercedes Benz Cls550 2010,Mercedes,Benz Cls550
4798,Mercedes Benz Cls550 2012,Mercedes,Benz Cls550
4799,Mercedes Benz E190 1993,Mercedes,Benz E190
4800,Mercedes Benz E300 1986,Mercedes,Benz E300
4801,Mercedes Benz E300 1989,Mercedes,Benz E300
4802,Mercedes Benz E300 1990,Mercedes,Benz E300
4803,Mercedes Benz E300 1993,Mercedes,Benz E300
4804,Mercedes Benz E300 1996,Mercedes,Benz E300
4805,Mercedes Benz E300 1998,Mercedes,Benz E300
4806,Mercedes Benz E300 1999,Mercedes,Benz E300
4807,Mercedes Benz E300 2009,Mercedes,Benz E300
4808,Mercedes Benz E320 1994,Mercedes,Benz E320
4809,Mercedes Benz E320 1995,Mercedes,Benz E320
4810,Mercedes Benz E320 1996,Mercedes,Benz E320
4811,Mercedes Benz E320 1997,Mercedes,Benz E320
4812,Mercedes Benz E320 1998,Mercedes,Benz E320
4813,Mercedes Benz E320 1999,Mercedes,Benz E320
4814,Mercedes Benz E320 2000,Mercedes,Benz E320
4815,Mercedes Benz E320 2001,Mercedes,Benz E320
4816,Mercedes Benz E320 2002,Mercedes,Benz E320
4817,Mercedes Benz E320 2003,Mercedes,Benz E320
4818,Mercedes Benz E320 2004,Mercedes,Benz E320
4819,Mercedes Benz E320 2005,Mercedes,Benz E320
4820,Mercedes Benz E320 2006,Mercedes,Benz E320
4821,Mercedes Benz E320 Wagon 1995,Mercedes,Benz E320 Wagon
4822,Mercedes Benz E320 Wagon 1998,Mercedes,Benz E320 Wagon
4823,Mercedes Benz E320 Wagon 1999,Mercedes,Benz E320 Wagon
4824,Mercedes Benz E320 Wagon 2000,Mercedes,Benz E320 Wagon
4825,Mercedes Benz E320 Wagon 2001,Mercedes,Benz E320 Wagon
4826,Mercedes Benz E320 Wagon 2002,Mercedes,Benz E320 Wagon
4827,Mercedes Benz E320 Wagon 2004,Mercedes,Benz E320 Wagon
4828,Mercedes Benz E320 Wagon 2005,Mercedes,Benz E320 Wagon
4829,Mercedes Benz E350 2006,Mercedes,Benz E350
4830,Mercedes Benz E350 2007,Mercedes,Benz E350
4831,Mercedes Benz E350 2008,Mercedes,Benz E350
4832,Mercedes Benz E350 2009,Mercedes,Benz E350
4833,Mercedes Benz E350 2010,Mercedes,Benz E350
4834,Mercedes Benz E350 2011,Mercedes,Benz E350
4835,Mercedes Benz E350 2012,Mercedes,Benz E350
4836,Mercedes Benz E350 2013,Mercedes,Benz E350
4837,Mercedes Benz E350 2014,Mercedes,Benz E350
4838,Mercedes Benz E420 1994,Mercedes,Benz E420
4839,Mercedes Benz E420 1995,Mercedes,Benz E420
4840,Mercedes Benz E420 1997,Mercedes,Benz E420
4841,Mercedes Benz E430 1998,Mercedes,Benz E430
4842,Mercedes Benz E430 1999,Mercedes,Benz E430
4843,Mercedes Benz E430 2000,Mercedes,Benz E430
4844,Mercedes Benz E430 2001,Mercedes,Benz E430
4845,Mercedes Benz E430 2002,Mercedes,Benz E430
4846,Mercedes Benz E500 2003,Mercedes,Benz E500
4847,Mercedes Benz E500 2004,Mercedes,Benz E500
4848,Mercedes Benz E500 2005,Mercedes,Benz E500
4849,Mercedes Benz E500 2006,Mercedes,Benz E500
4850,Mercedes Benz E550 2007,Mercedes,Benz E550
4851,Mercedes Benz E55 2006,Mercedes,Benz E55
4852,Mercedes Benz E63 2007,Mercedes,Benz E63
4853,Mercedes Benz E63 2011,Mercedes,Benz E63
4854,Mercedes Benz Gl320 2008,Mercedes,Benz Gl320
4855,Mercedes Benz Gl350 2010,Mercedes,Benz Gl350
4856,Mercedes Benz Gl450 2007,Mercedes,Benz Gl450
4857,Mercedes Benz Gl450 2008,Mercedes,Benz Gl450
4858,Mercedes Benz Gl450 2009,Mercedes,Benz Gl450
4859,Mercedes Benz Gl450 2010,Mercedes,Benz Gl450
4860,Mercedes Benz Gl450 2011,Mercedes,Benz Gl450
4861,Mercedes Benz Gl550 2008,Mercedes,Benz Gl550
4862,Mercedes Benz Gl550 2009,Mercedes,Benz Gl550
4863,Mercedes Benz Gla250 2015,Mercedes,Benz Gla250
4864,Mercedes Benz Gla250 2016,Mercedes,Benz Gla250
4865,Mercedes Benz Gla45 2016,Mercedes,Benz Gla45
4866,Mercedes Benz Glk350 2010,Mercedes,Benz Glk350
4867,Mercedes Benz Glk350 2011,Mercedes,Benz Glk350
4868,Mercedes Benz Glk350 2012,Mercedes,Benz Glk350
4869,Mercedes Benz Glk350 2013,Mercedes,Benz Glk350
4870,Mercedes Benz Glk350 2014,Mercedes,Benz Glk350
4871,Mercedes Benz Ht350 2006,Mercedes,Benz Ht350
4872,Mercedes Benz Ml320 1998,Mercedes,Benz Ml320
4873,Mercedes Benz Ml320 1999,Mercedes,Benz Ml320
4874,Mercedes Benz Ml320 2000,Mercedes,Benz Ml320
4875,Mercedes Benz Ml320 2001,Mercedes,Benz Ml320
4876,Mercedes Benz Ml320 2002,Mercedes,Benz Ml320
4877,Mercedes Benz Ml320 2003,Mercedes,Benz Ml320
4878,Mercedes Benz Ml320 2004,Mercedes,Benz Ml320
4879,Mercedes Benz Ml320 2007,Mercedes,Benz Ml320
4880,Mercedes Benz Ml320 2008,Mercedes,Benz Ml320
4881,Mercedes Benz Ml320 2009,Mercedes,Benz Ml320
4882,Mercedes Benz Ml350 2003,Mercedes,Benz Ml350
4883,Mercedes Benz Ml350 2004,Mercedes,Benz Ml350
4884,Mercedes Benz Ml350 2005,Mercedes,Benz Ml350
4885,Mercedes Benz Ml350 2006,Mercedes,Benz Ml350
4886,Mercedes Benz Ml350 2007,Mercedes,Benz Ml350
4887,Mercedes Benz Ml350 2008,Mercedes,Benz Ml350
4888,Mercedes Benz Ml350 2009,Mercedes,Benz Ml350
4889,Mercedes Benz Ml350 2010,Mercedes,Benz Ml350
4890,Mercedes Benz Ml350 2011,Mercedes,Benz Ml350
4891,Mercedes Benz Ml350 2012,Mercedes,Benz Ml350
4892,Mercedes Benz Ml350 2013,Mercedes,Benz Ml350
4893,Mercedes Benz Ml350 2015,Mercedes,Benz Ml350
4894,Mercedes Benz Ml430 1999,Mercedes,Benz Ml430
4895,Mercedes Benz Ml430 2000,Mercedes,Benz Ml430
4896,Mercedes Benz Ml430 2001,Mercedes,Benz Ml430
4897,Mercedes Benz Ml500 2002,Mercedes,Benz Ml500
4898,Mercedes Benz Ml500 2003,Mercedes,Benz Ml500
4899,Mercedes Benz Ml500 2004,Mercedes,Benz Ml500
4900,Mercedes Benz Ml500 2005,Mercedes,Benz Ml500
4901,Mercedes Benz Ml500 2006,Mercedes,Benz Ml500
4902,Mercedes Benz Ml500 2007,Mercedes,Benz Ml500
4903,Mercedes Benz Ml55 2001,Mercedes,Benz Ml55
4904,Mercedes Benz R350 2006,Mercedes,Benz R350
4905,Mercedes Benz R350 2007,Mercedes,Benz R350
4906,Mercedes Benz R350 2008,Mercedes,Benz R350
4907,Mercedes Benz R350 2010,Mercedes,Benz R350
4908,Mercedes Benz R350 2011,Mercedes,Benz R350
4909,Mercedes Benz R500 2006,Mercedes,Benz R500
4910,Mercedes Benz S320 1994,Mercedes,Benz S320
4911,Mercedes Benz S320 1995,Mercedes,Benz S320
4912,Mercedes Benz S320 1996,Mercedes,Benz S320
4913,Mercedes Benz S320 1997,Mercedes,Benz S320
4914,Mercedes Benz S320 1999,Mercedes,Benz S320
4915,Mercedes Benz S350 2006,Mercedes,Benz S350
4916,Mercedes Benz S350 2012,Mercedes,Benz S350
4917,Mercedes Benz S420 1995,Mercedes,Benz S420
4918,Mercedes Benz S420 1996,Mercedes,Benz S420
4919,Mercedes Benz S420 1997,Mercedes,Benz S420
4920,Mercedes Benz S420 1998,Mercedes,Benz S420
4921,Mercedes Benz S420 1999,Mercedes,Benz S420
4922,Mercedes Benz S430 2000,Mercedes,Benz S430
4923,Mercedes Benz S430 2001,Mercedes,Benz S430
4924,Mercedes Benz S430 2002,Mercedes,Benz S430
4925,Mercedes Benz S430 2003,Mercedes,Benz S430
4926,Mercedes Benz S430 2004,Mercedes,Benz S430
4927,Mercedes Benz S430 2005,Mercedes,Benz S430
4928,Mercedes Benz S430 2006,Mercedes,Benz S430
4929,Mercedes Benz S500 1994,Mercedes,Benz S500
4930,Mercedes Benz S500 1995,Mercedes,Benz S500
4931,Mercedes Benz S500 1996,Mercedes,Benz S500
4932,Mercedes Benz S500 1997,Mercedes,Benz S500
4933,Mercedes Benz S500 1998,Mercedes,Benz S500
4934,Mercedes Benz S500 2000,Mercedes,Benz S500
4935,Mercedes Benz S500 2001,Mercedes,Benz S500
4936,Mercedes Benz S500 2002,Mercedes,Benz S500
4937,Mercedes Benz S500 2003,Mercedes,Benz S500
4938,Mercedes Benz S500 2004,Mercedes,Benz S500
4939,Mercedes Benz S500 2005,Mercedes,Benz S500
4940,Mercedes Benz S550 2007,Mercedes,Benz S550
4941,Mercedes Benz S550 2008,Mercedes,Benz S550
4942,Mercedes Benz S550 2009,Mercedes,Benz S550
4943,Mercedes Benz S550 2010,Mercedes,Benz S550
4944,Mercedes Benz S550 2011,Mercedes,Benz S550
4945,Mercedes Benz S550 2012,Mercedes,Benz S550
4946,Mercedes Benz S55 2003,Mercedes,Benz S55
4947,Mercedes Benz S55 2006,Mercedes,Benz S55
4948,Mercedes Benz S600 2001,Mercedes,Benz S600
4949,Mercedes Benz S600 2002,Mercedes,Benz S600
4950,Mercedes Benz S600 2003,Mercedes,Benz S600
4951,Mercedes Benz S600 2005,Mercedes,Benz S600
4952,Mercedes Benz S600 2008,Mercedes,Benz S600
4953,Mercedes Benz S65 2007,Mercedes,Benz S65
4954,Mercedes Benz Sd300 1982,Mercedes,Benz Sd300
4955,Mercedes Benz Sd300 1984,Mercedes,Benz Sd300
4956,Mercedes Benz Sdl300 1987,Mercedes,Benz Sdl300
4957,Mercedes Benz Se280 1969,Mercedes,Benz Se280
4958,Mercedes Benz Se280 1978,Mercedes,Benz Se280
4959,Mercedes Benz Se380 1985,Mercedes,Benz Se380
4960,Mercedes Benz Se400 1992,Mercedes,Benz Se400
4961,Mercedes Benz Sel600 1992,Mercedes,Benz Sel600
4962,Mercedes Benz Sl300 1989,Mercedes,Benz Sl300
4963,Mercedes Benz Sl300 1990,Mercedes,Benz Sl300
4964,Mercedes Benz Sl300 1991,Mercedes,Benz Sl300
4965,Mercedes Benz Sl320 1995,Mercedes,Benz Sl320
4966,Mercedes Benz Sl320 1996,Mercedes,Benz Sl320
4967,Mercedes Benz Sl380 1981,Mercedes,Benz Sl380
4968,Mercedes Benz Sl380 1983,Mercedes,Benz Sl380
4969,Mercedes Benz Sl380 1984,Mercedes,Benz Sl380
4970,Mercedes Benz Sl380 1985,Mercedes,Benz Sl380
4971,Mercedes Benz Sl450 1973,Mercedes,Benz Sl450
4972,Mercedes Benz Sl450 1979,Mercedes,Benz Sl450
4973,Mercedes Benz Sl450 1980,Mercedes,Benz Sl450
4974,Mercedes Benz Sl500 1992,Mercedes,Benz Sl500
4975,Mercedes Benz Sl500 1994,Mercedes,Benz Sl500
4976,Mercedes Benz Sl500 1995,Mercedes,Benz Sl500
4977,Mercedes Benz Sl500 1996,Mercedes,Benz Sl500
4978,Mercedes Benz Sl500 1998,Mercedes,Benz Sl500
4979,Mercedes Benz Sl500 1999,Mercedes,Benz Sl500
4980,Mercedes Benz Sl500 2000,Mercedes,Benz Sl500
4981,Mercedes Benz Sl500 2001,Mercedes,Benz Sl500
4982,Mercedes Benz Sl500 2002,Mercedes,Benz Sl500
4983,Mercedes Benz Sl500 2003,Mercedes,Benz Sl500
4984,Mercedes Benz Sl500 2004,Mercedes,Benz Sl500
4985,Mercedes Benz Sl500 2005,Mercedes,Benz Sl500
4986,Mercedes Benz Sl500 2006,Mercedes,Benz Sl500
4987,Mercedes Benz Sl550 2007,Mercedes,Benz Sl550
4988,Mercedes Benz Sl550 2009,Mercedes,Benz Sl550
4989,Mercedes Benz Sl55 2003,Mercedes,Benz Sl55
4990,Mercedes Benz Sl560 1986,Mercedes,Benz Sl560
4991,Mercedes Benz Sl560 1987,Mercedes,Benz Sl560
4992,Mercedes Benz Sl560 1988,Mercedes,Benz Sl560
4993,Mercedes Benz Sl560 1989,Mercedes,Benz Sl560
4994,Mercedes Benz Sl600 1999,Mercedes,Benz Sl600
4995,Mercedes Benz Sl600 2000,Mercedes,Benz Sl600
4996,Mercedes Benz Slc450 1977,Mercedes,Benz Slc450
4997,Mercedes Benz Slk230 1997,Mercedes,Benz Slk230
4998,Mercedes Benz Slk230 1998,Mercedes,Benz Slk230
4999,Mercedes Benz Slk230 1999,Mercedes,Benz Slk230
5000,Mercedes Benz Slk230 2000,Mercedes,Benz Slk230
5001,Mercedes Benz Slk230 2001,Mercedes,Benz Slk230
5002,Mercedes Benz Slk230 2002,Mercedes,Benz Slk230
5003,Mercedes Benz Slk230 2007,Mercedes,Benz Slk230
5004,Mercedes Benz Slk280 1995,Mercedes,Benz Slk280
5005,Mercedes Benz Slk280 2006,Mercedes,Benz Slk280
5006,Mercedes Benz Slk280 2007,Mercedes,Benz Slk280
5007,Mercedes Benz Slk320 2001,Mercedes,Benz Slk320
5008,Mercedes Benz Slk320 2002,Mercedes,Benz Slk320
5009,Mercedes Benz Slk320 2003,Mercedes,Benz Slk320
5010,Mercedes Benz Slk320 2004,Mercedes,Benz Slk320
5011,Mercedes Benz Slk320 2005,Mercedes,Benz Slk320
5012,Mercedes Benz Slk350 2005,Mercedes,Benz Slk350
5013,Mercedes Benz Slk350 2006,Mercedes,Benz Slk350
5014,Mercedes Benz Slk350 2009,Mercedes,Benz Slk350
5015,Mercedes Benz Sprinter 2008,Mercedes,Benz Sprinter
5016,Mercedes Benz Sprinter 2010,Mercedes,Benz Sprinter
5017,Mercedes Benz Sprinter 2013,Mercedes,Benz Sprinter
5018,Mercedes Benz Sprinter 2014,Mercedes,Benz Sprinter
5019,Mercedes Benz Td300 1984,Mercedes,Benz Td300
5020,Mercury Capri 1982,Mercury,Capri
5021,Mercury Capri 1983,Mercury,Capri
5022,Mercury Capri 1986,Mercury,Capri
5023,Mercury Capri 1991,Mercury,Capri
5024,Mercury Capri 1992,Mercury,Capri
5025,Mercury Capri 1993,Mercury,Capri
5026,Mercury Comet 1964,Mercury,Comet
5027,Mercury Comet 1965,Mercury,Comet
5028,Mercury Comet 1966,Mercury,Comet
5029,Mercury Cougar 1967,Mercury,Cougar
5030,Mercury Cougar 1968,Mercury,Cougar
5031,Mercury Cougar 1969,Mercury,Cougar
5032,Mercury Cougar 1970,Mercury,Cougar
5033,Mercury Cougar 1974,Mercury,Cougar
5034,Mercury Cougar 1978,Mercury,Cougar
5035,Mercury Cougar 1979,Mercury,Cougar
5036,Mercury Cougar 1984,Mercury,Cougar
5037,Mercury Cougar 1987,Mercury,Cougar
5038,Mercury Cougar 1988,Mercury,Cougar
5039,Mercury Cougar 1992,Mercury,Cougar
5040,Mercury Cougar 1993,Mercury,Cougar
5041,Mercury Cougar 1995,Mercury,Cougar
5042,Mercury Cougar 1996,Mercury,Cougar
5043,Mercury Cougar 1997,Mercury,Cougar
5044,Mercury Cougar 1998,Mercury,Cougar
5045,Mercury Cougar 1999,Mercury,Cougar
5046,Mercury Cougar 2000,Mercury,Cougar
5047,Mercury Cougar 2001,Mercury,Cougar
5048,Mercury Cougar 2002,Mercury,Cougar
5049,Mercury Cougar 2003,Mercury,Cougar
5050,Mercury Cyclone 1969,Mercury,Cyclone
5051,Mercury Grandmarquis 1973,Mercury,Grandmarquis
5052,Mercury Grandmarquis 1977,Mercury,Grandmarquis
5053,Mercury Grandmarquis 1983,Mercury,Grandmarquis
5054,Mercury Grandmarquis 1984,Mercury,Grandmarquis
5055,Mercury Grandmarquis 1985,Mercury,Grandmarquis
5056,Mercury Grandmarquis 1988,Mercury,Grandmarquis
5057,Mercury Grandmarquis 1989,Mercury,Grandmarquis
5058,Mercury Grandmarquis 1990,Mercury,Grandmarquis
5059,Mercury Grandmarquis 1991,Mercury,Grandmarquis
5060,Mercury Grandmarquis 1992,Mercury,Grandmarquis
5061,Mercury Grandmarquis 1993,Mercury,Grandmarquis
5062,Mercury Grandmarquis 1994,Mercury,Grandmarquis
5063,Mercury Grandmarquis 1995,Mercury,Grandmarquis
5064,Mercury Grandmarquis 1996,Mercury,Grandmarquis
5065,Mercury Grandmarquis 1997,Mercury,Grandmarquis
5066,Mercury Grandmarquis 1998,Mercury,Grandmarquis
5067,Mercury Grandmarquis 1999,Mercury,Grandmarquis
5068,Mercury Grandmarquis 2000,Mercury,Grandmarquis
5069,Mercury Grandmarquis 2001,Mercury,Grandmarquis
5070,Mercury Grandmarquis 2002,Mercury,Grandmarquis
5071,Mercury Grandmarquis 2003,Mercury,Grandmarquis
5072,Mercury Grandmarquis 2004,Mercury,Grandmarquis
5073,Mercury Grandmarquis 2005,Mercury,Grandmarquis
5074,Mercury Grandmarquis 2006,Mercury,Grandmarquis
5075,Mercury Grandmarquis 2007,Mercury,Grandmarquis
5076,Mercury Grandmarquis 2008,Mercury,Grandmarquis
5077,Mercury Grandmarquis 2010,Mercury,Grandmarquis
5078,Mercury Grandmarquis 2011,Mercury,Grandmarquis
5079,Mercury Marauder 2003,Mercury,Marauder
5080,Mercury Marauder 2004,Mercury,Marauder
5081,Mercury Mariner 2002,Mercury,Mariner
5082,Mercury Mariner 2005,Mercury,Mariner
5083,Mercury Mariner 2006,Mercury,Mariner
5084,Mercury Mariner 2007,Mercury,Mariner
5085,Mercury Mariner 2008,Mercury,Mariner
5086,Mercury Mariner 2009,Mercury,Mariner
5087,Mercury Mariner 2010,Mercury,Mariner
5088,Mercury Mariner 2011,Mercury,Mariner
5089,Mercury Milan 2006,Mercury,Milan
5090,Mercury Milan 2007,Mercury,Milan
5091,Mercury Milan 2008,Mercury,Milan
5092,Mercury Milan 2009,Mercury,Milan
5093,Mercury Milan 2010,Mercury,Milan
5094,Mercury Montego 2005,Mercury,Montego
5095,Mercury Montego 2006,Mercury,Montego
5096,Mercury Montego 2007,Mercury,Montego
5097,Mercury Monterey 1954,Mercury,Monterey
5098,Mercury Monterey 1955,Mercury,Monterey
5099,Mercury Monterey 1974,Mercury,Monterey
5100,Mercury Monterey 2003,Mercury,Monterey
5101,Mercury Monterey 2004,Mercury,Monterey
5102,Mercury Mountaineer 1997,Mercury,Mountaineer
5103,Mercury Mountaineer 1998,Mercury,Mountaineer
5104,Mercury Mountaineer 1999,Mercury,Mountaineer
5105,Mercury Mountaineer 2000,Mercury,Mountaineer
5106,Mercury Mountaineer 2001,Mercury,Mountaineer
5107,Mercury Mountaineer 2002,Mercury,Mountaineer
5108,Mercury Mountaineer 2003,Mercury,Mountaineer
5109,Mercury Mountaineer 2004,Mercury,Mountaineer
5110,Mercury Mountaineer 2005,Mercury,Mountaineer
5111,Mercury Mountaineer 2006,Mercury,Mountaineer
5112,Mercury Mountaineer 2007,Mercury,Mountaineer
5113,Mercury Mountaineer 2008,Mercury,Mountaineer
5114,Mercury Mystique 1995,Mercury,Mystique
5115,Mercury Mystique 1996,Mercury,Mystique
5116,Mercury Mystique 1998,Mercury,Mystique
5117,Mercury Mystique 1999,Mercury,Mystique
5118,Mercury Mystique 2000,Mercury,Mystique
5119,Mercury Parklane 1964,Mercury,Parklane
5120,Mercury Sable 1992,Mercury,Sable
5121,Mercury Sable 1993,Mercury,Sable
5122,Mercury Sable 1994,Mercury,Sable
5123,Mercury Sable 1995,Mercury,Sable
5124,Mercury Sable 1996,Mercury,Sable
5125,Mercury Sable 1997,Mercury,Sable
5126,Mercury Sable 1998,Mercury,Sable
5127,Mercury Sable 1999,Mercury,Sable
5128,Mercury Sable 2000,Mercury,Sable
5129,Mercury Sable 2001,Mercury,Sable
5130,Mercury Sable 2002,Mercury,Sable
5131,Mercury Sable 2003,Mercury,Sable
5132,Mercury Sable 2004,Mercury,Sable
5133,Mercury Sable 2005,Mercury,Sable
5134,Mercury Sable 2008,Mercury,Sable
5135,Mercury Topaz 1993,Mercury,Topaz
5136,Mercury Tracer 1993,Mercury,Tracer
5137,Mercury Tracer 1995,Mercury,Tracer
5138,Mercury Tracer 1997,Mercury,Tracer
5139,Mercury Tracer 1998,Mercury,Tracer
5140,Mercury Tracer 1999,Mercury,Tracer
5141,Mercury Villager 1993,Mercury,Villager
5142,Mercury Villager 1994,Mercury,Villager
5143,Mercury Villager 1995,Mercury,Villager
5144,Mercury Villager 1996,Mercury,Villager
5145,Mercury Villager 1997,Mercury,Villager
5146,Mercury Villager 1998,Mercury,Villager
5147,Mercury Villager 1999,Mercury,Villager
5148,Mercury Villager 2000,Mercury,Villager
5149,Mercury Villager 2001,Mercury,Villager
5150,Mercury Villager 2002,Mercury,Villager
5151,Mg Mgb 1972,Mg,Mgb
5152,Mg Mgb Mk5 1976,Mg,Mgb Mk5
5153,Mg Midget 1972,Mg,Midget
5154,Mg Midget 1974,Mg,Midget
5155,Mg Midget 1976,Mg,Midget
5156,Mg Midget 1977,Mg,Midget
5157,Mini Austin 1975,Mini,Austin
5158,Mini Cooper 2002,Mini,Cooper
5159,Mini Cooper 2003,Mini,Cooper
5160,Mini Cooper 2004,Mini,Cooper
5161,Mini Cooper 2005,Mini,Cooper
5162,Mini Cooper 2006,Mini,Cooper
5163,Mini Cooper 2007,Mini,Cooper
5164,Mini Cooper 2008,Mini,Cooper
5165,Mini Cooper 2009,Mini,Cooper
5166,Mini Cooper 2010,Mini,Cooper
5167,Mini Cooper 2011,Mini,Cooper
5168,Mini Cooper 2012,Mini,Cooper
5169,Mini Cooper 2013,Mini,Cooper
5170,Mini Cooper 2014,Mini,Cooper
5171,Mini Cooper 2015,Mini,Cooper
5172,Mini Cooper Countryman 2011,Mini,Cooper Countryman
5173,Mini Cooper Countryman 2012,Mini,Cooper Countryman
5174,Mini Cooper Countryman 2013,Mini,Cooper Countryman
5175,Mini Cooper Countryman 2014,Mini,Cooper Countryman
5176,Mitsubishi 3000Gt 1991,Mitsubishi,3000Gt
5177,Mitsubishi 3000Gt 1992,Mitsubishi,3000Gt
5178,Mitsubishi 3000Gt 1993,Mitsubishi,3000Gt
5179,Mitsubishi 3000Gt 1994,Mitsubishi,3000Gt
5180,Mitsubishi 3000Gt 1995,Mitsubishi,3000Gt
5181,Mitsubishi 3000Gt 1996,Mitsubishi,3000Gt
5182,Mitsubishi 3000Gt 1997,Mitsubishi,3000Gt
5183,Mitsubishi 3000Gt 1999,Mitsubishi,3000Gt
5184,Mitsubishi Chariot 1998,Mitsubishi,Chariot
5185,Mitsubishi Delica 1994,Mitsubishi,Delica
5186,Mitsubishi Delica 1996,Mitsubishi,Delica
5187,Mitsubishi Diamante 1997,Mitsubishi,Diamante
5188,Mitsubishi Diamante 1999,Mitsubishi,Diamante
5189,Mitsubishi Diamante 2000,Mitsubishi,Diamante
5190,Mitsubishi Diamante 2001,Mitsubishi,Diamante
5191,Mitsubishi Diamante 2002,Mitsubishi,Diamante
5192,Mitsubishi Diamante 2003,Mitsubishi,Diamante
5193,Mitsubishi Diamante 2004,Mitsubishi,Diamante
5194,Mitsubishi Eclipse 1990,Mitsubishi,Eclipse
5195,Mitsubishi Eclipse 1991,Mitsubishi,Eclipse
5196,Mitsubishi Eclipse 1992,Mitsubishi,Eclipse
5197,Mitsubishi Eclipse 1994,Mitsubishi,Eclipse
5198,Mitsubishi Eclipse 1995,Mitsubishi,Eclipse
5199,Mitsubishi Eclipse 1996,Mitsubishi,Eclipse
5200,Mitsubishi Eclipse 1997,Mitsubishi,Eclipse
5201,Mitsubishi Eclipse 1998,Mitsubishi,Eclipse
5202,Mitsubishi Eclipse 1999,Mitsubishi,Eclipse
5203,Mitsubishi Eclipse 2000,Mitsubishi,Eclipse
5204,Mitsubishi Eclipse 2001,Mitsubishi,Eclipse
5205,Mitsubishi Eclipse 2002,Mitsubishi,Eclipse
5206,Mitsubishi Eclipse 2003,Mitsubishi,Eclipse
5207,Mitsubishi Eclipse 2004,Mitsubishi,Eclipse
5208,Mitsubishi Eclipse 2005,Mitsubishi,Eclipse
5209,Mitsubishi Eclipse 2006,Mitsubishi,Eclipse
5210,Mitsubishi Eclipse 2007,Mitsubishi,Eclipse
5211,Mitsubishi Eclipse 2008,Mitsubishi,Eclipse
5212,Mitsubishi Eclipse 2009,Mitsubishi,Eclipse
5213,Mitsubishi Eclipse 2011,Mitsubishi,Eclipse
5214,Mitsubishi Eclipse 2012,Mitsubishi,Eclipse
5215,Mitsubishi Eclipse Convertible 1996,Mitsubishi,Eclipse Convertible
5216,Mitsubishi Eclipse Convertible 1997,Mitsubishi,Eclipse Convertible
5217,Mitsubishi Eclipse Convertible 2001,Mitsubishi,Eclipse Convertible
5218,Mitsubishi Eclipse Convertible 2002,Mitsubishi,Eclipse Convertible
5219,Mitsubishi Eclipse Convertible 2003,Mitsubishi,Eclipse Convertible
5220,Mitsubishi Eclipse Convertible 2004,Mitsubishi,Eclipse Convertible
5221,Mitsubishi Eclipse Convertible 2005,Mitsubishi,Eclipse Convertible
5222,Mitsubishi Eclipse Convertible 2007,Mitsubishi,Eclipse Convertible
5223,Mitsubishi Eclipse Convertible 2008,Mitsubishi,Eclipse Convertible
5224,Mitsubishi Eclipse Convertible 2010,Mitsubishi,Eclipse Convertible
5225,Mitsubishi Endeavor 2004,Mitsubishi,Endeavor
5226,Mitsubishi Endeavor 2005,Mitsubishi,Endeavor
5227,Mitsubishi Endeavor 2006,Mitsubishi,Endeavor
5228,Mitsubishi Endeavor 2007,Mitsubishi,Endeavor
5229,Mitsubishi Endeavor 2008,Mitsubishi,Endeavor
5230,Mitsubishi Endeavor 2010,Mitsubishi,Endeavor
5231,Mitsubishi Endeavor 2011,Mitsubishi,Endeavor
5232,Mitsubishi Fuso 1998,Mitsubishi,Fuso
5233,Mitsubishi Fuso 2006,Mitsubishi,Fuso
5234,Mitsubishi Galant 1991,Mitsubishi,Galant
5235,Mitsubishi Galant 1994,Mitsubishi,Galant
5236,Mitsubishi Galant 1995,Mitsubishi,Galant
5237,Mitsubishi Galant 1996,Mitsubishi,Galant
5238,Mitsubishi Galant 1997,Mitsubishi,Galant
5239,Mitsubishi Galant 1998,Mitsubishi,Galant
5240,Mitsubishi Galant 1999,Mitsubishi,Galant
5241,Mitsubishi Galant 2000,Mitsubishi,Galant
5242,Mitsubishi Galant 2001,Mitsubishi,Galant
5243,Mitsubishi Galant 2002,Mitsubishi,Galant
5244,Mitsubishi Galant 2003,Mitsubishi,Galant
5245,Mitsubishi Galant 2004,Mitsubishi,Galant
5246,Mitsubishi Galant 2005,Mitsubishi,Galant
5247,Mitsubishi Galant 2006,Mitsubishi,Galant
5248,Mitsubishi Galant 2007,Mitsubishi,Galant
5249,Mitsubishi Galant 2008,Mitsubishi,Galant
5250,Mitsubishi Galant 2009,Mitsubishi,Galant
5251,Mitsubishi Galant 2010,Mitsubishi,Galant
5252,Mitsubishi Galant 2011,Mitsubishi,Galant
5253,Mitsubishi Galant 2012,Mitsubishi,Galant
5254,Mitsubishi Lancer 2002,Mitsubishi,Lancer
5255,Mitsubishi Lancer 2003,Mitsubishi,Lancer
5256,Mitsubishi Lancer 2004,Mitsubishi,Lancer
5257,Mitsubishi Lancer 2005,Mitsubishi,Lancer
5258,Mitsubishi Lancer 2006,Mitsubishi,Lancer
5259,Mitsubishi Lancer 2007,Mitsubishi,Lancer
5260,Mitsubishi Lancer 2008,Mitsubishi,Lancer
5261,Mitsubishi Lancer 2009,Mitsubishi,Lancer
5262,Mitsubishi Lancer 2010,Mitsubishi,Lancer
5263,Mitsubishi Lancer 2011,Mitsubishi,Lancer
5264,Mitsubishi Lancer 2012,Mitsubishi,Lancer
5265,Mitsubishi Lancer 2014,Mitsubishi,Lancer
5266,Mitsubishi Lancer 2015,Mitsubishi,Lancer
5267,Mitsubishi Mighty Max 1988,Mitsubishi,Mighty Max
5268,Mitsubishi Mighty Max 1991,Mitsubishi,Mighty Max
5269,Mitsubishi Mirage 1989,Mitsubishi,Mirage
5270,Mitsubishi Mirage 1997,Mitsubishi,Mirage
5271,Mitsubishi Mirage 1998,Mitsubishi,Mirage
5272,Mitsubishi Mirage 1999,Mitsubishi,Mirage
5273,Mitsubishi Mirage 2000,Mitsubishi,Mirage
5274,Mitsubishi Mirage 2001,Mitsubishi,Mirage
5275,Mitsubishi Mirage 2002,Mitsubishi,Mirage
5276,Mitsubishi Mirage 2014,Mitsubishi,Mirage
5277,Mitsubishi Mirage 2015,Mitsubishi,Mirage
5278,Mitsubishi Montero 1991,Mitsubishi,Montero
5279,Mitsubishi Montero 1992,Mitsubishi,Montero
5280,Mitsubishi Montero 1994,Mitsubishi,Montero
5281,Mitsubishi Montero 1997,Mitsubishi,Montero
5282,Mitsubishi Montero 1998,Mitsubishi,Montero
5283,Mitsubishi Montero 1999,Mitsubishi,Montero
5284,Mitsubishi Montero 2000,Mitsubishi,Montero
5285,Mitsubishi Montero 2001,Mitsubishi,Montero
5286,Mitsubishi Montero 2002,Mitsubishi,Montero
5287,Mitsubishi Montero 2003,Mitsubishi,Montero
5288,Mitsubishi Montero 2004,Mitsubishi,Montero
5289,Mitsubishi Montero 2006,Mitsubishi,Montero
5290,Mitsubishi Outlander 2003,Mitsubishi,Outlander
5291,Mitsubishi Outlander 2004,Mitsubishi,Outlander
5292,Mitsubishi Outlander 2005,Mitsubishi,Outlander
5293,Mitsubishi Outlander 2006,Mitsubishi,Outlander
5294,Mitsubishi Outlander 2007,Mitsubishi,Outlander
5295,Mitsubishi Outlander 2008,Mitsubishi,Outlander
5296,Mitsubishi Outlander 2010,Mitsubishi,Outlander
5297,Mitsubishi Outlander 2011,Mitsubishi,Outlander
5298,Mitsubishi Outlander 2012,Mitsubishi,Outlander
5299,Mitsubishi Outlander 2013,Mitsubishi,Outlander
5300,Mitsubishi Outlander 2014,Mitsubishi,Outlander
5301,Mitsubishi Outlander 2015,Mitsubishi,Outlander
5302,Mitsubishi Raider 2006,Mitsubishi,Raider
5303,Mitsubishi Starion 1988,Mitsubishi,Starion
5304,Nissan 200Sx 1995,Nissan,200Sx
5305,Nissan 200Sx 1996,Nissan,200Sx
5306,Nissan 200Sx 1997,Nissan,200Sx
5307,Nissan 200Sx 1998,Nissan,200Sx
5308,Nissan 240Sx 1989,Nissan,240Sx
5309,Nissan 240Sx 1990,Nissan,240Sx
5310,Nissan 240Sx 1991,Nissan,240Sx
5311,Nissan 240Sx 1992,Nissan,240Sx
5312,Nissan 240Sx 1993,Nissan,240Sx
5313,Nissan 240Sx 1994,Nissan,240Sx
5314,Nissan 240Sx 1995,Nissan,240Sx
5315,Nissan 240Sx 1996,Nissan,240Sx
5316,Nissan 240Sx 1997,Nissan,240Sx
5317,Nissan 240Sx 1998,Nissan,240Sx
5318,Nissan 300Zx 1984,Nissan,300Zx
5319,Nissan 300Zx 1985,Nissan,300Zx
5320,Nissan 300Zx 1986,Nissan,300Zx
5321,Nissan 300Zx 1987,Nissan,300Zx
5322,Nissan 300Zx 1988,Nissan,300Zx
5323,Nissan 300Zx 1990,Nissan,300Zx
5324,Nissan 300Zx 1991,Nissan,300Zx
5325,Nissan 300Zx 1992,Nissan,300Zx
5326,Nissan 300Zx 1993,Nissan,300Zx
5327,Nissan 300Zx 1994,Nissan,300Zx
5328,Nissan 300Zx 1996,Nissan,300Zx
5329,Nissan 350Z 2003,Nissan,350Z
5330,Nissan 350Z 2004,Nissan,350Z
5331,Nissan 350Z 2005,Nissan,350Z
5332,Nissan 350Z 2006,Nissan,350Z
5333,Nissan 350Z 2007,Nissan,350Z
5334,Nissan 350Z 2008,Nissan,350Z
5335,Nissan 370Z 2009,Nissan,370Z
5336,Nissan 370Z 2010,Nissan,370Z
5337,Nissan 370Z 2011,Nissan,370Z
5338,Nissan 370Z 2012,Nissan,370Z
5339,Nissan 370Z 2013,Nissan,370Z
5340,Nissan 370Z 2014,Nissan,370Z
5341,Nissan 370Z 2015,Nissan,370Z
5342,Nissan 720 1985,Nissan,720
5343,Nissan 720 1986,Nissan,720
5344,Nissan Altima 1993,Nissan,Altima
5345,Nissan Altima 1994,Nissan,Altima
5346,Nissan Altima 1995,Nissan,Altima
5347,Nissan Altima 1996,Nissan,Altima
5348,Nissan Altima 1997,Nissan,Altima
5349,Nissan Altima 1998,Nissan,Altima
5350,Nissan Altima 1999,Nissan,Altima
5351,Nissan Altima 2000,Nissan,Altima
5352,Nissan Altima 2001,Nissan,Altima
5353,Nissan Altima 2002,Nissan,Altima
5354,Nissan Altima 2003,Nissan,Altima
5355,Nissan Altima 2004,Nissan,Altima
5356,Nissan Altima 2005,Nissan,Altima
5357,Nissan Altima 2006,Nissan,Altima
5358,Nissan Altima 2007,Nissan,Altima
5359,Nissan Altima 2008,Nissan,Altima
5360,Nissan Altima 2009,Nissan,Altima
5361,Nissan Altima 2010,Nissan,Altima
5362,Nissan Altima 2011,Nissan,Altima
5363,Nissan Altima 2012,Nissan,Altima
5364,Nissan Altima 2013,Nissan,Altima
5365,Nissan Altima 2014,Nissan,Altima
5366,Nissan Altima 2015,Nissan,Altima
5367,Nissan Altima 2016,Nissan,Altima
5368,Nissan Armada 2004,Nissan,Armada
5369,Nissan Armada 2005,Nissan,Armada
5370,Nissan Armada 2006,Nissan,Armada
5371,Nissan Armada 2007,Nissan,Armada
5372,Nissan Armada 2008,Nissan,Armada
5373,Nissan Armada 2009,Nissan,Armada
5374,Nissan Armada 2010,Nissan,Armada
5375,Nissan Armada 2011,Nissan,Armada
5376,Nissan Armada 2012,Nissan,Armada
5377,Nissan Armada 2013,Nissan,Armada
5378,Nissan Cima 2001,Nissan,Cima
5379,Nissan Cube 2009,Nissan,Cube
5380,Nissan Cube 2010,Nissan,Cube
5381,Nissan Cube 2012,Nissan,Cube
5382,Nissan Cube 2013,Nissan,Cube
5383,Nissan D21 1986,Nissan,D21
5384,Nissan D21 1996,Nissan,D21
5385,Nissan Frontier 1991,Nissan,Frontier
5386,Nissan Frontier 1992,Nissan,Frontier
5387,Nissan Frontier 1994,Nissan,Frontier
5388,Nissan Frontier 1996,Nissan,Frontier
5389,Nissan Frontier 1997,Nissan,Frontier
5390,Nissan Frontier 1998,Nissan,Frontier
5391,Nissan Frontier 1999,Nissan,Frontier
5392,Nissan Frontier 2000,Nissan,Frontier
5393,Nissan Frontier 2001,Nissan,Frontier
5394,Nissan Frontier 2002,Nissan,Frontier
5395,Nissan Frontier 2003,Nissan,Frontier
5396,Nissan Frontier 2004,Nissan,Frontier
5397,Nissan Frontier 2005,Nissan,Frontier
5398,Nissan Frontier 2006,Nissan,Frontier
5399,Nissan Frontier 2007,Nissan,Frontier
5400,Nissan Frontier 2008,Nissan,Frontier
5401,Nissan Frontier 2010,Nissan,Frontier
5402,Nissan Frontier 2011,Nissan,Frontier
5403,Nissan Frontier 2012,Nissan,Frontier
5404,Nissan Frontier 2013,Nissan,Frontier
5405,Nissan Frontier 2014,Nissan,Frontier
5406,Nissan Gtr 2009,Nissan,Gtr
5407,Nissan Gtr 2010,Nissan,Gtr
5408,Nissan Hardbody 1988,Nissan,Hardbody
5409,Nissan Hardbody 1995,Nissan,Hardbody
5410,Nissan Hardbody 1997,Nissan,Hardbody
5411,Nissan Juke 2011,Nissan,Juke
5412,Nissan Juke 2012,Nissan,Juke
5413,Nissan Juke 2013,Nissan,Juke
5414,Nissan Juke 2014,Nissan,Juke
5415,Nissan Juke 2015,Nissan,Juke
5416,Nissan Leaf 2013,Nissan,Leaf
5417,Nissan Maxima 1987,Nissan,Maxima
5418,Nissan Maxima 1989,Nissan,Maxima
5419,Nissan Maxima 1990,Nissan,Maxima
5420,Nissan Maxima 1991,Nissan,Maxima
5421,Nissan Maxima 1992,Nissan,Maxima
5422,Nissan Maxima 1993,Nissan,Maxima
5423,Nissan Maxima 1994,Nissan,Maxima
5424,Nissan Maxima 1995,Nissan,Maxima
5425,Nissan Maxima 1996,Nissan,Maxima
5426,Nissan Maxima 1997,Nissan,Maxima
5427,Nissan Maxima 1998,Nissan,Maxima
5428,Nissan Maxima 1999,Nissan,Maxima
5429,Nissan Maxima 2000,Nissan,Maxima
5430,Nissan Maxima 2001,Nissan,Maxima
5431,Nissan Maxima 2002,Nissan,Maxima
5432,Nissan Maxima 2003,Nissan,Maxima
5433,Nissan Maxima 2004,Nissan,Maxima
5434,Nissan Maxima 2005,Nissan,Maxima
5435,Nissan Maxima 2006,Nissan,Maxima
5436,Nissan Maxima 2007,Nissan,Maxima
5437,Nissan Maxima 2008,Nissan,Maxima
5438,Nissan Maxima 2009,Nissan,Maxima
5439,Nissan Maxima 2010,Nissan,Maxima
5440,Nissan Maxima 2011,Nissan,Maxima
5441,Nissan Maxima 2012,Nissan,Maxima
5442,Nissan Maxima 2013,Nissan,Maxima
5443,Nissan Maxima 2016,Nissan,Maxima
5444,Nissan Murano 2003,Nissan,Murano
5445,Nissan Murano 2004,Nissan,Murano
5446,Nissan Murano 2005,Nissan,Murano
5447,Nissan Murano 2006,Nissan,Murano
5448,Nissan Murano 2007,Nissan,Murano
5449,Nissan Murano 2009,Nissan,Murano
5450,Nissan Murano 2010,Nissan,Murano
5451,Nissan Murano 2011,Nissan,Murano
5452,Nissan Murano 2012,Nissan,Murano
5453,Nissan Murano 2013,Nissan,Murano
5454,Nissan Murano 2014,Nissan,Murano
5455,Nissan Murano 2016,Nissan,Murano
5456,Nissan Nv200 2013,Nissan,Nv200
5457,Nissan Pathfinder 1987,Nissan,Pathfinder
5458,Nissan Pathfinder 1990,Nissan,Pathfinder
5459,Nissan Pathfinder 1991,Nissan,Pathfinder
5460,Nissan Pathfinder 1992,Nissan,Pathfinder
5461,Nissan Pathfinder 1993,Nissan,Pathfinder
5462,Nissan Pathfinder 1994,Nissan,Pathfinder
5463,Nissan Pathfinder 1995,Nissan,Pathfinder
5464,Nissan Pathfinder 1996,Nissan,Pathfinder
5465,Nissan Pathfinder 1997,Nissan,Pathfinder
5466,Nissan Pathfinder 1998,Nissan,Pathfinder
5467,Nissan Pathfinder 1999,Nissan,Pathfinder
5468,Nissan Pathfinder 2000,Nissan,Pathfinder
5469,Nissan Pathfinder 2001,Nissan,Pathfinder
5470,Nissan Pathfinder 2002,Nissan,Pathfinder
5471,Nissan Pathfinder 2003,Nissan,Pathfinder
5472,Nissan Pathfinder 2004,Nissan,Pathfinder
5473,Nissan Pathfinder 2005,Nissan,Pathfinder
5474,Nissan Pathfinder 2006,Nissan,Pathfinder
5475,Nissan Pathfinder 2007,Nissan,Pathfinder
5476,Nissan Pathfinder 2008,Nissan,Pathfinder
5477,Nissan Pathfinder 2009,Nissan,Pathfinder
5478,Nissan Pathfinder 2010,Nissan,Pathfinder
5479,Nissan Pathfinder 2011,Nissan,Pathfinder
5480,Nissan Pathfinder 2012,Nissan,Pathfinder
5481,Nissan Pathfinder 2013,Nissan,Pathfinder
5482,Nissan Pathfinder 2014,Nissan,Pathfinder
5483,Nissan Pathfinder 2015,Nissan,Pathfinder
5484,Nissan Quest 1993,Nissan,Quest
5485,Nissan Quest 1994,Nissan,Quest
5486,Nissan Quest 1995,Nissan,Quest
5487,Nissan Quest 1996,Nissan,Quest
5488,Nissan Quest 1997,Nissan,Quest
5489,Nissan Quest 1998,Nissan,Quest
5490,Nissan Quest 1999,Nissan,Quest
5491,Nissan Quest 2000,Nissan,Quest
5492,Nissan Quest 2001,Nissan,Quest
5493,Nissan Quest 2002,Nissan,Quest
5494,Nissan Quest 2004,Nissan,Quest
5495,Nissan Quest 2005,Nissan,Quest
5496,Nissan Quest 2006,Nissan,Quest
5497,Nissan Quest 2007,Nissan,Quest
5498,Nissan Quest 2008,Nissan,Quest
5499,Nissan Quest 2009,Nissan,Quest
5500,Nissan Quest 2011,Nissan,Quest
5501,Nissan Quest 2012,Nissan,Quest
5502,Nissan Quest 2013,Nissan,Quest
5503,Nissan Rogue 2008,Nissan,Rogue
5504,Nissan Rogue 2009,Nissan,Rogue
5505,Nissan Rogue 2010,Nissan,Rogue
5506,Nissan Rogue 2011,Nissan,Rogue
5507,Nissan Rogue 2012,Nissan,Rogue
5508,Nissan Rogue 2013,Nissan,Rogue
5509,Nissan Rogue 2014,Nissan,Rogue
5510,Nissan Rogue 2015,Nissan,Rogue
5511,Nissan Rogue 2016,Nissan,Rogue
5512,Nissan Sentra 1989,Nissan,Sentra
5513,Nissan Sentra 1990,Nissan,Sentra
5514,Nissan Sentra 1991,Nissan,Sentra
5515,Nissan Sentra 1992,Nissan,Sentra
5516,Nissan Sentra 1993,Nissan,Sentra
5517,Nissan Sentra 1994,Nissan,Sentra
5518,Nissan Sentra 1995,Nissan,Sentra
5519,Nissan Sentra 1996,Nissan,Sentra
5520,Nissan Sentra 1997,Nissan,Sentra
5521,Nissan Sentra 1998,Nissan,Sentra
5522,Nissan Sentra 1999,Nissan,Sentra
5523,Nissan Sentra 2000,Nissan,Sentra
5524,Nissan Sentra 2001,Nissan,Sentra
5525,Nissan Sentra 2002,Nissan,Sentra
5526,Nissan Sentra 2003,Nissan,Sentra
5527,Nissan Sentra 2004,Nissan,Sentra
5528,Nissan Sentra 2005,Nissan,Sentra
5529,Nissan Sentra 2006,Nissan,Sentra
5530,Nissan Sentra 2007,Nissan,Sentra
5531,Nissan Sentra 2008,Nissan,Sentra
5532,Nissan Sentra 2009,Nissan,Sentra
5533,Nissan Sentra 2010,Nissan,Sentra
5534,Nissan Sentra 2011,Nissan,Sentra
5535,Nissan Sentra 2012,Nissan,Sentra
5536,Nissan Sentra 2013,Nissan,Sentra
5537,Nissan Sentra 2014,Nissan,Sentra
5538,Nissan Sentra 2015,Nissan,Sentra
5539,Nissan Sentra 2016,Nissan,Sentra
5540,Nissan Skyline 1989,Nissan,Skyline
5541,Nissan Skyline 1990,Nissan,Skyline
5542,Nissan Stanza 1991,Nissan,Stanza
5543,Nissan Titan 2004,Nissan,Titan
5544,Nissan Titan 2005,Nissan,Titan
5545,Nissan Titan 2006,Nissan,Titan
5546,Nissan Titan 2007,Nissan,Titan
5547,Nissan Titan 2008,Nissan,Titan
5548,Nissan Titan 2009,Nissan,Titan
5549,Nissan Titan 2010,Nissan,Titan
5550,Nissan Titan 2011,Nissan,Titan
5551,Nissan Titan 2012,Nissan,Titan
5552,Nissan Titan 2013,Nissan,Titan
5553,Nissan Titan 2014,Nissan,Titan
5554,Nissan Truck 1990,Nissan,Truck
5555,Nissan Truck 1991,Nissan,Truck
5556,Nissan Truck 1992,Nissan,Truck
5557,Nissan Truck 1994,Nissan,Truck
5558,Nissan Truck 1997,Nissan,Truck
5559,Nissan Versa 2003,Nissan,Versa
5560,Nissan Versa 2007,Nissan,Versa
5561,Nissan Versa 2008,Nissan,Versa
5562,Nissan Versa 2009,Nissan,Versa
5563,Nissan Versa 2010,Nissan,Versa
5564,Nissan Versa 2011,Nissan,Versa
5565,Nissan Versa 2012,Nissan,Versa
5566,Nissan Versa 2013,Nissan,Versa
5567,Nissan Versa 2014,Nissan,Versa
5568,Nissan Versa 2015,Nissan,Versa
5569,Nissan Versa 2016,Nissan,Versa
5570,Nissan X-Trail 2006,Nissan,X-Trail
5571,Nissan Xterra 2000,Nissan,Xterra
5572,Nissan Xterra 2001,Nissan,Xterra
5573,Nissan Xterra 2002,Nissan,Xterra
5574,Nissan Xterra 2003,Nissan,Xterra
5575,Nissan Xterra 2004,Nissan,Xterra
5576,Nissan Xterra 2005,Nissan,Xterra
5577,Nissan Xterra 2006,Nissan,Xterra
5578,Nissan Xterra 2007,Nissan,Xterra
5579,Nissan Xterra 2008,Nissan,Xterra
5580,Nissan Xterra 2009,Nissan,Xterra
5581,Nissan Xterra 2010,Nissan,Xterra
5582,Nissan Xterra 2011,Nissan,Xterra
5583,Nissan Xterra 2012,Nissan,Xterra
5584,Nissan Xterra 2014,Nissan,Xterra
5585,Nissan Xterra 2015,Nissan,Xterra
5586,Oldsmobile 442 1968,Oldsmobile,442
5587,Oldsmobile 442 1969,Oldsmobile,442
5588,Oldsmobile Achieva 1998,Oldsmobile,Achieva
5589,Oldsmobile Alero 1999,Oldsmobile,Alero
5590,Oldsmobile Alero 2000,Oldsmobile,Alero
5591,Oldsmobile Alero 2001,Oldsmobile,Alero
5592,Oldsmobile Alero 2002,Oldsmobile,Alero
5593,Oldsmobile Alero 2003,Oldsmobile,Alero
5594,Oldsmobile Alero 2004,Oldsmobile,Alero
5595,Oldsmobile Aurora 1995,Oldsmobile,Aurora
5596,Oldsmobile Aurora 1997,Oldsmobile,Aurora
5597,Oldsmobile Aurora 1998,Oldsmobile,Aurora
5598,Oldsmobile Aurora 1999,Oldsmobile,Aurora
5599,Oldsmobile Aurora 2000,Oldsmobile,Aurora
5600,Oldsmobile Aurora 2001,Oldsmobile,Aurora
5601,Oldsmobile Aurora 2002,Oldsmobile,Aurora
5602,Oldsmobile Aurora 2003,Oldsmobile,Aurora
5603,Oldsmobile Bravada 1996,Oldsmobile,Bravada
5604,Oldsmobile Bravada 1997,Oldsmobile,Bravada
5605,Oldsmobile Bravada 1998,Oldsmobile,Bravada
5606,Oldsmobile Bravada 1999,Oldsmobile,Bravada
5607,Oldsmobile Bravada 2000,Oldsmobile,Bravada
5608,Oldsmobile Bravada 2001,Oldsmobile,Bravada
5609,Oldsmobile Bravada 2002,Oldsmobile,Bravada
5610,Oldsmobile Bravada 2003,Oldsmobile,Bravada
5611,Oldsmobile Bravada 2004,Oldsmobile,Bravada
5612,Oldsmobile Cutlass 1967,Oldsmobile,Cutlass
5613,Oldsmobile Cutlass 1970,Oldsmobile,Cutlass
5614,Oldsmobile Cutlass 1972,Oldsmobile,Cutlass
5615,Oldsmobile Cutlass 1973,Oldsmobile,Cutlass
5616,Oldsmobile Cutlass 1977,Oldsmobile,Cutlass
5617,Oldsmobile Cutlass 1978,Oldsmobile,Cutlass
5618,Oldsmobile Cutlass 1979,Oldsmobile,Cutlass
5619,Oldsmobile Cutlass 1980,Oldsmobile,Cutlass
5620,Oldsmobile Cutlass 1981,Oldsmobile,Cutlass
5621,Oldsmobile Cutlass 1982,Oldsmobile,Cutlass
5622,Oldsmobile Cutlass 1983,Oldsmobile,Cutlass
5623,Oldsmobile Cutlass 1984,Oldsmobile,Cutlass
5624,Oldsmobile Cutlass 1985,Oldsmobile,Cutlass
5625,Oldsmobile Cutlass 1986,Oldsmobile,Cutlass
5626,Oldsmobile Cutlass 1987,Oldsmobile,Cutlass
5627,Oldsmobile Cutlass 1991,Oldsmobile,Cutlass
5628,Oldsmobile Cutlass 1993,Oldsmobile,Cutlass
5629,Oldsmobile Cutlass 1994,Oldsmobile,Cutlass
5630,Oldsmobile Cutlass 1995,Oldsmobile,Cutlass
5631,Oldsmobile Cutlass 1996,Oldsmobile,Cutlass
5632,Oldsmobile Cutlass 1997,Oldsmobile,Cutlass
5633,Oldsmobile Cutlass 1998,Oldsmobile,Cutlass
5634,Oldsmobile Cutlass 1999,Oldsmobile,Cutlass
5635,Oldsmobile Eightyeight 1961,Oldsmobile,Eightyeight
5636,Oldsmobile Eightyeight 1966,Oldsmobile,Eightyeight
5637,Oldsmobile Eightyeight 1973,Oldsmobile,Eightyeight
5638,Oldsmobile Eightyeight 1975,Oldsmobile,Eightyeight
5639,Oldsmobile Eightyeight 1989,Oldsmobile,Eightyeight
5640,Oldsmobile Eightyeight 1993,Oldsmobile,Eightyeight
5641,Oldsmobile Eightyeight 1994,Oldsmobile,Eightyeight
5642,Oldsmobile Eightyeight 1996,Oldsmobile,Eightyeight
5643,Oldsmobile Eightyeight 1997,Oldsmobile,Eightyeight
5644,Oldsmobile Eightyeight 1998,Oldsmobile,Eightyeight
5645,Oldsmobile Eightyeight 1999,Oldsmobile,Eightyeight
5646,Oldsmobile Intrigue 1998,Oldsmobile,Intrigue
5647,Oldsmobile Intrigue 1999,Oldsmobile,Intrigue
5648,Oldsmobile Intrigue 2000,Oldsmobile,Intrigue
5649,Oldsmobile Intrigue 2001,Oldsmobile,Intrigue
5650,Oldsmobile Intrigue 2002,Oldsmobile,Intrigue
5651,Oldsmobile Ninetyeight 1940,Oldsmobile,Ninetyeight
5652,Oldsmobile Ninetyeight 1954,Oldsmobile,Ninetyeight
5653,Oldsmobile Ninetyeight 1957,Oldsmobile,Ninetyeight
5654,Oldsmobile Ninetyeight 1964,Oldsmobile,Ninetyeight
5655,Oldsmobile Ninetyeight 1965,Oldsmobile,Ninetyeight
5656,Oldsmobile Ninetyeight 1987,Oldsmobile,Ninetyeight
5657,Oldsmobile Ninetyeight 1988,Oldsmobile,Ninetyeight
5658,Oldsmobile Ninetyeight 1990,Oldsmobile,Ninetyeight
5659,Oldsmobile Ninetyeight 1995,Oldsmobile,Ninetyeight
5660,Oldsmobile Silhouette 1997,Oldsmobile,Silhouette
5661,Oldsmobile Silhouette 1998,Oldsmobile,Silhouette
5662,Oldsmobile Silhouette 1999,Oldsmobile,Silhouette
5663,Oldsmobile Silhouette 2000,Oldsmobile,Silhouette
5664,Oldsmobile Silhouette 2001,Oldsmobile,Silhouette
5665,Oldsmobile Silhouette 2002,Oldsmobile,Silhouette
5666,Oldsmobile Silhouette 2003,Oldsmobile,Silhouette
5667,Oldsmobile Silhouette 2004,Oldsmobile,Silhouette
5668,Oldsmobile Starfire 1964,Oldsmobile,Starfire
5669,Oldsmobile Toronado 1966,Oldsmobile,Toronado
5670,Oldsmobile Toronado 1969,Oldsmobile,Toronado
5671,Oldsmobile Toronado 1985,Oldsmobile,Toronado
5672,Opel Gt 1973,Opel,Gt
5673,Opel Kadett 1969,Opel,Kadett
5674,Packard Super8 1938,Packard,Super8
5675,Peugeot 407 Wagon 2005,Peugeot,407 Wagon
5676,Plymouth Barracuda 1964,Plymouth,Barracuda
5677,Plymouth Barracuda 1966,Plymouth,Barracuda
5678,Plymouth Barracuda 1967,Plymouth,Barracuda
5679,Plymouth Barracuda 1968,Plymouth,Barracuda
5680,Plymouth Belvedere 1954,Plymouth,Belvedere
5681,Plymouth Belvedere 1966,Plymouth,Belvedere
5682,Plymouth Breeze 1996,Plymouth,Breeze
5683,Plymouth Breeze 1997,Plymouth,Breeze
5684,Plymouth Breeze 1998,Plymouth,Breeze
5685,Plymouth Breeze 1999,Plymouth,Breeze
5686,Plymouth Breeze 2000,Plymouth,Breeze
5687,Plymouth Cranbrook 1951,Plymouth,Cranbrook
5688,Plymouth Deluxe 1935,Plymouth,Deluxe
5689,Plymouth Deluxe 1950,Plymouth,Deluxe
5690,Plymouth Duster 1970,Plymouth,Duster
5691,Plymouth Duster 1971,Plymouth,Duster
5692,Plymouth Duster 1972,Plymouth,Duster
5693,Plymouth Duster 1973,Plymouth,Duster
5694,Plymouth Duster 1974,Plymouth,Duster
5695,Plymouth Fury 1964,Plymouth,Fury
5696,Plymouth Fury 1965,Plymouth,Fury
5697,Plymouth Fury 1968,Plymouth,Fury
5698,Plymouth Fury 1975,Plymouth,Fury
5699,Plymouth Gtx 1968,Plymouth,Gtx
5700,Plymouth Gtx 1969,Plymouth,Gtx
5701,Plymouth Laser 1992,Plymouth,Laser
5702,Plymouth Neon 1995,Plymouth,Neon
5703,Plymouth Neon 1996,Plymouth,Neon
5704,Plymouth Neon 1997,Plymouth,Neon
5705,Plymouth Neon 1998,Plymouth,Neon
5706,Plymouth Neon 1999,Plymouth,Neon
5707,Plymouth Neon 2000,Plymouth,Neon
5708,Plymouth Neon 2001,Plymouth,Neon
5709,Plymouth Prowler 2000,Plymouth,Prowler
5710,Plymouth Reliant 1985,Plymouth,Reliant
5711,Plymouth Roadrunner 1969,Plymouth,Roadrunner
5712,Plymouth Roadrunner 1970,Plymouth,Roadrunner
5713,Plymouth Roadrunner 1974,Plymouth,Roadrunner
5714,Plymouth Roadrunner 1978,Plymouth,Roadrunner
5715,Plymouth Satellite 1967,Plymouth,Satellite
5716,Plymouth Satellite 1971,Plymouth,Satellite
5717,Plymouth Satellite 1973,Plymouth,Satellite
5718,Plymouth Savoy 1957,Plymouth,Savoy
5719,Plymouth Valiant 1960,Plymouth,Valiant
5720,Plymouth Valiant 1963,Plymouth,Valiant
5721,Plymouth Valiant 1964,Plymouth,Valiant
5722,Plymouth Valiant 1965,Plymouth,Valiant
5723,Plymouth Voyager 1989,Plymouth,Voyager
5724,Plymouth Voyager 1994,Plymouth,Voyager
5725,Plymouth Voyager 1995,Plymouth,Voyager
5726,Plymouth Voyager 1996,Plymouth,Voyager
5727,Plymouth Voyager 1997,Plymouth,Voyager
5728,Plymouth Voyager 1998,Plymouth,Voyager
5729,Plymouth Voyager 1999,Plymouth,Voyager
5730,Plymouth Voyager 2000,Plymouth,Voyager
5731,Polaris Slingshot 2015,Polaris,Slingshot
5732,Pontiac Aztek 2001,Pontiac,Aztek
5733,Pontiac Aztek 2002,Pontiac,Aztek
5734,Pontiac Aztek 2003,Pontiac,Aztek
5735,Pontiac Aztek 2004,Pontiac,Aztek
5736,Pontiac Bonneville 1964,Pontiac,Bonneville
5737,Pontiac Bonneville 1976,Pontiac,Bonneville
5738,Pontiac Bonneville 1983,Pontiac,Bonneville
5739,Pontiac Bonneville 1991,Pontiac,Bonneville
5740,Pontiac Bonneville 1992,Pontiac,Bonneville
5741,Pontiac Bonneville 1993,Pontiac,Bonneville
5742,Pontiac Bonneville 1994,Pontiac,Bonneville
5743,Pontiac Bonneville 1995,Pontiac,Bonneville
5744,Pontiac Bonneville 1996,Pontiac,Bonneville
5745,Pontiac Bonneville 1997,Pontiac,Bonneville
5746,Pontiac Bonneville 1998,Pontiac,Bonneville
5747,Pontiac Bonneville 1999,Pontiac,Bonneville
5748,Pontiac Bonneville 2000,Pontiac,Bonneville
5749,Pontiac Bonneville 2001,Pontiac,Bonneville
5750,Pontiac Bonneville 2002,Pontiac,Bonneville
5751,Pontiac Bonneville 2003,Pontiac,Bonneville
5752,Pontiac Bonneville 2004,Pontiac,Bonneville
5753,Pontiac Bonneville 2005,Pontiac,Bonneville
5754,Pontiac Catalina 1960,Pontiac,Catalina
5755,Pontiac Catalina 1962,Pontiac,Catalina
5756,Pontiac Catalina 1963,Pontiac,Catalina
5757,Pontiac Catalina 1966,Pontiac,Catalina
5758,Pontiac Catalina 1970,Pontiac,Catalina
5759,Pontiac Catalina 1978,Pontiac,Catalina
5760,Pontiac Chieftain 1957,Pontiac,Chieftain
5761,Pontiac Fiero 1984,Pontiac,Fiero
5762,Pontiac Fiero 1985,Pontiac,Fiero
5763,Pontiac Fiero 1986,Pontiac,Fiero
5764,Pontiac Fiero 1987,Pontiac,Fiero
5765,Pontiac Fiero 1988,Pontiac,Fiero
5766,Pontiac Firebird 1967,Pontiac,Firebird
5767,Pontiac Firebird 1968,Pontiac,Firebird
5768,Pontiac Firebird 1969,Pontiac,Firebird
5769,Pontiac Firebird 1971,Pontiac,Firebird
5770,Pontiac Firebird 1972,Pontiac,Firebird
5771,Pontiac Firebird 1974,Pontiac,Firebird
5772,Pontiac Firebird 1976,Pontiac,Firebird
5773,Pontiac Firebird 1979,Pontiac,Firebird
5774,Pontiac Firebird 1980,Pontiac,Firebird
5775,Pontiac Firebird 1981,Pontiac,Firebird
5776,Pontiac Firebird 1982,Pontiac,Firebird
5777,Pontiac Firebird 1985,Pontiac,Firebird
5778,Pontiac Firebird 1986,Pontiac,Firebird
5779,Pontiac Firebird 1987,Pontiac,Firebird
5780,Pontiac Firebird 1988,Pontiac,Firebird
5781,Pontiac Firebird 1989,Pontiac,Firebird
5782,Pontiac Firebird 1991,Pontiac,Firebird
5783,Pontiac Firebird 1992,Pontiac,Firebird
5784,Pontiac Firebird 1993,Pontiac,Firebird
5785,Pontiac Firebird 1994,Pontiac,Firebird
5786,Pontiac Firebird 1995,Pontiac,Firebird
5787,Pontiac Firebird 1996,Pontiac,Firebird
5788,Pontiac Firebird 1997,Pontiac,Firebird
5789,Pontiac Firebird 1998,Pontiac,Firebird
5790,Pontiac Firebird 1999,Pontiac,Firebird
5791,Pontiac Firebird 2000,Pontiac,Firebird
5792,Pontiac Firebird 2001,Pontiac,Firebird
5793,Pontiac Firebird 2002,Pontiac,Firebird
5794,Pontiac G39 2009,Pontiac,G39
5795,Pontiac G5 2007,Pontiac,G5
5796,Pontiac G5 2008,Pontiac,G5
5797,Pontiac G5 2009,Pontiac,G5
5798,Pontiac G6 2004,Pontiac,G6
5799,Pontiac G6 2005,Pontiac,G6
5800,Pontiac G6 2006,Pontiac,G6
5801,Pontiac G6 2007,Pontiac,G6
5802,Pontiac G6 2008,Pontiac,G6
5803,Pontiac G6 2009,Pontiac,G6
5804,Pontiac G6 2010,Pontiac,G6
5805,Pontiac G6 2016,Pontiac,G6
5806,Pontiac G8 2008,Pontiac,G8
5807,Pontiac G8 2009,Pontiac,G8
5808,Pontiac Grandam 1991,Pontiac,Grandam
5809,Pontiac Grandam 1993,Pontiac,Grandam
5810,Pontiac Grandam 1994,Pontiac,Grandam
5811,Pontiac Grandam 1995,Pontiac,Grandam
5812,Pontiac Grandam 1996,Pontiac,Grandam
5813,Pontiac Grandam 1997,Pontiac,Grandam
5814,Pontiac Grandam 1998,Pontiac,Grandam
5815,Pontiac Grandam 1999,Pontiac,Grandam
5816,Pontiac Grandam 2000,Pontiac,Grandam
5817,Pontiac Grandam 2001,Pontiac,Grandam
5818,Pontiac Grandam 2002,Pontiac,Grandam
5819,Pontiac Grandam 2003,Pontiac,Grandam
5820,Pontiac Grandam 2004,Pontiac,Grandam
5821,Pontiac Grandam 2005,Pontiac,Grandam
5822,Pontiac Grandprix 1964,Pontiac,Grandprix
5823,Pontiac Grandprix 1967,Pontiac,Grandprix
5824,Pontiac Grandprix 1969,Pontiac,Grandprix
5825,Pontiac Grandprix 1972,Pontiac,Grandprix
5826,Pontiac Grandprix 1973,Pontiac,Grandprix
5827,Pontiac Grandprix 1977,Pontiac,Grandprix
5828,Pontiac Grandprix 1979,Pontiac,Grandprix
5829,Pontiac Grandprix 1983,Pontiac,Grandprix
5830,Pontiac Grandprix 1985,Pontiac,Grandprix
5831,Pontiac Grandprix 1986,Pontiac,Grandprix
5832,Pontiac Grandprix 1987,Pontiac,Grandprix
5833,Pontiac Grandprix 1988,Pontiac,Grandprix
5834,Pontiac Grandprix 1991,Pontiac,Grandprix
5835,Pontiac Grandprix 1994,Pontiac,Grandprix
5836,Pontiac Grandprix 1995,Pontiac,Grandprix
5837,Pontiac Grandprix 1997,Pontiac,Grandprix
5838,Pontiac Grandprix 1998,Pontiac,Grandprix
5839,Pontiac Grandprix 1999,Pontiac,Grandprix
5840,Pontiac Grandprix 2000,Pontiac,Grandprix
5841,Pontiac Grandprix 2001,Pontiac,Grandprix
5842,Pontiac Grandprix 2002,Pontiac,Grandprix
5843,Pontiac Grandprix 2003,Pontiac,Grandprix
5844,Pontiac Grandprix 2004,Pontiac,Grandprix
5845,Pontiac Grandprix 2005,Pontiac,Grandprix
5846,Pontiac Grandprix 2006,Pontiac,Grandprix
5847,Pontiac Grandprix 2007,Pontiac,Grandprix
5848,Pontiac Grandprix 2008,Pontiac,Grandprix
5849,Pontiac Grandville 1973,Pontiac,Grandville
5850,Pontiac Gto 1965,Pontiac,Gto
5851,Pontiac Gto 1966,Pontiac,Gto
5852,Pontiac Gto 1968,Pontiac,Gto
5853,Pontiac Gto 1969,Pontiac,Gto
5854,Pontiac Gto 1970,Pontiac,Gto
5855,Pontiac Gto 1993,Pontiac,Gto
5856,Pontiac Gto 1997,Pontiac,Gto
5857,Pontiac Gto 2004,Pontiac,Gto
5858,Pontiac Gto 2005,Pontiac,Gto
5859,Pontiac Gto 2006,Pontiac,Gto
5860,Pontiac Lemans 1967,Pontiac,Lemans
5861,Pontiac Lemans 1971,Pontiac,Lemans
5862,Pontiac Lemans 1972,Pontiac,Lemans
5863,Pontiac Lemans 1991,Pontiac,Lemans
5864,Pontiac Montana 1998,Pontiac,Montana
5865,Pontiac Montana 1999,Pontiac,Montana
5866,Pontiac Montana 2000,Pontiac,Montana
5867,Pontiac Montana 2001,Pontiac,Montana
5868,Pontiac Montana 2002,Pontiac,Montana
5869,Pontiac Montana 2003,Pontiac,Montana
5870,Pontiac Montana 2004,Pontiac,Montana
5871,Pontiac Montana 2005,Pontiac,Montana
5872,Pontiac Montana 2006,Pontiac,Montana
5873,Pontiac Montana 2007,Pontiac,Montana
5874,Pontiac Parisienne 1965,Pontiac,Parisienne
5875,Pontiac Parisienne 1985,Pontiac,Parisienne
5876,Pontiac Pursuit 2005,Pontiac,Pursuit
5877,Pontiac Pursuit 2006,Pontiac,Pursuit
5878,Pontiac Solstice 2006,Pontiac,Solstice
5879,Pontiac Solstice 2007,Pontiac,Solstice
5880,Pontiac Solstice 2008,Pontiac,Solstice
5881,Pontiac Starchief 1954,Pontiac,Starchief
5882,Pontiac Sunbird 1989,Pontiac,Sunbird
5883,Pontiac Sunbird 1991,Pontiac,Sunbird
5884,Pontiac Sunbird 1992,Pontiac,Sunbird
5885,Pontiac Sunfire 1995,Pontiac,Sunfire
5886,Pontiac Sunfire 1996,Pontiac,Sunfire
5887,Pontiac Sunfire 1997,Pontiac,Sunfire
5888,Pontiac Sunfire 1998,Pontiac,Sunfire
5889,Pontiac Sunfire 1999,Pontiac,Sunfire
5890,Pontiac Sunfire 2000,Pontiac,Sunfire
5891,Pontiac Sunfire 2001,Pontiac,Sunfire
5892,Pontiac Sunfire 2002,Pontiac,Sunfire
5893,Pontiac Sunfire 2003,Pontiac,Sunfire
5894,Pontiac Sunfire 2004,Pontiac,Sunfire
5895,Pontiac Sunfire 2005,Pontiac,Sunfire
5896,Pontiac Tempest 1965,Pontiac,Tempest
5897,Pontiac Torrent 2006,Pontiac,Torrent
5898,Pontiac Torrent 2007,Pontiac,Torrent
5899,Pontiac Torrent 2008,Pontiac,Torrent
5900,Pontiac Torrent 2009,Pontiac,Torrent
5901,Pontiac Transam 1975,Pontiac,Transam
5902,Pontiac Transam 1976,Pontiac,Transam
5903,Pontiac Transam 1977,Pontiac,Transam
5904,Pontiac Transam 1978,Pontiac,Transam
5905,Pontiac Transam 1979,Pontiac,Transam
5906,Pontiac Transam 1980,Pontiac,Transam
5907,Pontiac Transam 1981,Pontiac,Transam
5908,Pontiac Transam 1984,Pontiac,Transam
5909,Pontiac Transam 1985,Pontiac,Transam
5910,Pontiac Transam 1986,Pontiac,Transam
5911,Pontiac Transam 1987,Pontiac,Transam
5912,Pontiac Transam 1989,Pontiac,Transam
5913,Pontiac Transam 1990,Pontiac,Transam
5914,Pontiac Transam 1991,Pontiac,Transam
5915,Pontiac Transam 1992,Pontiac,Transam
5916,Pontiac Transam 1993,Pontiac,Transam
5917,Pontiac Transam 1994,Pontiac,Transam
5918,Pontiac Transam 1995,Pontiac,Transam
5919,Pontiac Transam 1996,Pontiac,Transam
5920,Pontiac Transam 1997,Pontiac,Transam
5921,Pontiac Transam 1998,Pontiac,Transam
5922,Pontiac Transam 1999,Pontiac,Transam
5923,Pontiac Transam 2000,Pontiac,Transam
5924,Pontiac Transam 2001,Pontiac,Transam
5925,Pontiac Transam 2002,Pontiac,Transam
5926,Pontiac Transam 2003,Pontiac,Transam
5927,Pontiac Ventura 1967,Pontiac,Ventura
5928,Pontiac Vibe 2003,Pontiac,Vibe
5929,Pontiac Vibe 2004,Pontiac,Vibe
5930,Pontiac Vibe 2005,Pontiac,Vibe
5931,Pontiac Vibe 2006,Pontiac,Vibe
5932,Pontiac Vibe 2007,Pontiac,Vibe
5933,Pontiac Vibe 2008,Pontiac,Vibe
5934,Pontiac Vibe 2009,Pontiac,Vibe
5935,Pontiac Vibe 2010,Pontiac,Vibe
5936,Pontiac Wave 2008,Pontiac,Wave
5937,Pontiac Wave 2009,Pontiac,Wave
5938,Porsche 911 1980,Porsche,911
5939,Porsche 911 1982,Porsche,911
5940,Porsche 911 1985,Porsche,911
5941,Porsche 911 1991,Porsche,911
5942,Porsche 911 1996,Porsche,911
5943,Porsche 911 1999,Porsche,911
5944,Porsche 911 2000,Porsche,911
5945,Porsche 911 2001,Porsche,911
5946,Porsche 911 2002,Porsche,911
5947,Porsche 911 2003,Porsche,911
5948,Porsche 911 2004,Porsche,911
5949,Porsche 911 2006,Porsche,911
5950,Porsche 911 2007,Porsche,911
5951,Porsche 911 2008,Porsche,911
5952,Porsche 911 2013,Porsche,911
5953,Porsche 912 1976,Porsche,912
5954,Porsche 914 1972,Porsche,914
5955,Porsche 914 1973,Porsche,914
5956,Porsche 924 1978,Porsche,924
5957,Porsche 924 1979,Porsche,924
5958,Porsche 928 1979,Porsche,928
5959,Porsche 928 1980,Porsche,928
5960,Porsche 928 1981,Porsche,928
5961,Porsche 928 1983,Porsche,928
5962,Porsche 928 1984,Porsche,928
5963,Porsche 928 1985,Porsche,928
5964,Porsche 930 1982,Porsche,930
5965,Porsche 944 1983,Porsche,944
5966,Porsche 944 1984,Porsche,944
5967,Porsche 944 1985,Porsche,944
5968,Porsche 944 1986,Porsche,944
5969,Porsche 944 1987,Porsche,944
5970,Porsche 944 1988,Porsche,944
5971,Porsche 944 1990,Porsche,944
5972,Porsche 997 2008,Porsche,997
5973,Porsche Boxster 1997,Porsche,Boxster
5974,Porsche Boxster 1998,Porsche,Boxster
5975,Porsche Boxster 1999,Porsche,Boxster
5976,Porsche Boxster 2000,Porsche,Boxster
5977,Porsche Boxster 2001,Porsche,Boxster
5978,Porsche Boxster 2002,Porsche,Boxster
5979,Porsche Boxster 2003,Porsche,Boxster
5980,Porsche Boxster 2004,Porsche,Boxster
5981,Porsche Boxster 2005,Porsche,Boxster
5982,Porsche Boxster 2006,Porsche,Boxster
5983,Porsche Boxster 2007,Porsche,Boxster
5984,Porsche Boxster 2008,Porsche,Boxster
5985,Porsche Boxster 2013,Porsche,Boxster
5986,Porsche Cayenne 2004,Porsche,Cayenne
5987,Porsche Cayenne 2005,Porsche,Cayenne
5988,Porsche Cayenne 2006,Porsche,Cayenne
5989,Porsche Cayenne 2008,Porsche,Cayenne
5990,Porsche Cayenne 2009,Porsche,Cayenne
5991,Porsche Cayenne 2010,Porsche,Cayenne
5992,Porsche Cayenne 2011,Porsche,Cayenne
5993,Porsche Cayenne 2012,Porsche,Cayenne
5994,Porsche Cayman 2007,Porsche,Cayman
5995,Porsche Panamera 2011,Porsche,Panamera
5996,Porsche Panamera 2012,Porsche,Panamera
5997,Porsche Panamera 2014,Porsche,Panamera
5998,Ram 1500 2003,Ram,1500
5999,Ram 1500 2008,Ram,1500
6000,Ram 1500 2011,Ram,1500
6001,Ram 1500 2012,Ram,1500
6002,Ram 1500 2013,Ram,1500
6003,Ram 1500 2014,Ram,1500
6004,Ram 1500 2015,Ram,1500
6005,Ram 1500 2016,Ram,1500
6006,Ram 2500 2001,Ram,2500
6007,Ram 2500 2011,Ram,2500
6008,Ram 2500 2012,Ram,2500
6009,Ram 2500 2013,Ram,2500
6010,Ram 2500 2014,Ram,2500
6011,Ram 2500 2015,Ram,2500
6012,Ram 2500 2016,Ram,2500
6013,Ram 3500 2005,Ram,3500
6014,Ram 3500 2007,Ram,3500
6015,Ram 3500 2008,Ram,3500
6016,Ram 3500 2011,Ram,3500
6017,Ram 3500 2012,Ram,3500
6018,Ram 3500 2013,Ram,3500
6019,Ram 3500 2015,Ram,3500
6020,Rambler American 1959,Rambler,American
6021,Rambler Rogue 1966,Rambler,Rogue
6022,Renault Captur 2015,Renault,Captur
6023,Rollsroyce Corniche 1989,Rollsroyce,Corniche
6024,Rollsroyce Silvershadow 1972,Rollsroyce,Silvershadow
6025,Rollsroyce Silverspur 1989,Rollsroyce,Silverspur
6026,Saab 9-2 2005,Saab,9-2
6027,Saab 9-2 2006,Saab,9-2
6028,Saab 9-3 1999,Saab,9-3
6029,Saab 9-3 2000,Saab,9-3
6030,Saab 9-3 2001,Saab,9-3
6031,Saab 9-3 2002,Saab,9-3
6032,Saab 9-3 2003,Saab,9-3
6033,Saab 9-3 2004,Saab,9-3
6034,Saab 9-3 2005,Saab,9-3
6035,Saab 9-3 2006,Saab,9-3
6036,Saab 9-3 2007,Saab,9-3
6037,Saab 9-3 2008,Saab,9-3
6038,Saab 9-3 Convertible 1999,Saab,9-3 Convertible
6039,Saab 9-3 Convertible 2000,Saab,9-3 Convertible
6040,Saab 9-3 Convertible 2002,Saab,9-3 Convertible
6041,Saab 9-3 Convertible 2003,Saab,9-3 Convertible
6042,Saab 9-3 Convertible 2004,Saab,9-3 Convertible
6043,Saab 9-3 Convertible 2005,Saab,9-3 Convertible
6044,Saab 9-3 Convertible 2006,Saab,9-3 Convertible
6045,Saab 9-3 Convertible 2007,Saab,9-3 Convertible
6046,Saab 9-5 1999,Saab,9-5
6047,Saab 9-5 2000,Saab,9-5
6048,Saab 9-5 2001,Saab,9-5
6049,Saab 9-5 2002,Saab,9-5
6050,Saab 9-5 2003,Saab,9-5
6051,Saab 9-5 2004,Saab,9-5
6052,Saab 9-5 2006,Saab,9-5
6053,Saab 9-5 2007,Saab,9-5
6054,Saab 9-5 2011,Saab,9-5
6055,Saab 9-6 1973,Saab,9-6
6056,Saab 9-7 2006,Saab,9-7
6057,Saab 9-7 2008,Saab,9-7
6058,Saab 900 1988,Saab,900
6059,Saab 900 1990,Saab,900
6060,Saab 900 1991,Saab,900
6061,Saab 900 1994,Saab,900
6062,Saab 900 1995,Saab,900
6063,Saab 900 1996,Saab,900
6064,Saab 900 1997,Saab,900
6065,Saab 900 1998,Saab,900
6066,Saturn Astra 2008,Saturn,Astra
6067,Saturn Aura 2007,Saturn,Aura
6068,Saturn Aura 2008,Saturn,Aura
6069,Saturn Aura 2009,Saturn,Aura
6070,Saturn Ion 2002,Saturn,Ion
6071,Saturn Ion 2003,Saturn,Ion
6072,Saturn Ion 2004,Saturn,Ion
6073,Saturn Ion 2005,Saturn,Ion
6074,Saturn Ion 2006,Saturn,Ion
6075,Saturn Ion 2007,Saturn,Ion
6076,Saturn L100 2001,Saturn,L100
6077,Saturn L100 2002,Saturn,L100
6078,Saturn L200 2000,Saturn,L200
6079,Saturn L200 2001,Saturn,L200
6080,Saturn L200 2002,Saturn,L200
6081,Saturn L200 2003,Saturn,L200
6082,Saturn L300 2001,Saturn,L300
6083,Saturn L300 2002,Saturn,L300
6084,Saturn L300 2003,Saturn,L300
6085,Saturn L300 2004,Saturn,L300
6086,Saturn L300 2005,Saturn,L300
6087,Saturn Ls 1999,Saturn,Ls
6088,Saturn Ls 2000,Saturn,Ls
6089,Saturn Ls 2001,Saturn,Ls
6090,Saturn Ls 2002,Saturn,Ls
6091,Saturn Lw200 2000,Saturn,Lw200
6092,Saturn Lw200 2003,Saturn,Lw200
6093,Saturn Lw300 2001,Saturn,Lw300
6094,Saturn Lw300 2002,Saturn,Lw300
6095,Saturn Lw300 2003,Saturn,Lw300
6096,Saturn Outlook 2007,Saturn,Outlook
6097,Saturn Outlook 2008,Saturn,Outlook
6098,Saturn Outlook 2009,Saturn,Outlook
6099,Saturn Outlook 2010,Saturn,Outlook
6100,Saturn Relay 2005,Saturn,Relay
6101,Saturn Relay 2006,Saturn,Relay
6102,Saturn Relay 2007,Saturn,Relay
6103,Saturn Sc1 2000,Saturn,Sc1
6104,Saturn Sc1 2001,Saturn,Sc1
6105,Saturn Sc1 2002,Saturn,Sc1
6106,Saturn Sc2 1992,Saturn,Sc2
6107,Saturn Sc2 1996,Saturn,Sc2
6108,Saturn Sc2 1997,Saturn,Sc2
6109,Saturn Sc2 1998,Saturn,Sc2
6110,Saturn Sc2 1999,Saturn,Sc2
6111,Saturn Sc2 2001,Saturn,Sc2
6112,Saturn Sc2 2002,Saturn,Sc2
6113,Saturn Sky 2007,Saturn,Sky
6114,Saturn Sky 2008,Saturn,Sky
6115,Saturn Sky 2009,Saturn,Sky
6116,Saturn Sl1 1994,Saturn,Sl1
6117,Saturn Sl1 1995,Saturn,Sl1
6118,Saturn Sl1 1997,Saturn,Sl1
6119,Saturn Sl1 1998,Saturn,Sl1
6120,Saturn Sl1 1999,Saturn,Sl1
6121,Saturn Sl1 2000,Saturn,Sl1
6122,Saturn Sl1 2001,Saturn,Sl1
6123,Saturn Sl1 2002,Saturn,Sl1
6124,Saturn Sl2 1993,Saturn,Sl2
6125,Saturn Sl2 1994,Saturn,Sl2
6126,Saturn Sl2 1995,Saturn,Sl2
6127,Saturn Sl2 1996,Saturn,Sl2
6128,Saturn Sl2 1997,Saturn,Sl2
6129,Saturn Sl2 1998,Saturn,Sl2
6130,Saturn Sl2 1999,Saturn,Sl2
6131,Saturn Sl2 2000,Saturn,Sl2
6132,Saturn Sl2 2001,Saturn,Sl2
6133,Saturn Sl2 2002,Saturn,Sl2
6134,Saturn Sl2 Wagon 2000,Saturn,Sl2 Wagon
6135,Saturn Sl 1993,Saturn,Sl
6136,Saturn Sl 1995,Saturn,Sl
6137,Saturn Sl 1996,Saturn,Sl
6138,Saturn Sl 1997,Saturn,Sl
6139,Saturn Sl 1998,Saturn,Sl
6140,Saturn Sl 2002,Saturn,Sl
6141,Saturn Sw2 1994,Saturn,Sw2
6142,Saturn Sw2 1995,Saturn,Sw2
6143,Saturn Sw2 1996,Saturn,Sw2
6144,Saturn Sw2 1997,Saturn,Sw2
6145,Saturn Sw2 1998,Saturn,Sw2
6146,Saturn Sw2 2000,Saturn,Sw2
6147,Saturn Sw2 2001,Saturn,Sw2
6148,Saturn Vue 2002,Saturn,Vue
6149,Saturn Vue 2003,Saturn,Vue
6150,Saturn Vue 2004,Saturn,Vue
6151,Saturn Vue 2005,Saturn,Vue
6152,Saturn Vue 2006,Saturn,Vue
6153,Saturn Vue 2007,Saturn,Vue
6154,Saturn Vue 2008,Saturn,Vue
6155,Saturn Vue 2009,Saturn,Vue
6156,Scion Frs 2013,Scion,Frs
6157,Scion Iq 2012,Scion,Iq
6158,Scion Iq 2013,Scion,Iq
6159,Scion Tc 2005,Scion,Tc
6160,Scion Tc 2006,Scion,Tc
6161,Scion Tc 2007,Scion,Tc
6162,Scion Tc 2008,Scion,Tc
6163,Scion Tc 2009,Scion,Tc
6164,Scion Tc 2010,Scion,Tc
6165,Scion Tc 2011,Scion,Tc
6166,Scion Tc 2012,Scion,Tc
6167,Scion Tc 2013,Scion,Tc
6168,Scion Tc 2014,Scion,Tc
6169,Scion Xa 2004,Scion,Xa
6170,Scion Xa 2005,Scion,Xa
6171,Scion Xa 2006,Scion,Xa
6172,Scion Xb 2004,Scion,Xb
6173,Scion Xb 2005,Scion,Xb
6174,Scion Xb 2006,Scion,Xb
6175,Scion Xb 2008,Scion,Xb
6176,Scion Xb 2009,Scion,Xb
6177,Scion Xb 2010,Scion,Xb
6178,Scion Xb 2011,Scion,Xb
6179,Scion Xb 2012,Scion,Xb
6180,Scion Xb 2013,Scion,Xb
6181,Scion Xd 2008,Scion,Xd
6182,Scion Xd 2009,Scion,Xd
6183,Scion Xd 2010,Scion,Xd
6184,Scion Xd 2011,Scion,Xd
6185,Scion Xd 2012,Scion,Xd
6186,Scion Xd 2013,Scion,Xd
6187,Scion Xd 2014,Scion,Xd
6188,Smart Fortwo 2008,Smart,Fortwo
6189,Smart Fortwo 2009,Smart,Fortwo
6190,Smart Fortwo 2011,Smart,Fortwo
6191,Smart Fortwo 2012,Smart,Fortwo
6192,Smart Fortwo 2013,Smart,Fortwo
6193,Smart Fortwo 2014,Smart,Fortwo
6194,Smart Fortwo 2015,Smart,Fortwo
6195,Studebaker Champion 1950,Studebaker,Champion
6196,Studebaker Champion 1953,Studebaker,Champion
6197,Studebaker Commander 1939,Studebaker,Commander
6198,Studebaker Lark 1963,Studebaker,Lark
6199,Subaru Baja 2003,Subaru,Baja
6200,Subaru Baja 2004,Subaru,Baja
6201,Subaru Baja 2005,Subaru,Baja
6202,Subaru Baja 2006,Subaru,Baja
6203,Subaru Brat 1978,Subaru,Brat
6204,Subaru Brz 2013,Subaru,Brz
6205,Subaru Brz 2014,Subaru,Brz
6206,Subaru Brz 2015,Subaru,Brz
6207,Subaru Crosstrek 2013,Subaru,Crosstrek
6208,Subaru Crosstrek 2015,Subaru,Crosstrek
6209,Subaru Forester 1998,Subaru,Forester
6210,Subaru Forester 1999,Subaru,Forester
6211,Subaru Forester 2000,Subaru,Forester
6212,Subaru Forester 2001,Subaru,Forester
6213,Subaru Forester 2002,Subaru,Forester
6214,Subaru Forester 2003,Subaru,Forester
6215,Subaru Forester 2004,Subaru,Forester
6216,Subaru Forester 2005,Subaru,Forester
6217,Subaru Forester 2006,Subaru,Forester
6218,Subaru Forester 2007,Subaru,Forester
6219,Subaru Forester 2008,Subaru,Forester
6220,Subaru Forester 2009,Subaru,Forester
6221,Subaru Forester 2010,Subaru,Forester
6222,Subaru Forester 2011,Subaru,Forester
6223,Subaru Forester 2012,Subaru,Forester
6224,Subaru Forester 2013,Subaru,Forester
6225,Subaru Forester 2014,Subaru,Forester
6226,Subaru Forester 2015,Subaru,Forester
6227,Subaru Forester 2016,Subaru,Forester
6228,Subaru Impreza 1993,Subaru,Impreza
6229,Subaru Impreza 1994,Subaru,Impreza
6230,Subaru Impreza 1995,Subaru,Impreza
6231,Subaru Impreza 1996,Subaru,Impreza
6232,Subaru Impreza 1997,Subaru,Impreza
6233,Subaru Impreza 1998,Subaru,Impreza
6234,Subaru Impreza 1999,Subaru,Impreza
6235,Subaru Impreza 2000,Subaru,Impreza
6236,Subaru Impreza 2001,Subaru,Impreza
6237,Subaru Impreza 2002,Subaru,Impreza
6238,Subaru Impreza 2003,Subaru,Impreza
6239,Subaru Impreza 2004,Subaru,Impreza
6240,Subaru Impreza 2005,Subaru,Impreza
6241,Subaru Impreza 2006,Subaru,Impreza
6242,Subaru Impreza 2007,Subaru,Impreza
6243,Subaru Impreza 2008,Subaru,Impreza
6244,Subaru Impreza 2009,Subaru,Impreza
6245,Subaru Impreza 2010,Subaru,Impreza
6246,Subaru Impreza 2011,Subaru,Impreza
6247,Subaru Impreza 2012,Subaru,Impreza
6248,Subaru Impreza 2013,Subaru,Impreza
6249,Subaru Impreza 2014,Subaru,Impreza
6250,Subaru Impreza Wagon 2000,Subaru,Impreza Wagon
6251,Subaru Impreza Wagon 2002,Subaru,Impreza Wagon
6252,Subaru Impreza Wagon 2004,Subaru,Impreza Wagon
6253,Subaru Impreza Wagon 2005,Subaru,Impreza Wagon
6254,Subaru Impreza Wagon 2006,Subaru,Impreza Wagon
6255,Subaru Impreza Wagon 2007,Subaru,Impreza Wagon
6256,Subaru Impreza Wagon 2008,Subaru,Impreza Wagon
6257,Subaru Impreza Wagon 2010,Subaru,Impreza Wagon
6258,Subaru Impreza Wagon 2012,Subaru,Impreza Wagon
6259,Subaru Impreza Wagon 2013,Subaru,Impreza Wagon
6260,Subaru Impreza Wagon 2015,Subaru,Impreza Wagon
6261,Subaru Legacy 1990,Subaru,Legacy
6262,Subaru Legacy 1991,Subaru,Legacy
6263,Subaru Legacy 1993,Subaru,Legacy
6264,Subaru Legacy 1995,Subaru,Legacy
6265,Subaru Legacy 1997,Subaru,Legacy
6266,Subaru Legacy 1998,Subaru,Legacy
6267,Subaru Legacy 1999,Subaru,Legacy
6268,Subaru Legacy 2000,Subaru,Legacy
6269,Subaru Legacy 2001,Subaru,Legacy
6270,Subaru Legacy 2002,Subaru,Legacy
6271,Subaru Legacy 2003,Subaru,Legacy
6272,Subaru Legacy 2004,Subaru,Legacy
6273,Subaru Legacy 2005,Subaru,Legacy
6274,Subaru Legacy 2006,Subaru,Legacy
6275,Subaru Legacy 2007,Subaru,Legacy
6276,Subaru Legacy 2008,Subaru,Legacy
6277,Subaru Legacy 2009,Subaru,Legacy
6278,Subaru Legacy 2010,Subaru,Legacy
6279,Subaru Legacy 2011,Subaru,Legacy
6280,Subaru Legacy 2012,Subaru,Legacy
6281,Subaru Legacy 2013,Subaru,Legacy
6282,Subaru Legacy 2015,Subaru,Legacy
6283,Subaru Legacy 2016,Subaru,Legacy
6284,Subaru Outback 1991,Subaru,Outback
6285,Subaru Outback 1993,Subaru,Outback
6286,Subaru Outback 1996,Subaru,Outback
6287,Subaru Outback 1997,Subaru,Outback
6288,Subaru Outback 1998,Subaru,Outback
6289,Subaru Outback 1999,Subaru,Outback
6290,Subaru Outback 2000,Subaru,Outback
6291,Subaru Outback 2001,Subaru,Outback
6292,Subaru Outback 2002,Subaru,Outback
6293,Subaru Outback 2003,Subaru,Outback
6294,Subaru Outback 2004,Subaru,Outback
6295,Subaru Outback 2005,Subaru,Outback
6296,Subaru Outback 2006,Subaru,Outback
6297,Subaru Outback 2007,Subaru,Outback
6298,Subaru Outback 2008,Subaru,Outback
6299,Subaru Outback 2009,Subaru,Outback
6300,Subaru Outback 2010,Subaru,Outback
6301,Subaru Outback 2011,Subaru,Outback
6302,Subaru Outback 2012,Subaru,Outback
6303,Subaru Outback 2013,Subaru,Outback
6304,Subaru Outback 2014,Subaru,Outback
6305,Subaru Outback 2015,Subaru,Outback
6306,Subaru Svx 1992,Subaru,Svx
6307,Subaru Tribeca 2006,Subaru,Tribeca
6308,Subaru Tribeca 2007,Subaru,Tribeca
6309,Subaru Tribeca 2008,Subaru,Tribeca
6310,Subaru Wrx 2002,Subaru,Wrx
6311,Subaru Wrx 2004,Subaru,Wrx
6312,Subaru Wrx 2005,Subaru,Wrx
6313,Subaru Wrx 2006,Subaru,Wrx
6314,Subaru Wrx 2007,Subaru,Wrx
6315,Subaru Wrx 2008,Subaru,Wrx
6316,Subaru Wrx 2009,Subaru,Wrx
6317,Subaru Wrx 2010,Subaru,Wrx
6318,Subaru Wrx 2011,Subaru,Wrx
6319,Subaru Wrx 2012,Subaru,Wrx
6320,Subaru Wrx 2013,Subaru,Wrx
6321,Subaru Wrx 2015,Subaru,Wrx
6322,Subaru Wrx 2016,Subaru,Wrx
6323,Sunbeam Rapier 1958,Sunbeam,Rapier
6324,Suzuki Aerio 2002,Suzuki,Aerio
6325,Suzuki Aerio 2003,Suzuki,Aerio
6326,Suzuki Aerio 2004,Suzuki,Aerio
6327,Suzuki Aerio 2005,Suzuki,Aerio
6328,Suzuki Aerio 2006,Suzuki,Aerio
6329,Suzuki Aerio 2007,Suzuki,Aerio
6330,Suzuki Boulevard 2005,Suzuki,Boulevard
6331,Suzuki Boulevard 2006,Suzuki,Boulevard
6332,Suzuki Equator 2012,Suzuki,Equator
6333,Suzuki Esteem 1998,Suzuki,Esteem
6334,Suzuki Esteem 2000,Suzuki,Esteem
6335,Suzuki Esteem 2001,Suzuki,Esteem
6336,Suzuki Esteem Wagon 2001,Suzuki,Esteem Wagon
6337,Suzuki Forenza 2004,Suzuki,Forenza
6338,Suzuki Forenza 2005,Suzuki,Forenza
6339,Suzuki Forenza 2006,Suzuki,Forenza
6340,Suzuki Forenza 2007,Suzuki,Forenza
6341,Suzuki Forenza 2008,Suzuki,Forenza
6342,Suzuki Grand Vitara 1999,Suzuki,Grand Vitara
6343,Suzuki Grand Vitara 2000,Suzuki,Grand Vitara
6344,Suzuki Grand Vitara 2001,Suzuki,Grand Vitara
6345,Suzuki Grand Vitara 2002,Suzuki,Grand Vitara
6346,Suzuki Grand Vitara 2003,Suzuki,Grand Vitara
6347,Suzuki Grand Vitara 2006,Suzuki,Grand Vitara
6348,Suzuki Grand Vitara 2007,Suzuki,Grand Vitara
6349,Suzuki Grand Vitara 2012,Suzuki,Grand Vitara
6350,Suzuki Reno 2005,Suzuki,Reno
6351,Suzuki Reno 2006,Suzuki,Reno
6352,Suzuki Reno 2007,Suzuki,Reno
6353,Suzuki Reno 2008,Suzuki,Reno
6354,Suzuki Samurai 1986,Suzuki,Samurai
6355,Suzuki Samurai 1987,Suzuki,Samurai
6356,Suzuki Samurai 1988,Suzuki,Samurai
6357,Suzuki Samurai 1991,Suzuki,Samurai
6358,Suzuki Samurai 1992,Suzuki,Samurai
6359,Suzuki Sidekick 1989,Suzuki,Sidekick
6360,Suzuki Sidekick 1994,Suzuki,Sidekick
6361,Suzuki Sidekick 1996,Suzuki,Sidekick
6362,Suzuki Sidekick 1998,Suzuki,Sidekick
6363,Suzuki Swift 2001,Suzuki,Swift
6364,Suzuki Swift 2004,Suzuki,Swift
6365,Suzuki Sx4 2007,Suzuki,Sx4
6366,Suzuki Sx4 2008,Suzuki,Sx4
6367,Suzuki Sx4 2009,Suzuki,Sx4
6368,Suzuki Sx4 2010,Suzuki,Sx4
6369,Suzuki Sx4 2011,Suzuki,Sx4
6370,Suzuki Sx4 2012,Suzuki,Sx4
6371,Suzuki Sx4 2013,Suzuki,Sx4
6372,Suzuki Verona 2004,Suzuki,Verona
6373,Suzuki Verona 2005,Suzuki,Verona
6374,Suzuki Vitara 1999,Suzuki,Vitara
6375,Suzuki Vitara 2000,Suzuki,Vitara
6376,Suzuki Vitara 2002,Suzuki,Vitara
6377,Suzuki Vitara 2003,Suzuki,Vitara
6378,Suzuki X90 1996,Suzuki,X90
6379,Suzuki Xl7 2001,Suzuki,Xl7
6380,Suzuki Xl7 2002,Suzuki,Xl7
6381,Suzuki Xl7 2003,Suzuki,Xl7
6382,Suzuki Xl7 2004,Suzuki,Xl7
6383,Suzuki Xl7 2005,Suzuki,Xl7
6384,Suzuki Xl7 2006,Suzuki,Xl7
6385,Suzuki Xl7 2007,Suzuki,Xl7
6386,Suzuki Xl7 2008,Suzuki,Xl7
6387,Tesla S 2013,Tesla,S
6388,Toyota 1-Ton Truck 1990,Toyota,1-Ton Truck
6389,Toyota 4Runner 1984,Toyota,4Runner
6390,Toyota 4Runner 1985,Toyota,4Runner
6391,Toyota 4Runner 1986,Toyota,4Runner
6392,Toyota 4Runner 1987,Toyota,4Runner
6393,Toyota 4Runner 1988,Toyota,4Runner
6394,Toyota 4Runner 1989,Toyota,4Runner
6395,Toyota 4Runner 1990,Toyota,4Runner
6396,Toyota 4Runner 1991,Toyota,4Runner
6397,Toyota 4Runner 1992,Toyota,4Runner
6398,Toyota 4Runner 1993,Toyota,4Runner
6399,Toyota 4Runner 1994,Toyota,4Runner
6400,Toyota 4Runner 1995,Toyota,4Runner
6401,Toyota 4Runner 1996,Toyota,4Runner
6402,Toyota 4Runner 1997,Toyota,4Runner
6403,Toyota 4Runner 1998,Toyota,4Runner
6404,Toyota 4Runner 1999,Toyota,4Runner
6405,Toyota 4Runner 2000,Toyota,4Runner
6406,Toyota 4Runner 2001,Toyota,4Runner
6407,Toyota 4Runner 2002,Toyota,4Runner
6408,Toyota 4Runner 2003,Toyota,4Runner
6409,Toyota 4Runner 2004,Toyota,4Runner
6410,Toyota 4Runner 2005,Toyota,4Runner
6411,Toyota 4Runner 2006,Toyota,4Runner
6412,Toyota 4Runner 2007,Toyota,4Runner
6413,Toyota 4Runner 2008,Toyota,4Runner
6414,Toyota 4Runner 2009,Toyota,4Runner
6415,Toyota 4Runner 2010,Toyota,4Runner
6416,Toyota 4Runner 2011,Toyota,4Runner
6417,Toyota 4Runner 2012,Toyota,4Runner
6418,Toyota 4Runner 2013,Toyota,4Runner
6419,Toyota 4Runner 2014,Toyota,4Runner
6420,Toyota 4Runner 2015,Toyota,4Runner
6421,Toyota 4Runner 2016,Toyota,4Runner
6422,Toyota Aristo 2000,Toyota,Aristo
6423,Toyota Avalon 1995,Toyota,Avalon
6424,Toyota Avalon 1996,Toyota,Avalon
6425,Toyota Avalon 1997,Toyota,Avalon
6426,Toyota Avalon 1998,Toyota,Avalon
6427,Toyota Avalon 1999,Toyota,Avalon
6428,Toyota Avalon 2000,Toyota,Avalon
6429,Toyota Avalon 2001,Toyota,Avalon
6430,Toyota Avalon 2002,Toyota,Avalon
6431,Toyota Avalon 2003,Toyota,Avalon
6432,Toyota Avalon 2004,Toyota,Avalon
6433,Toyota Avalon 2005,Toyota,Avalon
6434,Toyota Avalon 2006,Toyota,Avalon
6435,Toyota Avalon 2007,Toyota,Avalon
6436,Toyota Avalon 2008,Toyota,Avalon
6437,Toyota Avalon 2009,Toyota,Avalon
6438,Toyota Avalon 2010,Toyota,Avalon
6439,Toyota Avalon 2011,Toyota,Avalon
6440,Toyota Avalon 2012,Toyota,Avalon
6441,Toyota Avalon 2013,Toyota,Avalon
6442,Toyota Avalon 2014,Toyota,Avalon
6443,Toyota Camry 1986,Toyota,Camry
6444,Toyota Camry 1987,Toyota,Camry
6445,Toyota Camry 1988,Toyota,Camry
6446,Toyota Camry 1989,Toyota,Camry
6447,Toyota Camry 1990,Toyota,Camry
6448,Toyota Camry 1991,Toyota,Camry
6449,Toyota Camry 1992,Toyota,Camry
6450,Toyota Camry 1993,Toyota,Camry
6451,Toyota Camry 1994,Toyota,Camry
6452,Toyota Camry 1995,Toyota,Camry
6453,Toyota Camry 1996,Toyota,Camry
6454,Toyota Camry 1997,Toyota,Camry
6455,Toyota Camry 1998,Toyota,Camry
6456,Toyota Camry 1999,Toyota,Camry
6457,Toyota Camry 2000,Toyota,Camry
6458,Toyota Camry 2001,Toyota,Camry
6459,Toyota Camry 2002,Toyota,Camry
6460,Toyota Camry 2003,Toyota,Camry
6461,Toyota Camry 2004,Toyota,Camry
6462,Toyota Camry 2005,Toyota,Camry
6463,Toyota Camry 2006,Toyota,Camry
6464,Toyota Camry 2007,Toyota,Camry
6465,Toyota Camry 2008,Toyota,Camry
6466,Toyota Camry 2009,Toyota,Camry
6467,Toyota Camry 2010,Toyota,Camry
6468,Toyota Camry 2011,Toyota,Camry
6469,Toyota Camry 2012,Toyota,Camry
6470,Toyota Camry 2013,Toyota,Camry
6471,Toyota Camry 2014,Toyota,Camry
6472,Toyota Camry 2015,Toyota,Camry
6473,Toyota Camry Le 1987,Toyota,Camry Le
6474,Toyota Camry Le 1992,Toyota,Camry Le
6475,Toyota Camry Le 1997,Toyota,Camry Le
6476,Toyota Camry Le 1998,Toyota,Camry Le
6477,Toyota Camry Le 1999,Toyota,Camry Le
6478,Toyota Camry Le 2000,Toyota,Camry Le
6479,Toyota Camry Le 2001,Toyota,Camry Le
6480,Toyota Camry Le 2002,Toyota,Camry Le
6481,Toyota Camry Le 2003,Toyota,Camry Le
6482,Toyota Camry Le 2004,Toyota,Camry Le
6483,Toyota Camry Le 2005,Toyota,Camry Le
6484,Toyota Camry Le 2006,Toyota,Camry Le
6485,Toyota Camry Le 2007,Toyota,Camry Le
6486,Toyota Camry Le 2008,Toyota,Camry Le
6487,Toyota Camry Le 2009,Toyota,Camry Le
6488,Toyota Camry Le 2010,Toyota,Camry Le
6489,Toyota Camry Le 2011,Toyota,Camry Le
6490,Toyota Camry Le 2012,Toyota,Camry Le
6491,Toyota Camry Le 2013,Toyota,Camry Le
6492,Toyota Camry Le 2014,Toyota,Camry Le
6493,Toyota Camry Le 2015,Toyota,Camry Le
6494,Toyota Camry Le 2016,Toyota,Camry Le
6495,Toyota Camry Se 1994,Toyota,Camry Se
6496,Toyota Camry Se 2002,Toyota,Camry Se
6497,Toyota Camry Se 2004,Toyota,Camry Se
6498,Toyota Camry Se 2005,Toyota,Camry Se
6499,Toyota Camry Se 2006,Toyota,Camry Se
6500,Toyota Camry Se 2007,Toyota,Camry Se
6501,Toyota Camry Se 2011,Toyota,Camry Se
6502,Toyota Camry Se 2012,Toyota,Camry Se
6503,Toyota Camry Se 2013,Toyota,Camry Se
6504,Toyota Camry Se 2015,Toyota,Camry Se
6505,Toyota Camry Solara 1999,Toyota,Camry Solara
6506,Toyota Camry Solara 2000,Toyota,Camry Solara
6507,Toyota Camry Solara 2001,Toyota,Camry Solara
6508,Toyota Camry Solara 2002,Toyota,Camry Solara
6509,Toyota Camry Solara 2005,Toyota,Camry Solara
6510,Toyota Camry Solara 2007,Toyota,Camry Solara
6511,Toyota Camry Solara 2008,Toyota,Camry Solara
6512,Toyota Camry Solara Convertible 2005,Toyota,Camry Solara Convertible
6513,Toyota Camry Xle 2003,Toyota,Camry Xle
6514,Toyota Camry Xle 2005,Toyota,Camry Xle
6515,Toyota Camry Xle 2007,Toyota,Camry Xle
6516,Toyota Camry Xle 2008,Toyota,Camry Xle
6517,Toyota Camry Xle 2009,Toyota,Camry Xle
6518,Toyota Camry Xle 2012,Toyota,Camry Xle
6519,Toyota Camry Xle 2013,Toyota,Camry Xle
6520,Toyota Celica 1978,Toyota,Celica
6521,Toyota Celica 1981,Toyota,Celica
6522,Toyota Celica 1982,Toyota,Celica
6523,Toyota Celica 1984,Toyota,Celica
6524,Toyota Celica 1986,Toyota,Celica
6525,Toyota Celica 1988,Toyota,Celica
6526,Toyota Celica 1989,Toyota,Celica
6527,Toyota Celica 1990,Toyota,Celica
6528,Toyota Celica 1991,Toyota,Celica
6529,Toyota Celica 1992,Toyota,Celica
6530,Toyota Celica 1993,Toyota,Celica
6531,Toyota Celica 1994,Toyota,Celica
6532,Toyota Celica 1995,Toyota,Celica
6533,Toyota Celica 1996,Toyota,Celica
6534,Toyota Celica 1997,Toyota,Celica
6535,Toyota Celica 1999,Toyota,Celica
6536,Toyota Celica 2000,Toyota,Celica
6537,Toyota Celica 2001,Toyota,Celica
6538,Toyota Celica 2002,Toyota,Celica
6539,Toyota Celica 2003,Toyota,Celica
6540,Toyota Celica 2004,Toyota,Celica
6541,Toyota Celica 2005,Toyota,Celica
6542,Toyota Celica Convertible 1985,Toyota,Celica Convertible
6543,Toyota Celica Convertible 1987,Toyota,Celica Convertible
6544,Toyota Celica Convertible 1995,Toyota,Celica Convertible
6545,Toyota Corolla 1975,Toyota,Corolla
6546,Toyota Corolla 1978,Toyota,Corolla
6547,Toyota Corolla 1979,Toyota,Corolla
6548,Toyota Corolla 1980,Toyota,Corolla
6549,Toyota Corolla 1981,Toyota,Corolla
6550,Toyota Corolla 1982,Toyota,Corolla
6551,Toyota Corolla 1983,Toyota,Corolla
6552,Toyota Corolla 1984,Toyota,Corolla
6553,Toyota Corolla 1985,Toyota,Corolla
6554,Toyota Corolla 1986,Toyota,Corolla
6555,Toyota Corolla 1987,Toyota,Corolla
6556,Toyota Corolla 1988,Toyota,Corolla
6557,Toyota Corolla 1989,Toyota,Corolla
6558,Toyota Corolla 1990,Toyota,Corolla
6559,Toyota Corolla 1991,Toyota,Corolla
6560,Toyota Corolla 1992,Toyota,Corolla
6561,Toyota Corolla 1993,Toyota,Corolla
6562,Toyota Corolla 1994,Toyota,Corolla
6563,Toyota Corolla 1995,Toyota,Corolla
6564,Toyota Corolla 1996,Toyota,Corolla
6565,Toyota Corolla 1997,Toyota,Corolla
6566,Toyota Corolla 1998,Toyota,Corolla
6567,Toyota Corolla 1999,Toyota,Corolla
6568,Toyota Corolla 2000,Toyota,Corolla
6569,Toyota Corolla 2001,Toyota,Corolla
6570,Toyota Corolla 2002,Toyota,Corolla
6571,Toyota Corolla 2003,Toyota,Corolla
6572,Toyota Corolla 2004,Toyota,Corolla
6573,Toyota Corolla 2005,Toyota,Corolla
6574,Toyota Corolla 2006,Toyota,Corolla
6575,Toyota Corolla 2007,Toyota,Corolla
6576,Toyota Corolla 2008,Toyota,Corolla
6577,Toyota Corolla 2009,Toyota,Corolla
6578,Toyota Corolla 2010,Toyota,Corolla
6579,Toyota Corolla 2011,Toyota,Corolla
6580,Toyota Corolla 2012,Toyota,Corolla
6581,Toyota Corolla 2013,Toyota,Corolla
6582,Toyota Corolla 2014,Toyota,Corolla
6583,Toyota Corolla 2015,Toyota,Corolla
6584,Toyota Corolla Ce 2000,Toyota,Corolla Ce
6585,Toyota Corolla Ce 2001,Toyota,Corolla Ce
6586,Toyota Corolla Ce 2005,Toyota,Corolla Ce
6587,Toyota Corolla Ce 2007,Toyota,Corolla Ce
6588,Toyota Corolla Ce 2010,Toyota,Corolla Ce
6589,Toyota Corolla Ce 2012,Toyota,Corolla Ce
6590,Toyota Corolla Dx 1990,Toyota,Corolla Dx
6591,Toyota Corolla Dx 1997,Toyota,Corolla Dx
6592,Toyota Corolla Le 2003,Toyota,Corolla Le
6593,Toyota Corolla Le 2004,Toyota,Corolla Le
6594,Toyota Corolla Le 2005,Toyota,Corolla Le
6595,Toyota Corolla Le 2006,Toyota,Corolla Le
6596,Toyota Corolla Le 2009,Toyota,Corolla Le
6597,Toyota Corolla Le 2010,Toyota,Corolla Le
6598,Toyota Corolla Le 2011,Toyota,Corolla Le
6599,Toyota Corolla Le 2012,Toyota,Corolla Le
6600,Toyota Corolla Le 2013,Toyota,Corolla Le
6601,Toyota Corolla Le 2014,Toyota,Corolla Le
6602,Toyota Corolla Le 2015,Toyota,Corolla Le
6603,Toyota Corolla S 2002,Toyota,Corolla S
6604,Toyota Corolla S 2003,Toyota,Corolla S
6605,Toyota Corolla S 2004,Toyota,Corolla S
6606,Toyota Corolla S 2005,Toyota,Corolla S
6607,Toyota Corolla S 2007,Toyota,Corolla S
6608,Toyota Corolla S 2009,Toyota,Corolla S
6609,Toyota Corolla S 2010,Toyota,Corolla S
6610,Toyota Corolla S 2011,Toyota,Corolla S
6611,Toyota Corolla S 2012,Toyota,Corolla S
6612,Toyota Corolla S 2015,Toyota,Corolla S
6613,Toyota Corolla Wagon 1996,Toyota,Corolla Wagon
6614,Toyota Echo 2000,Toyota,Echo
6615,Toyota Echo 2001,Toyota,Echo
6616,Toyota Echo 2002,Toyota,Echo
6617,Toyota Echo 2003,Toyota,Echo
6618,Toyota Echo 2004,Toyota,Echo
6619,Toyota Echo 2005,Toyota,Echo
6620,Toyota Fj40 1972,Toyota,Fj40
6621,Toyota Fjcruiser 2007,Toyota,Fjcruiser
6622,Toyota Fjcruiser 2008,Toyota,Fjcruiser
6623,Toyota Fjcruiser 2009,Toyota,Fjcruiser
6624,Toyota Fjcruiser 2010,Toyota,Fjcruiser
6625,Toyota Fjcruiser 2011,Toyota,Fjcruiser
6626,Toyota Fjcruiser 2012,Toyota,Fjcruiser
6627,Toyota Fjcruiser 2014,Toyota,Fjcruiser
6628,Toyota Fortuner 2013,Toyota,Fortuner
6629,Toyota Hiace 2012,Toyota,Hiace
6630,Toyota Highlander 2001,Toyota,Highlander
6631,Toyota Highlander 2002,Toyota,Highlander
6632,Toyota Highlander 2003,Toyota,Highlander
6633,Toyota Highlander 2004,Toyota,Highlander
6634,Toyota Highlander 2005,Toyota,Highlander
6635,Toyota Highlander 2006,Toyota,Highlander
6636,Toyota Highlander 2007,Toyota,Highlander
6637,Toyota Highlander 2008,Toyota,Highlander
6638,Toyota Highlander 2009,Toyota,Highlander
6639,Toyota Highlander 2010,Toyota,Highlander
6640,Toyota Highlander 2011,Toyota,Highlander
6641,Toyota Highlander 2012,Toyota,Highlander
6642,Toyota Highlander 2013,Toyota,Highlander
6643,Toyota Highlander 2014,Toyota,Highlander
6644,Toyota Highlander 2016,Toyota,Highlander
6645,Toyota Hilux 1973,Toyota,Hilux
6646,Toyota Hilux 1974,Toyota,Hilux
6647,Toyota Hilux 1993,Toyota,Hilux
6648,Toyota Hilux 2014,Toyota,Hilux
6649,Toyota Landcruiser 1964,Toyota,Landcruiser
6650,Toyota Landcruiser 1965,Toyota,Landcruiser
6651,Toyota Landcruiser 1971,Toyota,Landcruiser
6652,Toyota Landcruiser 1972,Toyota,Landcruiser
6653,Toyota Landcruiser 1980,Toyota,Landcruiser
6654,Toyota Landcruiser 1983,Toyota,Landcruiser
6655,Toyota Landcruiser 1984,Toyota,Landcruiser
6656,Toyota Landcruiser 1985,Toyota,Landcruiser
6657,Toyota Landcruiser 1988,Toyota,Landcruiser
6658,Toyota Landcruiser 1989,Toyota,Landcruiser
6659,Toyota Landcruiser 1991,Toyota,Landcruiser
6660,Toyota Landcruiser 1992,Toyota,Landcruiser
6661,Toyota Landcruiser 1993,Toyota,Landcruiser
6662,Toyota Landcruiser 1994,Toyota,Landcruiser
6663,Toyota Landcruiser 1996,Toyota,Landcruiser
6664,Toyota Landcruiser 1997,Toyota,Landcruiser
6665,Toyota Landcruiser 1998,Toyota,Landcruiser
6666,Toyota Landcruiser 1999,Toyota,Landcruiser
6667,Toyota Landcruiser 2000,Toyota,Landcruiser
6668,Toyota Landcruiser 2001,Toyota,Landcruiser
6669,Toyota Landcruiser 2002,Toyota,Landcruiser
6670,Toyota Landcruiser 2006,Toyota,Landcruiser
6671,Toyota Landcruiser 2008,Toyota,Landcruiser
6672,Toyota Landcruiser 2014,Toyota,Landcruiser
6673,Toyota Landcruiser 2016,Toyota,Landcruiser
6674,Toyota Matrix 2003,Toyota,Matrix
6675,Toyota Matrix 2004,Toyota,Matrix
6676,Toyota Matrix 2005,Toyota,Matrix
6677,Toyota Matrix 2006,Toyota,Matrix
6678,Toyota Matrix 2007,Toyota,Matrix
6679,Toyota Matrix 2008,Toyota,Matrix
6680,Toyota Matrix 2009,Toyota,Matrix
6681,Toyota Matrix 2010,Toyota,Matrix
6682,Toyota Matrix 2011,Toyota,Matrix
6683,Toyota Matrix 2012,Toyota,Matrix
6684,Toyota Matrix 2013,Toyota,Matrix
6685,Toyota Mr2 1986,Toyota,Mr2
6686,Toyota Mr2 1987,Toyota,Mr2
6687,Toyota Mr2 1988,Toyota,Mr2
6688,Toyota Mr2 1989,Toyota,Mr2
6689,Toyota Mr2 1991,Toyota,Mr2
6690,Toyota Mr2 1992,Toyota,Mr2
6691,Toyota Mr2 1993,Toyota,Mr2
6692,Toyota Mr2 1994,Toyota,Mr2
6693,Toyota Mr2 2000,Toyota,Mr2
6694,Toyota Mr2 2001,Toyota,Mr2
6695,Toyota Mr2 2002,Toyota,Mr2
6696,Toyota Mr2 2003,Toyota,Mr2
6697,Toyota Paseo 1992,Toyota,Paseo
6698,Toyota Paseo 1993,Toyota,Paseo
6699,Toyota Paseo 1994,Toyota,Paseo
6700,Toyota Paseo 1995,Toyota,Paseo
6701,Toyota Paseo 1996,Toyota,Paseo
6702,Toyota Paseo 1997,Toyota,Paseo
6703,Toyota Pickup 1978,Toyota,Pickup
6704,Toyota Pickup 1979,Toyota,Pickup
6705,Toyota Pickup 1983,Toyota,Pickup
6706,Toyota Pickup 1984,Toyota,Pickup
6707,Toyota Pickup 1985,Toyota,Pickup
6708,Toyota Pickup 1986,Toyota,Pickup
6709,Toyota Pickup 1987,Toyota,Pickup
6710,Toyota Pickup 1988,Toyota,Pickup
6711,Toyota Pickup 1989,Toyota,Pickup
6712,Toyota Pickup 1990,Toyota,Pickup
6713,Toyota Pickup 1991,Toyota,Pickup
6714,Toyota Pickup 1992,Toyota,Pickup
6715,Toyota Pickup 1993,Toyota,Pickup
6716,Toyota Pickup 1994,Toyota,Pickup
6717,Toyota Previa 1991,Toyota,Previa
6718,Toyota Previa 1992,Toyota,Previa
6719,Toyota Previa 1993,Toyota,Previa
6720,Toyota Previa 1994,Toyota,Previa
6721,Toyota Previa 1995,Toyota,Previa
6722,Toyota Previa 1996,Toyota,Previa
6723,Toyota Previa 1997,Toyota,Previa
6724,Toyota Prius 2001,Toyota,Prius
6725,Toyota Prius 2002,Toyota,Prius
6726,Toyota Prius 2003,Toyota,Prius
6727,Toyota Prius 2004,Toyota,Prius
6728,Toyota Prius 2005,Toyota,Prius
6729,Toyota Prius 2006,Toyota,Prius
6730,Toyota Prius 2007,Toyota,Prius
6731,Toyota Prius 2008,Toyota,Prius
6732,Toyota Prius 2009,Toyota,Prius
6733,Toyota Prius 2010,Toyota,Prius
6734,Toyota Prius 2011,Toyota,Prius
6735,Toyota Prius 2012,Toyota,Prius
6736,Toyota Prius 2013,Toyota,Prius
6737,Toyota Prius 2014,Toyota,Prius
6738,Toyota Prius 2015,Toyota,Prius
6739,Toyota Prius 2016,Toyota,Prius
6740,Toyota Rav4 1996,Toyota,Rav4
6741,Toyota Rav4 1997,Toyota,Rav4
6742,Toyota Rav4 1998,Toyota,Rav4
6743,Toyota Rav4 1999,Toyota,Rav4
6744,Toyota Rav4 2000,Toyota,Rav4
6745,Toyota Rav4 2001,Toyota,Rav4
6746,Toyota Rav4 2002,Toyota,Rav4
6747,Toyota Rav4 2003,Toyota,Rav4
6748,Toyota Rav4 2004,Toyota,Rav4
6749,Toyota Rav4 2005,Toyota,Rav4
6750,Toyota Rav4 2006,Toyota,Rav4
6751,Toyota Rav4 2007,Toyota,Rav4
6752,Toyota Rav4 2008,Toyota,Rav4
6753,Toyota Rav4 2009,Toyota,Rav4
6754,Toyota Rav4 2010,Toyota,Rav4
6755,Toyota Rav4 2011,Toyota,Rav4
6756,Toyota Rav4 2012,Toyota,Rav4
6757,Toyota Rav4 2013,Toyota,Rav4
6758,Toyota Rav4 2014,Toyota,Rav4
6759,Toyota Rav4 2015,Toyota,Rav4
6760,Toyota Scion 2004,Toyota,Scion
6761,Toyota Scion 2005,Toyota,Scion
6762,Toyota Scion 2006,Toyota,Scion
6763,Toyota Scion 2007,Toyota,Scion
6764,Toyota Scion 2009,Toyota,Scion
6765,Toyota Scion 2011,Toyota,Scion
6766,Toyota Scion 2012,Toyota,Scion
6767,Toyota Scion 2014,Toyota,Scion
6768,Toyota Scion 2016,Toyota,Scion
6769,Toyota Sequoia 2001,Toyota,Sequoia
6770,Toyota Sequoia 2002,Toyota,Sequoia
6771,Toyota Sequoia 2003,Toyota,Sequoia
6772,Toyota Sequoia 2004,Toyota,Sequoia
6773,Toyota Sequoia 2005,Toyota,Sequoia
6774,Toyota Sequoia 2006,Toyota,Sequoia
6775,Toyota Sequoia 2007,Toyota,Sequoia
6776,Toyota Sequoia 2008,Toyota,Sequoia
6777,Toyota Sequoia 2010,Toyota,Sequoia
6778,Toyota Sequoia 2011,Toyota,Sequoia
6779,Toyota Sequoia 2012,Toyota,Sequoia
6780,Toyota Sequoia 2013,Toyota,Sequoia
6781,Toyota Sequoia 2014,Toyota,Sequoia
6782,Toyota Sienna 1998,Toyota,Sienna
6783,Toyota Sienna 1999,Toyota,Sienna
6784,Toyota Sienna 2000,Toyota,Sienna
6785,Toyota Sienna 2001,Toyota,Sienna
6786,Toyota Sienna 2002,Toyota,Sienna
6787,Toyota Sienna 2003,Toyota,Sienna
6788,Toyota Sienna 2004,Toyota,Sienna
6789,Toyota Sienna 2005,Toyota,Sienna
6790,Toyota Sienna 2006,Toyota,Sienna
6791,Toyota Sienna 2007,Toyota,Sienna
6792,Toyota Sienna 2008,Toyota,Sienna
6793,Toyota Sienna 2009,Toyota,Sienna
6794,Toyota Sienna 2010,Toyota,Sienna
6795,Toyota Sienna 2011,Toyota,Sienna
6796,Toyota Sienna 2012,Toyota,Sienna
6797,Toyota Sienna 2013,Toyota,Sienna
6798,Toyota Sienna 2014,Toyota,Sienna
6799,Toyota Sienna 2015,Toyota,Sienna
6800,Toyota Solara 1999,Toyota,Solara
6801,Toyota Solara 2000,Toyota,Solara
6802,Toyota Solara 2001,Toyota,Solara
6803,Toyota Solara 2002,Toyota,Solara
6804,Toyota Solara 2003,Toyota,Solara
6805,Toyota Solara 2004,Toyota,Solara
6806,Toyota Solara 2005,Toyota,Solara
6807,Toyota Solara 2006,Toyota,Solara
6808,Toyota Solara 2007,Toyota,Solara
6809,Toyota Solara Convertable 2005,Toyota,Solara Convertable
6810,Toyota Solara Convertible 2007,Toyota,Solara Convertible
6811,Toyota Starlet 1981,Toyota,Starlet
6812,Toyota Supra 1984,Toyota,Supra
6813,Toyota Supra 1985,Toyota,Supra
6814,Toyota Supra 1986,Toyota,Supra
6815,Toyota Supra 1987,Toyota,Supra
6816,Toyota Supra 1988,Toyota,Supra
6817,Toyota Supra 1989,Toyota,Supra
6818,Toyota Supra 1990,Toyota,Supra
6819,Toyota Supra 1993,Toyota,Supra
6820,Toyota Supra 1994,Toyota,Supra
6821,Toyota Supra 1995,Toyota,Supra
6822,Toyota Supra 1997,Toyota,Supra
6823,Toyota Supra 2004,Toyota,Supra
6824,Toyota T100 1993,Toyota,T100
6825,Toyota T100 1994,Toyota,T100
6826,Toyota T100 1995,Toyota,T100
6827,Toyota T100 1996,Toyota,T100
6828,Toyota T100 1997,Toyota,T100
6829,Toyota Tacoma 1988,Toyota,Tacoma
6830,Toyota Tacoma 1989,Toyota,Tacoma
6831,Toyota Tacoma 1990,Toyota,Tacoma
6832,Toyota Tacoma 1992,Toyota,Tacoma
6833,Toyota Tacoma 1994,Toyota,Tacoma
6834,Toyota Tacoma 1995,Toyota,Tacoma
6835,Toyota Tacoma 1996,Toyota,Tacoma
6836,Toyota Tacoma 1997,Toyota,Tacoma
6837,Toyota Tacoma 1998,Toyota,Tacoma
6838,Toyota Tacoma 1999,Toyota,Tacoma
6839,Toyota Tacoma 2000,Toyota,Tacoma
6840,Toyota Tacoma 2001,Toyota,Tacoma
6841,Toyota Tacoma 2002,Toyota,Tacoma
6842,Toyota Tacoma 2003,Toyota,Tacoma
6843,Toyota Tacoma 2004,Toyota,Tacoma
6844,Toyota Tacoma 2005,Toyota,Tacoma
6845,Toyota Tacoma 2006,Toyota,Tacoma
6846,Toyota Tacoma 2007,Toyota,Tacoma
6847,Toyota Tacoma 2008,Toyota,Tacoma
6848,Toyota Tacoma 2009,Toyota,Tacoma
6849,Toyota Tacoma 2010,Toyota,Tacoma
6850,Toyota Tacoma 2011,Toyota,Tacoma
6851,Toyota Tacoma 2012,Toyota,Tacoma
6852,Toyota Tacoma 2013,Toyota,Tacoma
6853,Toyota Tacoma 2014,Toyota,Tacoma
6854,Toyota Tacoma 2015,Toyota,Tacoma
6855,Toyota Tacoma 2016,Toyota,Tacoma
6856,Toyota Tercel 1983,Toyota,Tercel
6857,Toyota Tercel 1985,Toyota,Tercel
6858,Toyota Tercel 1988,Toyota,Tercel
6859,Toyota Tercel 1990,Toyota,Tercel
6860,Toyota Tercel 1991,Toyota,Tercel
6861,Toyota Tercel 1992,Toyota,Tercel
6862,Toyota Tercel 1993,Toyota,Tercel
6863,Toyota Tercel 1994,Toyota,Tercel
6864,Toyota Tercel 1995,Toyota,Tercel
6865,Toyota Tercel 1996,Toyota,Tercel
6866,Toyota Tercel 1997,Toyota,Tercel
6867,Toyota Tercel 1998,Toyota,Tercel
6868,Toyota Tercel 1999,Toyota,Tercel
6869,Toyota Tercel 2000,Toyota,Tercel
6870,Toyota Tundra 2000,Toyota,Tundra
6871,Toyota Tundra 2001,Toyota,Tundra
6872,Toyota Tundra 2002,Toyota,Tundra
6873,Toyota Tundra 2003,Toyota,Tundra
6874,Toyota Tundra 2004,Toyota,Tundra
6875,Toyota Tundra 2005,Toyota,Tundra
6876,Toyota Tundra 2006,Toyota,Tundra
6877,Toyota Tundra 2007,Toyota,Tundra
6878,Toyota Tundra 2008,Toyota,Tundra
6879,Toyota Tundra 2010,Toyota,Tundra
6880,Toyota Tundra 2011,Toyota,Tundra
6881,Toyota Tundra 2012,Toyota,Tundra
6882,Toyota Tundra 2013,Toyota,Tundra
6883,Toyota Tundra 2014,Toyota,Tundra
6884,Toyota Tundra 2015,Toyota,Tundra
6885,Toyota Tundra 2016,Toyota,Tundra
6886,Toyota Van 1986,Toyota,Van
6887,Toyota Van 1987,Toyota,Van
6888,Toyota Venza 2009,Toyota,Venza
6889,Toyota Venza 2010,Toyota,Venza
6890,Toyota Venza 2011,Toyota,Venza
6891,Toyota Venza 2012,Toyota,Venza
6892,Toyota Venza 2013,Toyota,Venza
6893,Toyota Yaris 2007,Toyota,Yaris
6894,Toyota Yaris 2008,Toyota,Yaris
6895,Toyota Yaris 2009,Toyota,Yaris
6896,Toyota Yaris 2010,Toyota,Yaris
6897,Toyota Yaris 2011,Toyota,Yaris
6898,Toyota Yaris 2012,Toyota,Yaris
6899,Toyota Yaris 2013,Toyota,Yaris
6900,Toyota Yaris 2014,Toyota,Yaris
6901,Toyota Yaris 2015,Toyota,Yaris
6902,Triumph Spitfire 1973,Triumph,Spitfire
6903,Triumph Spitfire 1975,Triumph,Spitfire
6904,Triumph Spitfire 1978,Triumph,Spitfire
6905,Triumph Tr 1975,Triumph,Tr
6906,Triumph Tr 1976,Triumph,Tr
6907,Triumph Tr 1980,Triumph,Tr
6908,Triumph Vitesse 1965,Triumph,Vitesse
6909,Volkswagen Atlantic 1987,Volkswagen,Atlantic
6910,Volkswagen Beetle 1957,Volkswagen,Beetle
6911,Volkswagen Beetle 1963,Volkswagen,Beetle
6912,Volkswagen Beetle 1965,Volkswagen,Beetle
6913,Volkswagen Beetle 1966,Volkswagen,Beetle
6914,Volkswagen Beetle 1967,Volkswagen,Beetle
6915,Volkswagen Beetle 1968,Volkswagen,Beetle
6916,Volkswagen Beetle 1969,Volkswagen,Beetle
6917,Volkswagen Beetle 1970,Volkswagen,Beetle
6918,Volkswagen Beetle 1971,Volkswagen,Beetle
6919,Volkswagen Beetle 1972,Volkswagen,Beetle
6920,Volkswagen Beetle 1973,Volkswagen,Beetle
6921,Volkswagen Beetle 1974,Volkswagen,Beetle
6922,Volkswagen Beetle 1975,Volkswagen,Beetle
6923,Volkswagen Beetle 1977,Volkswagen,Beetle
6924,Volkswagen Beetle 1978,Volkswagen,Beetle
6925,Volkswagen Beetle 1998,Volkswagen,Beetle
6926,Volkswagen Beetle 1999,Volkswagen,Beetle
6927,Volkswagen Beetle 2000,Volkswagen,Beetle
6928,Volkswagen Beetle 2001,Volkswagen,Beetle
6929,Volkswagen Beetle 2002,Volkswagen,Beetle
6930,Volkswagen Beetle 2003,Volkswagen,Beetle
6931,Volkswagen Beetle 2004,Volkswagen,Beetle
6932,Volkswagen Beetle 2005,Volkswagen,Beetle
6933,Volkswagen Beetle 2006,Volkswagen,Beetle
6934,Volkswagen Beetle 2007,Volkswagen,Beetle
6935,Volkswagen Beetle 2008,Volkswagen,Beetle
6936,Volkswagen Beetle 2009,Volkswagen,Beetle
6937,Volkswagen Beetle 2010,Volkswagen,Beetle
6938,Volkswagen Beetle 2011,Volkswagen,Beetle
6939,Volkswagen Beetle 2012,Volkswagen,Beetle
6940,Volkswagen Beetle 2013,Volkswagen,Beetle
6941,Volkswagen Beetle 2014,Volkswagen,Beetle
6942,Volkswagen Beetle 2015,Volkswagen,Beetle
6943,Volkswagen Bug 1960,Volkswagen,Bug
6944,Volkswagen Bug 1963,Volkswagen,Bug
6945,Volkswagen Bug 1967,Volkswagen,Bug
6946,Volkswagen Bug 1968,Volkswagen,Bug
6947,Volkswagen Bug 1969,Volkswagen,Bug
6948,Volkswagen Bug 1970,Volkswagen,Bug
6949,Volkswagen Bug 1972,Volkswagen,Bug
6950,Volkswagen Bug 1975,Volkswagen,Bug
6951,Volkswagen Bug 1979,Volkswagen,Bug
6952,Volkswagen Bug 1998,Volkswagen,Bug
6953,Volkswagen Bug 1999,Volkswagen,Bug
6954,Volkswagen Bug 2000,Volkswagen,Bug
6955,Volkswagen Bug 2001,Volkswagen,Bug
6956,Volkswagen Bug 2003,Volkswagen,Bug
6957,Volkswagen Bus 1955,Volkswagen,Bus
6958,Volkswagen Bus 1959,Volkswagen,Bus
6959,Volkswagen Bus 1969,Volkswagen,Bus
6960,Volkswagen Bus 1973,Volkswagen,Bus
6961,Volkswagen Bus 1977,Volkswagen,Bus
6962,Volkswagen Bus 1978,Volkswagen,Bus
6963,Volkswagen Bus 1984,Volkswagen,Bus
6964,Volkswagen Cabrio 1996,Volkswagen,Cabrio
6965,Volkswagen Cabrio 1998,Volkswagen,Cabrio
6966,Volkswagen Cabrio 1999,Volkswagen,Cabrio
6967,Volkswagen Cabrio 2000,Volkswagen,Cabrio
6968,Volkswagen Cabrio 2001,Volkswagen,Cabrio
6969,Volkswagen Cabriolet 1985,Volkswagen,Cabriolet
6970,Volkswagen Cabriolet 1986,Volkswagen,Cabriolet
6971,Volkswagen Cabriolet 1987,Volkswagen,Cabriolet
6972,Volkswagen Cabriolet 1988,Volkswagen,Cabriolet
6973,Volkswagen Cabriolet 2002,Volkswagen,Cabriolet
6974,Volkswagen Cc 2009,Volkswagen,Cc
6975,Volkswagen Cc 2010,Volkswagen,Cc
6976,Volkswagen Cc 2012,Volkswagen,Cc
6977,Volkswagen Cc 2013,Volkswagen,Cc
6978,Volkswagen Corrado 1990,Volkswagen,Corrado
6979,Volkswagen Eos 2007,Volkswagen,Eos
6980,Volkswagen Eos 2008,Volkswagen,Eos
6981,Volkswagen Eos 2009,Volkswagen,Eos
6982,Volkswagen Eos 2010,Volkswagen,Eos
6983,Volkswagen Eos 2012,Volkswagen,Eos
6984,Volkswagen Eurovan 1993,Volkswagen,Eurovan
6985,Volkswagen Eurovan 2002,Volkswagen,Eurovan
6986,Volkswagen Eurovan 2003,Volkswagen,Eurovan
6987,Volkswagen Fox 1993,Volkswagen,Fox
6988,Volkswagen Golf 1986,Volkswagen,Golf
6989,Volkswagen Golf 1989,Volkswagen,Golf
6990,Volkswagen Golf 1990,Volkswagen,Golf
6991,Volkswagen Golf 1993,Volkswagen,Golf
6992,Volkswagen Golf 1994,Volkswagen,Golf
6993,Volkswagen Golf 1995,Volkswagen,Golf
6994,Volkswagen Golf 1996,Volkswagen,Golf
6995,Volkswagen Golf 1997,Volkswagen,Golf
6996,Volkswagen Golf 1998,Volkswagen,Golf
6997,Volkswagen Golf 1999,Volkswagen,Golf
6998,Volkswagen Golf 2000,Volkswagen,Golf
6999,Volkswagen Golf 2001,Volkswagen,Golf
7000,Volkswagen Golf 2002,Volkswagen,Golf
7001,Volkswagen Golf 2003,Volkswagen,Golf
7002,Volkswagen Golf 2004,Volkswagen,Golf
7003,Volkswagen Golf 2005,Volkswagen,Golf
7004,Volkswagen Golf 2006,Volkswagen,Golf
7005,Volkswagen Golf 2007,Volkswagen,Golf
7006,Volkswagen Golf 2008,Volkswagen,Golf
7007,Volkswagen Golf 2009,Volkswagen,Golf
7008,Volkswagen Golf 2010,Volkswagen,Golf
7009,Volkswagen Golf 2011,Volkswagen,Golf
7010,Volkswagen Golf 2012,Volkswagen,Golf
7011,Volkswagen Golf 2013,Volkswagen,Golf
7012,Volkswagen Golf 2014,Volkswagen,Golf
7013,Volkswagen Gti 1986,Volkswagen,Gti
7014,Volkswagen Gti 1987,Volkswagen,Gti
7015,Volkswagen Gti 1992,Volkswagen,Gti
7016,Volkswagen Gti 1996,Volkswagen,Gti
7017,Volkswagen Gti 1997,Volkswagen,Gti
7018,Volkswagen Gti 1998,Volkswagen,Gti
7019,Volkswagen Gti 1999,Volkswagen,Gti
7020,Volkswagen Gti 2000,Volkswagen,Gti
7021,Volkswagen Gti 2001,Volkswagen,Gti
7022,Volkswagen Gti 2002,Volkswagen,Gti
7023,Volkswagen Gti 2003,Volkswagen,Gti
7024,Volkswagen Gti 2004,Volkswagen,Gti
7025,Volkswagen Gti 2005,Volkswagen,Gti
7026,Volkswagen Gti 2006,Volkswagen,Gti
7027,Volkswagen Gti 2007,Volkswagen,Gti
7028,Volkswagen Gti 2008,Volkswagen,Gti
7029,Volkswagen Gti 2009,Volkswagen,Gti
7030,Volkswagen Gti 2010,Volkswagen,Gti
7031,Volkswagen Gti 2011,Volkswagen,Gti
7032,Volkswagen Gti 2012,Volkswagen,Gti
7033,Volkswagen Gti 2013,Volkswagen,Gti
7034,Volkswagen Gti 2015,Volkswagen,Gti
7035,Volkswagen Jetta 1989,Volkswagen,Jetta
7036,Volkswagen Jetta 1990,Volkswagen,Jetta
7037,Volkswagen Jetta 1991,Volkswagen,Jetta
7038,Volkswagen Jetta 1992,Volkswagen,Jetta
7039,Volkswagen Jetta 1994,Volkswagen,Jetta
7040,Volkswagen Jetta 1995,Volkswagen,Jetta
7041,Volkswagen Jetta 1996,Volkswagen,Jetta
7042,Volkswagen Jetta 1997,Volkswagen,Jetta
7043,Volkswagen Jetta 1998,Volkswagen,Jetta
7044,Volkswagen Jetta 1999,Volkswagen,Jetta
7045,Volkswagen Jetta 2000,Volkswagen,Jetta
7046,Volkswagen Jetta 2001,Volkswagen,Jetta
7047,Volkswagen Jetta 2002,Volkswagen,Jetta
7048,Volkswagen Jetta 2003,Volkswagen,Jetta
7049,Volkswagen Jetta 2004,Volkswagen,Jetta
7050,Volkswagen Jetta 2005,Volkswagen,Jetta
7051,Volkswagen Jetta 2006,Volkswagen,Jetta
7052,Volkswagen Jetta 2007,Volkswagen,Jetta
7053,Volkswagen Jetta 2008,Volkswagen,Jetta
7054,Volkswagen Jetta 2009,Volkswagen,Jetta
7055,Volkswagen Jetta 2010,Volkswagen,Jetta
7056,Volkswagen Jetta 2011,Volkswagen,Jetta
7057,Volkswagen Jetta 2012,Volkswagen,Jetta
7058,Volkswagen Jetta 2013,Volkswagen,Jetta
7059,Volkswagen Jetta 2014,Volkswagen,Jetta
7060,Volkswagen Jetta 2015,Volkswagen,Jetta
7061,Volkswagen Jetta 2016,Volkswagen,Jetta
7062,Volkswagen Jetta Wagon 2002,Volkswagen,Jetta Wagon
7063,Volkswagen Jetta Wagon 2003,Volkswagen,Jetta Wagon
7064,Volkswagen Jetta Wagon 2004,Volkswagen,Jetta Wagon
7065,Volkswagen Jetta Wagon 2005,Volkswagen,Jetta Wagon
7066,Volkswagen Jetta Wagon 2006,Volkswagen,Jetta Wagon
7067,Volkswagen Karmannghia 1969,Volkswagen,Karmannghia
7068,Volkswagen Karmannghia 1971,Volkswagen,Karmannghia
7069,Volkswagen Karmannghia 1973,Volkswagen,Karmannghia
7070,Volkswagen Karmannghia 1974,Volkswagen,Karmannghia
7071,Volkswagen Newbeetle 1998,Volkswagen,Newbeetle
7072,Volkswagen Newbeetle 1999,Volkswagen,Newbeetle
7073,Volkswagen Newbeetle 2000,Volkswagen,Newbeetle
7074,Volkswagen Newbeetle 2001,Volkswagen,Newbeetle
7075,Volkswagen Newbeetle 2002,Volkswagen,Newbeetle
7076,Volkswagen Newbeetle 2003,Volkswagen,Newbeetle
7077,Volkswagen Newbeetle 2004,Volkswagen,Newbeetle
7078,Volkswagen Newbeetle 2005,Volkswagen,Newbeetle
7079,Volkswagen Newbeetle 2006,Volkswagen,Newbeetle
7080,Volkswagen Newbeetle 2007,Volkswagen,Newbeetle
7081,Volkswagen Newbeetle 2008,Volkswagen,Newbeetle
7082,Volkswagen Newbeetle 2009,Volkswagen,Newbeetle
7083,Volkswagen Newbeetle 2010,Volkswagen,Newbeetle
7084,Volkswagen Newbeetle 2012,Volkswagen,Newbeetle
7085,Volkswagen Passat 1995,Volkswagen,Passat
7086,Volkswagen Passat 1996,Volkswagen,Passat
7087,Volkswagen Passat 1997,Volkswagen,Passat
7088,Volkswagen Passat 1998,Volkswagen,Passat
7089,Volkswagen Passat 1999,Volkswagen,Passat
7090,Volkswagen Passat 2000,Volkswagen,Passat
7091,Volkswagen Passat 2001,Volkswagen,Passat
7092,Volkswagen Passat 2002,Volkswagen,Passat
7093,Volkswagen Passat 2003,Volkswagen,Passat
7094,Volkswagen Passat 2004,Volkswagen,Passat
7095,Volkswagen Passat 2005,Volkswagen,Passat
7096,Volkswagen Passat 2006,Volkswagen,Passat
7097,Volkswagen Passat 2007,Volkswagen,Passat
7098,Volkswagen Passat 2008,Volkswagen,Passat
7099,Volkswagen Passat 2009,Volkswagen,Passat
7100,Volkswagen Passat 2010,Volkswagen,Passat
7101,Volkswagen Passat 2012,Volkswagen,Passat
7102,Volkswagen Passat 2013,Volkswagen,Passat
7103,Volkswagen Passat 2014,Volkswagen,Passat
7104,Volkswagen Passat 2015,Volkswagen,Passat
7105,Volkswagen Passat 2016,Volkswagen,Passat
7106,Volkswagen Passat Wagon 1996,Volkswagen,Passat Wagon
7107,Volkswagen Passat Wagon 1997,Volkswagen,Passat Wagon
7108,Volkswagen Passat Wagon 1999,Volkswagen,Passat Wagon
7109,Volkswagen Passat Wagon 2000,Volkswagen,Passat Wagon
7110,Volkswagen Passat Wagon 2001,Volkswagen,Passat Wagon
7111,Volkswagen Passat Wagon 2002,Volkswagen,Passat Wagon
7112,Volkswagen Passat Wagon 2003,Volkswagen,Passat Wagon
7113,Volkswagen Passat Wagon 2004,Volkswagen,Passat Wagon
7114,Volkswagen Passat Wagon 2005,Volkswagen,Passat Wagon
7115,Volkswagen Passat Wagon 2007,Volkswagen,Passat Wagon
7116,Volkswagen Passat Wagon 2008,Volkswagen,Passat Wagon
7117,Volkswagen Phaeton 2004,Volkswagen,Phaeton
7118,Volkswagen Phaeton 2005,Volkswagen,Phaeton
7119,Volkswagen R32 2004,Volkswagen,R32
7120,Volkswagen R32 2008,Volkswagen,R32
7121,Volkswagen Rabbit 1978,Volkswagen,Rabbit
7122,Volkswagen Rabbit 1979,Volkswagen,Rabbit
7123,Volkswagen Rabbit 1980,Volkswagen,Rabbit
7124,Volkswagen Rabbit 1981,Volkswagen,Rabbit
7125,Volkswagen Rabbit 1982,Volkswagen,Rabbit
7126,Volkswagen Rabbit 1984,Volkswagen,Rabbit
7127,Volkswagen Rabbit 2002,Volkswagen,Rabbit
7128,Volkswagen Rabbit 2006,Volkswagen,Rabbit
7129,Volkswagen Rabbit 2007,Volkswagen,Rabbit
7130,Volkswagen Rabbit 2008,Volkswagen,Rabbit
7131,Volkswagen Rabbit 2009,Volkswagen,Rabbit
7132,Volkswagen Routan 2009,Volkswagen,Routan
7133,Volkswagen Routan 2010,Volkswagen,Routan
7134,Volkswagen Scirocco 1986,Volkswagen,Scirocco
7135,Volkswagen Squareback 1972,Volkswagen,Squareback
7136,Volkswagen Squareback 1973,Volkswagen,Squareback
7137,Volkswagen Superbeetle 1975,Volkswagen,Superbeetle
7138,Volkswagen Superbeetle 2000,Volkswagen,Superbeetle
7139,Volkswagen Tiguan 2009,Volkswagen,Tiguan
7140,Volkswagen Tiguan 2011,Volkswagen,Tiguan
7141,Volkswagen Tiguan 2012,Volkswagen,Tiguan
7142,Volkswagen Tiguan 2013,Volkswagen,Tiguan
7143,Volkswagen Tiguan 2014,Volkswagen,Tiguan
7144,Volkswagen Touareg 2004,Volkswagen,Touareg
7145,Volkswagen Touareg 2005,Volkswagen,Touareg
7146,Volkswagen Touareg 2006,Volkswagen,Touareg
7147,Volkswagen Touareg 2007,Volkswagen,Touareg
7148,Volkswagen Touareg 2008,Volkswagen,Touareg
7149,Volkswagen Touareg 2009,Volkswagen,Touareg
7150,Volkswagen Touareg 2011,Volkswagen,Touareg
7151,Volkswagen Touareg 2013,Volkswagen,Touareg
7152,Volkswagen Vanagon 1980,Volkswagen,Vanagon
7153,Volkswagen Vanagon 1982,Volkswagen,Vanagon
7154,Volkswagen Vanagon 1983,Volkswagen,Vanagon
7155,Volkswagen Vanagon 1985,Volkswagen,Vanagon
7156,Volkswagen Vanagon 1987,Volkswagen,Vanagon
7157,Volvo 142 1971,Volvo,142
7158,Volvo 240 1984,Volvo,240
7159,Volvo 240 1985,Volvo,240
7160,Volvo 240 1987,Volvo,240
7161,Volvo 240 1990,Volvo,240
7162,Volvo 240 2005,Volvo,240
7163,Volvo 242 1981,Volvo,242
7164,Volvo 245 1983,Volvo,245
7165,Volvo 540 2000,Volvo,540
7166,Volvo 670 2008,Volvo,670
7167,Volvo 740 1986,Volvo,740
7168,Volvo 740 1988,Volvo,740
7169,Volvo 740 1990,Volvo,740
7170,Volvo 740 1991,Volvo,740
7171,Volvo 760 Wagon 1987,Volvo,760 Wagon
7172,Volvo 780 2007,Volvo,780
7173,Volvo 850 1994,Volvo,850
7174,Volvo 850 1995,Volvo,850
7175,Volvo 850 1996,Volvo,850
7176,Volvo 850 1997,Volvo,850
7177,Volvo 850 Wagon 1994,Volvo,850 Wagon
7178,Volvo 850 Wagon 1995,Volvo,850 Wagon
7179,Volvo 850 Wagon 1996,Volvo,850 Wagon
7180,Volvo 850 Wagon 1997,Volvo,850 Wagon
7181,Volvo 940 1993,Volvo,940
7182,Volvo 940 1994,Volvo,940
7183,Volvo 940 1995,Volvo,940
7184,Volvo 940 1997,Volvo,940
7185,Volvo 940 Wagon 1993,Volvo,940 Wagon
7186,Volvo 960 1995,Volvo,960
7187,Volvo 960 1996,Volvo,960
7188,Volvo 960 1997,Volvo,960
7189,Volvo 960 Wagon 1995,Volvo,960 Wagon
7190,Volvo 960 Wagon 1997,Volvo,960 Wagon
7191,Volvo C30 2008,Volvo,C30
7192,Volvo C30 2009,Volvo,C30
7193,Volvo C30 2011,Volvo,C30
7194,Volvo C70 1999,Volvo,C70
7195,Volvo C70 2001,Volvo,C70
7196,Volvo C70 2002,Volvo,C70
7197,Volvo C70 2007,Volvo,C70
7198,Volvo C70 Convertible 2000,Volvo,C70 Convertible
7199,Volvo C70 Convertible 2001,Volvo,C70 Convertible
7200,Volvo C70 Convertible 2004,Volvo,C70 Convertible
7201,Volvo C70 Convertible 2007,Volvo,C70 Convertible
7202,Volvo C70 Convertible 2008,Volvo,C70 Convertible
7203,Volvo C70 Convertible 2009,Volvo,C70 Convertible
7204,Volvo Pv444 1957,Volvo,Pv444
7205,Volvo S40 1998,Volvo,S40
7206,Volvo S40 2000,Volvo,S40
7207,Volvo S40 2001,Volvo,S40
7208,Volvo S40 2002,Volvo,S40
7209,Volvo S40 2003,Volvo,S40
7210,Volvo S40 2004,Volvo,S40
7211,Volvo S40 2005,Volvo,S40
7212,Volvo S40 2006,Volvo,S40
7213,Volvo S40 2007,Volvo,S40
7214,Volvo S40 2008,Volvo,S40
7215,Volvo S40 2009,Volvo,S40
7216,Volvo S40 2010,Volvo,S40
7217,Volvo S60 2001,Volvo,S60
7218,Volvo S60 2002,Volvo,S60
7219,Volvo S60 2003,Volvo,S60
7220,Volvo S60 2004,Volvo,S60
7221,Volvo S60 2005,Volvo,S60
7222,Volvo S60 2006,Volvo,S60
7223,Volvo S60 2007,Volvo,S60
7224,Volvo S60 2008,Volvo,S60
7225,Volvo S60 2009,Volvo,S60
7226,Volvo S60 2011,Volvo,S60
7227,Volvo S60 2012,Volvo,S60
7228,Volvo S60 2013,Volvo,S60
7229,Volvo S60 2014,Volvo,S60
7230,Volvo S60 2015,Volvo,S60
7231,Volvo S70 1998,Volvo,S70
7232,Volvo S70 1999,Volvo,S70
7233,Volvo S70 2000,Volvo,S70
7234,Volvo S70 2001,Volvo,S70
7235,Volvo S70 2002,Volvo,S70
7236,Volvo S80 1999,Volvo,S80
7237,Volvo S80 2000,Volvo,S80
7238,Volvo S80 2001,Volvo,S80
7239,Volvo S80 2002,Volvo,S80
7240,Volvo S80 2003,Volvo,S80
7241,Volvo S80 2004,Volvo,S80
7242,Volvo S80 2005,Volvo,S80
7243,Volvo S80 2006,Volvo,S80
7244,Volvo S80 2007,Volvo,S80
7245,Volvo S80 2008,Volvo,S80
7246,Volvo S80 2009,Volvo,S80
7247,Volvo S80 2010,Volvo,S80
7248,Volvo S80 2011,Volvo,S80
7249,Volvo S90 1998,Volvo,S90
7250,Volvo V40 2000,Volvo,V40
7251,Volvo V40 2001,Volvo,V40
7252,Volvo V40 2002,Volvo,V40
7253,Volvo V40 2003,Volvo,V40
7254,Volvo V40 2004,Volvo,V40
7255,Volvo V40 2005,Volvo,V40
7256,Volvo V40 2006,Volvo,V40
7257,Volvo V50 2005,Volvo,V50
7258,Volvo V50 2006,Volvo,V50
7259,Volvo V50 2007,Volvo,V50
7260,Volvo V50 2009,Volvo,V50
7261,Volvo V50 2010,Volvo,V50
7262,Volvo V70 1998,Volvo,V70
7263,Volvo V70 1999,Volvo,V70
7264,Volvo V70 2000,Volvo,V70
7265,Volvo V70 2001,Volvo,V70
7266,Volvo V70 2002,Volvo,V70
7267,Volvo V70 2003,Volvo,V70
7268,Volvo V70 2004,Volvo,V70
7269,Volvo V70 2005,Volvo,V70
7270,Volvo V70 2006,Volvo,V70
7271,Volvo V90 1998,Volvo,V90
7272,Volvo Vnl 2005,Volvo,Vnl
7273,Volvo Vnl 2006,Volvo,Vnl
7274,Volvo Vnl 2009,Volvo,Vnl
7275,Volvo Xc60 2010,Volvo,Xc60
7276,Volvo Xc60 2011,Volvo,Xc60
7277,Volvo Xc60 2013,Volvo,Xc60
7278,Volvo Xc70 2000,Volvo,Xc70
7279,Volvo Xc70 2001,Volvo,Xc70
7280,Volvo Xc70 2002,Volvo,Xc70
7281,Volvo Xc70 2003,Volvo,Xc70
7282,Volvo Xc70 2004,Volvo,Xc70
7283,Volvo Xc70 2005,Volvo,Xc70
7284,Volvo Xc70 2006,Volvo,Xc70
7285,Volvo Xc70 2007,Volvo,Xc70
7286,Volvo Xc70 2008,Volvo,Xc70
7287,Volvo Xc70 2009,Volvo,Xc70
7288,Volvo Xc70 2011,Volvo,Xc70
7289,Volvo Xc90 2003,Volvo,Xc90
7290,Volvo Xc90 2004,Volvo,Xc90
7291,Volvo Xc90 2005,Volvo,Xc90
7292,Volvo Xc90 2006,Volvo,Xc90
7293,Volvo Xc90 2007,Volvo,Xc90
7294,Volvo Xc90 2008,Volvo,Xc90
7295,Volvo Xc90 2009,Volvo,Xc90
7296,Volvo Xc90 2010,Volvo,Xc90
7297,Willys Cj2A 1946,Willys,Cj2A
7298,Willys Cj3B 1953,Willys,Cj3B
7299,AM General Hummer SUV 2000,AM,General Hummer SUV
7300,Acura Integra Type R 2001,Acura,Integra Type R
7301,Acura RL Sedan 2012,Acura,RL Sedan
7302,Acura TL Sedan 2012,Acura,TL Sedan
7303,Acura TL Type-S 2008,Acura,TL Type-S
7304,Acura TSX Sedan 2012,Acura,TSX Sedan
7305,Acura ZDX Hatchback 2012,Acura,ZDX Hatchback
7306,Aston Martin V8 Vantage Convertible 2012,Aston,Martin V8 Vantage Convertible
7307,Aston Martin V8 Vantage Coupe 2012,Aston,Martin V8 Vantage Coupe
7308,Aston Martin Virage Convertible 2012,Aston,Martin Virage Convertible
7309,Aston Martin Virage Coupe 2012,Aston,Martin Virage Coupe
7310,Audi 100 Sedan 1994,Audi,100 Sedan
7311,Audi 100 Wagon 1994,Audi,100 Wagon
7312,Audi A5 Coupe 2012,Audi,A5 Coupe
7313,Audi R8 Coupe 2012,Audi,R8 Coupe
7314,Audi RS 4 Convertible 2008,Audi,RS 4 Convertible
7315,Audi S4 Sedan 2007,Audi,S4 Sedan
7316,Audi S4 Sedan 2012,Audi,S4 Sedan
7317,Audi S5 Convertible 2012,Audi,S5 Convertible
7318,Audi S5 Coupe 2012,Audi,S5 Coupe
7319,Audi S6 Sedan 2011,Audi,S6 Sedan
7320,Audi TT Hatchback 2011,Audi,TT Hatchback
7321,Audi TT RS Coupe 2012,Audi,TT RS Coupe
7322,Audi TTS Coupe 2012,Audi,TTS Coupe
7323,Audi V8 Sedan 1994,Audi,V8 Sedan
7324,BMW 1 Series Convertible 2012,BMW,1 Series Convertible
7325,BMW 1 Series Coupe 2012,BMW,1 Series Coupe
7326,BMW 3 Series Sedan 2012,BMW,3 Series Sedan
7327,BMW 3 Series Wagon 2012,BMW,3 Series Wagon
7328,BMW 6 Series Convertible 2007,BMW,6 Series Convertible
7329,BMW ActiveHybrid 5 Sedan 2012,BMW,ActiveHybrid 5 Sedan
7330,BMW M3 Coupe 2012,BMW,M3 Coupe
7331,BMW M5 Sedan 2010,BMW,M5 Sedan
7332,BMW M6 Convertible 2010,BMW,M6 Convertible
7333,BMW X3 SUV 2012,BMW,X3 SUV
7334,BMW X5 SUV 2007,BMW,X5 SUV
7335,BMW X6 SUV 2012,BMW,X6 SUV
7336,BMW Z4 Convertible 2012,BMW,Z4 Convertible
7337,Bentley Arnage Sedan 2009,Bentley,Arnage Sedan
7338,Bentley Continental Flying Spur Sedan 2007,Bentley,Continental Flying Spur Sedan
7339,Bentley Continental GT Coupe 2007,Bentley,Continental GT Coupe
7340,Bentley Continental GT Coupe 2012,Bentley,Continental GT Coupe
7341,Bentley Continental Supersports Conv. Convertible 2012,Bentley,Continental Supersports Conv. Convertible
7342,Bentley Mulsanne Sedan 2011,Bentley,Mulsanne Sedan
7343,Bugatti Veyron 16.4 Convertible 2009,Bugatti,Veyron 16.4 Convertible
7344,Bugatti Veyron 16.4 Coupe 2009,Bugatti,Veyron 16.4 Coupe
7345,Buick Enclave SUV 2012,Buick,Enclave SUV
7346,Buick Rainier SUV 2007,Buick,Rainier SUV
7347,Buick Regal GS 2012,Buick,Regal GS
7348,Buick Verano Sedan 2012,Buick,Verano Sedan
7349,Cadillac CTS-V Sedan 2012,Cadillac,CTS-V Sedan
7350,Cadillac Escalade EXT Crew Cab 2007,Cadillac,Escalade EXT Crew Cab
7351,Cadillac SRX SUV 2012,Cadillac,SRX SUV
7352,Chevrolet Avalanche Crew Cab 2012,Chevrolet,Avalanche Crew Cab
7353,Chevrolet Camaro Convertible 2012,Chevrolet,Camaro Convertible
7354,Chevrolet Cobalt SS 2010,Chevrolet,Cobalt SS
7355,Chevrolet Corvette Convertible 2012,Chevrolet,Corvette Convertible
7356,Chevrolet Corvette Ron Fellows Edition Z06 2007,Chevrolet,Corvette Ron Fellows Edition Z06
7357,Chevrolet Corvette ZR1 2012,Chevrolet,Corvette ZR1
7358,Chevrolet Express Cargo Van 2007,Chevrolet,Express Cargo Van
7359,Chevrolet Express Van 2007,Chevrolet,Express Van
7360,Chevrolet HHR SS 2010,Chevrolet,HHR SS
7361,Chevrolet Impala Sedan 2007,Chevrolet,Impala Sedan
7362,Chevrolet Malibu Hybrid Sedan 2010,Chevrolet,Malibu Hybrid Sedan
7363,Chevrolet Malibu Sedan 2007,Chevrolet,Malibu Sedan
7364,Chevrolet Monte Carlo Coupe 2007,Chevrolet,Monte Carlo Coupe
7365,Chevrolet Silverado 1500 Classic Extended Cab 2007,Chevrolet,Silverado 1500 Classic Extended Cab
7366,Chevrolet Silverado 1500 Extended Cab 2012,Chevrolet,Silverado 1500 Extended Cab
7367,Chevrolet Silverado 1500 Hybrid Crew Cab 2012,Chevrolet,Silverado 1500 Hybrid Crew Cab
7368,Chevrolet Silverado 1500 Regular Cab 2012,Chevrolet,Silverado 1500 Regular Cab
7369,Chevrolet Silverado 2500HD Regular Cab 2012,Chevrolet,Silverado 2500HD Regular Cab
7370,Chevrolet Sonic Sedan 2012,Chevrolet,Sonic Sedan
7371,Chevrolet Tahoe Hybrid SUV 2012,Chevrolet,Tahoe Hybrid SUV
7372,Chevrolet TrailBlazer SS 2009,Chevrolet,TrailBlazer SS
7373,Chevrolet Traverse SUV 2012,Chevrolet,Traverse SUV
7374,Chrysler 300 SRT-8 2010,Chrysler,300 SRT-8
7375,Chrysler Aspen SUV 2009,Chrysler,Aspen SUV
7376,Chrysler Crossfire Convertible 2008,Chrysler,Crossfire Convertible
7377,Chrysler PT Cruiser Convertible 2008,Chrysler,PT Cruiser Convertible
7378,Chrysler Sebring Convertible 2010,Chrysler,Sebring Convertible
7379,Chrysler Town and Country Minivan 2012,Chrysler,Town and Country Minivan
7380,Daewoo Nubira Wagon 2002,Daewoo,Nubira Wagon
7381,Dodge Caliber Wagon 2007,Dodge,Caliber Wagon
7382,Dodge Caliber Wagon 2012,Dodge,Caliber Wagon
7383,Dodge Caravan Minivan 1997,Dodge,Caravan Minivan
7384,Dodge Challenger SRT8 2011,Dodge,Challenger SRT8
7385,Dodge Charger SRT-8 2009,Dodge,Charger SRT-8
7386,Dodge Charger Sedan 2012,Dodge,Charger Sedan
7387,Dodge Dakota Club Cab 2007,Dodge,Dakota Club Cab
7388,Dodge Dakota Crew Cab 2010,Dodge,Dakota Crew Cab
7389,Dodge Durango SUV 2007,Dodge,Durango SUV
7390,Dodge Durango SUV 2012,Dodge,Durango SUV
7391,Dodge Journey SUV 2012,Dodge,Journey SUV
7392,Dodge Magnum Wagon 2008,Dodge,Magnum Wagon
7393,Dodge Ram Pickup 3500 Crew Cab 2010,Dodge,Ram Pickup 3500 Crew Cab
7394,Dodge Ram Pickup 3500 Quad Cab 2009,Dodge,Ram Pickup 3500 Quad Cab
7395,Dodge Sprinter Cargo Van 2009,Dodge,Sprinter Cargo Van
7396,Eagle Talon Hatchback 1998,Eagle,Talon Hatchback
7397,FIAT 500 Abarth 2012,FIAT,500 Abarth
7398,FIAT 500 Convertible 2012,FIAT,500 Convertible
7399,Ferrari 458 Italia Convertible 2012,Ferrari,458 Italia Convertible
7400,Ferrari 458 Italia Coupe 2012,Ferrari,458 Italia Coupe
7401,Ferrari California Convertible 2012,Ferrari,California Convertible
7402,Ferrari FF Coupe 2012,Ferrari,FF Coupe
7403,Fisker Karma Sedan 2012,Fisker,Karma Sedan
7404,Ford E-Series Wagon Van 2012,Ford,E-Series Wagon Van
7405,Ford Edge SUV 2012,Ford,Edge SUV
7406,Ford Expedition EL SUV 2009,Ford,Expedition EL SUV
7407,Ford F-150 Regular Cab 2007,Ford,F-150 Regular Cab
7408,Ford F-150 Regular Cab 2012,Ford,F-150 Regular Cab
7409,Ford F-450 Super Duty Crew Cab 2012,Ford,F-450 Super Duty Crew Cab
7410,Ford Fiesta Sedan 2012,Ford,Fiesta Sedan
7411,Ford Focus Sedan 2007,Ford,Focus Sedan
7412,Ford Freestar Minivan 2007,Ford,Freestar Minivan
7413,Ford GT Coupe 2006,Ford,GT Coupe
7414,Ford Ranger SuperCab 2011,Ford,Ranger SuperCab
7415,GMC Acadia SUV 2012,GMC,Acadia SUV
7416,GMC Canyon Extended Cab 2012,GMC,Canyon Extended Cab
7417,GMC Savana Van 2012,GMC,Savana Van
7418,GMC Terrain SUV 2012,GMC,Terrain SUV
7419,GMC Yukon Hybrid SUV 2012,GMC,Yukon Hybrid SUV
7420,Geo Metro Convertible 1993,Geo,Metro Convertible
7421,HUMMER H2 SUT Crew Cab 2009,HUMMER,H2 SUT Crew Cab
7422,HUMMER H3T Crew Cab 2010,HUMMER,H3T Crew Cab
7423,Honda Accord Coupe 2012,Honda,Accord Coupe
7424,Honda Accord Sedan 2012,Honda,Accord Sedan
7425,Honda Odyssey Minivan 2007,Honda,Odyssey Minivan
7426,Honda Odyssey Minivan 2012,Honda,Odyssey Minivan
7427,Hyundai Accent Sedan 2012,Hyundai,Accent Sedan
7428,Hyundai Azera Sedan 2012,Hyundai,Azera Sedan
7429,Hyundai Elantra Sedan 2007,Hyundai,Elantra Sedan
7430,Hyundai Elantra Touring Hatchback 2012,Hyundai,Elantra Touring Hatchback
7431,Hyundai Genesis Sedan 2012,Hyundai,Genesis Sedan
7432,Hyundai Santa Fe SUV 2012,Hyundai,Santa Fe SUV
7433,Hyundai Sonata Hybrid Sedan 2012,Hyundai,Sonata Hybrid Sedan
7434,Hyundai Sonata Sedan 2012,Hyundai,Sonata Sedan
7435,Hyundai Tucson SUV 2012,Hyundai,Tucson SUV
7436,Hyundai Veloster Hatchback 2012,Hyundai,Veloster Hatchback
7437,Hyundai Veracruz SUV 2012,Hyundai,Veracruz SUV
7438,Infiniti G Coupe IPL 2012,Infiniti,G Coupe IPL
7439,Infiniti QX56 SUV 2011,Infiniti,QX56 SUV
7440,Isuzu Ascender SUV 2008,Isuzu,Ascender SUV
7441,Jaguar XK XKR 2012,Jaguar,XK XKR
7442,Jeep Compass SUV 2012,Jeep,Compass SUV
7443,Jeep Grand Cherokee SUV 2012,Jeep,Grand Cherokee SUV
7444,Jeep Liberty SUV 2012,Jeep,Liberty SUV
7445,Jeep Patriot SUV 2012,Jeep,Patriot SUV
7446,Jeep Wrangler SUV 2012,Jeep,Wrangler SUV
7447,Lamborghini Aventador Coupe 2012,Lamborghini,Aventador Coupe
7448,Lamborghini Diablo Coupe 2001,Lamborghini,Diablo Coupe
7449,Lamborghini Gallardo LP 570-4 Superleggera 2012,Lamborghini,Gallardo LP 570-4 Superleggera
7450,Lamborghini Reventon Coupe 2008,Lamborghini,Reventon Coupe
7451,Land Rover LR2 SUV 2012,Land,Rover LR2 SUV
7452,Land Rover Range Rover SUV 2012,Land,Rover Range Rover SUV
7453,Lincoln Town Car Sedan 2011,Lincoln,Town Car Sedan
7454,MINI Cooper Roadster Convertible 2012,MINI,Cooper Roadster Convertible
7455,Maybach Landaulet Convertible 2012,Maybach,Landaulet Convertible
7456,Mazda Tribute SUV 2011,Mazda,Tribute SUV
7457,McLaren MP4-12C Coupe 2012,McLaren,MP4-12C Coupe
7458,Mercedes-Benz 300-Class Convertible 1993,Mercedes-Benz,300-Class Convertible
7459,Mercedes-Benz C-Class Sedan 2012,Mercedes-Benz,C-Class Sedan
7460,Mercedes-Benz E-Class Sedan 2012,Mercedes-Benz,E-Class Sedan
7461,Mercedes-Benz S-Class Sedan 2012,Mercedes-Benz,S-Class Sedan
7462,Mercedes-Benz SL-Class Coupe 2009,Mercedes-Benz,SL-Class Coupe
7463,Mercedes-Benz Sprinter Van 2012,Mercedes-Benz,Sprinter Van
7464,Mitsubishi Lancer Sedan 2012,Mitsubishi,Lancer Sedan
7465,Nissan 240SX Coupe 1998,Nissan,240SX Coupe
7466,Nissan Juke Hatchback 2012,Nissan,Juke Hatchback
7467,Nissan Leaf Hatchback 2012,Nissan,Leaf Hatchback
7468,Nissan NV Passenger Van 2012,Nissan,NV Passenger Van
7469,Plymouth Neon Coupe 1999,Plymouth,Neon Coupe
7470,Porsche Panamera Sedan 2012,Porsche,Panamera Sedan
7471,Ram C-V Cargo Van Minivan 2012,Ram,C-V Cargo Van Minivan
7472,Rolls-Royce Ghost Sedan 2012,Rolls-Royce,Ghost Sedan
7473,Rolls-Royce Phantom Drophead Coupe Convertible 2012,Rolls-Royce,Phantom Drophead Coupe Convertible
7474,Rolls-Royce Phantom Sedan 2012,Rolls-Royce,Phantom Sedan
7475,Scion xD Hatchback 2012,Scion,xD Hatchback
7476,Spyker C8 Convertible 2009,Spyker,C8 Convertible
7477,Spyker C8 Coupe 2009,Spyker,C8 Coupe
7478,Suzuki Aerio Sedan 2007,Suzuki,Aerio Sedan
7479,Suzuki Kizashi Sedan 2012,Suzuki,Kizashi Sedan
7480,Suzuki SX4 Hatchback 2012,Suzuki,SX4 Hatchback
7481,Suzuki SX4 Sedan 2012,Suzuki,SX4 Sedan
7482,Tesla Model S Sedan 2012,Tesla,Model S Sedan
7483,Toyota 4Runner SUV 2012,Toyota,4Runner SUV
7484,Toyota Camry Sedan 2012,Toyota,Camry Sedan
7485,Toyota Corolla Sedan 2012,Toyota,Corolla Sedan
7486,Toyota Sequoia SUV 2012,Toyota,Sequoia SUV
7487,Volkswagen Beetle Hatchback 2012,Volkswagen,Beetle Hatchback
7488,Volkswagen Golf Hatchback 1991,Volkswagen,Golf Hatchback
7489,Volkswagen Golf Hatchback 2012,Volkswagen,Golf Hatchback
7490,Volvo 240 Sedan 1993,Volvo,240 Sedan
7491,Volvo C30 Hatchback 2012,Volvo,C30 Hatchback
7492,Volvo XC90 SUV 2007,Volvo,XC90 SUV
7493,smart fortwo Convertible 2012,smart,fortwo Convertible
7494,Nissan GT-R 2014,Nissan,GT-R
7495,Lamborghini Huracan 2016,Lamborghini,Huracan
7496,Aston Martin Vantage 2019,Aston Martin,Vantage
7497,GMC Terrain 2019,GMC,Terrain
7498,Lexus LX 2010,Lexus,LX
7499,Ford F-150 2015,Ford,F-150
7500,BMW X5 2017,BMW,X5
7501,Ford Edge 2019,Ford,Edge
7502,smart fortwo 2013,smart,fortwo
7503,Toyota Supra 2020,Toyota,Supra
7504,Hyundai Ioniq 2020,Hyundai,Ioniq
7505,Cadillac ATS 2019,Cadillac,ATS
7506,MINI Cooper Countryman 2012,MINI,Cooper Countryman
7507,Lincoln MKT 2010,Lincoln,MKT
7508,BMW 2-Series 2014,BMW,2-Series
7509,Volvo V90 2019,Volvo,V90
7510,Jaguar F-Pace 2017,Jaguar,F-Pace
7511,GMC Yukon 2017,GMC,Yukon
7512,Chevrolet Blazer 2019,Chevrolet,Blazer
7513,GMC Yukon 2019,GMC,Yukon
7514,Cadillac CTS 2011,Cadillac,CTS
7515,Acura RLX 2015,Acura,RLX
7516,Honda Accord 2017,Honda,Accord
7517,Acura RDX 2013,Acura,RDX
7518,Dodge Challenger 2019,Dodge,Challenger
7519,Chevrolet Tahoe 2017,Chevrolet,Tahoe
7520,Mercedes-Benz SL Class 2013,Mercedes-Benz,SL Class
7521,Honda Pilot 2020,Honda,Pilot
7522,Nissan 370Z 2016,Nissan,370Z
7523,Jaguar F-Type 2017,Jaguar,F-Type
7524,Buick Encore 2014,Buick,Encore
7525,Honda Civic 2019,Honda,Civic
7526,BMW 6-Series 2012,BMW,6-Series
7527,Aston Martin DBS 2019,Aston Martin,DBS
7528,Mercedes-Benz Metris 2017,Mercedes-Benz,Metris
7529,BMW X3 2011,BMW,X3
7530,Volvo S90 2020,Volvo,S90
7531,Land Rover Range Rover Evoque 2019,Land Rover,Range Rover Evoque
7532,Cadillac ATS 2016,Cadillac,ATS
7533,Porsche Cayenne 2014,Porsche,Cayenne
7534,Porsche 911 2011,Porsche,911
7535,Lincoln MKT 2013,Lincoln,MKT
7536,MINI Clubman 2016,MINI,Clubman
7537,Chevrolet Silverado 1500 2015,Chevrolet,Silverado 1500
7538,BMW X6 2015,BMW,X6
7539,Kia Sedona 2017,Kia,Sedona
7540,Nissan Murano 2015,Nissan,Murano
7541,Ford Flex 2019,Ford,Flex
7542,Mitsubishi Outlander Sport 2014,Mitsubishi,Outlander Sport
7543,Hyundai Tucson 2017,Hyundai,Tucson
7544,Lincoln MKT 2011,Lincoln,MKT
7545,Porsche 911 2017,Porsche,911
7546,Aston Martin Vantage 2011,Aston Martin,Vantage
7547,Honda CR-V 2019,Honda,CR-V
7548,Toyota 4Runner 2020,Toyota,4Runner
7549,GMC Sierra 1500 2016,GMC,Sierra 1500
7550,Toyota Prius C 2017,Toyota,Prius C
7551,Nissan Rogue Sport 2020,Nissan,Rogue Sport
7552,BMW 5-Series 2013,BMW,5-Series
7553,Toyota RAV4 2011,Toyota,RAV4
7554,BMW 4-Series 2015,BMW,4-Series
7555,Dodge Grand Caravan 2017,Dodge,Grand Caravan
7556,BMW 3-Series 2013,BMW,3-Series
7557,GMC Terrain 2013,GMC,Terrain
7558,smart fortwo 2010,smart,fortwo
7559,Chevrolet Malibu 2019,Chevrolet,Malibu
7560,INFINITI QX30 2019,INFINITI,QX30
7561,Ford F-150 2011,Ford,F-150
7562,MINI Cooper 2020,MINI,Cooper
7563,Chevrolet Silverado 1500 2012,Chevrolet,Silverado 1500
7564,Volvo S60 2020,Volvo,S60
7565,Mazda MAZDA3 2017,Mazda,MAZDA3
7566,GMC Yukon 2011,GMC,Yukon
7567,Chevrolet Bolt EV 2019,Chevrolet,Bolt EV
7568,Mercedes-Benz C Class 2011,Mercedes-Benz,C Class
7569,McLaren 720S 2020,McLaren,720S
7570,Aston Martin Vantage 2013,Aston Martin,Vantage
7571,Bentley Continental GT 2012,Bentley,Continental GT
7572,Mitsubishi Outlander Sport 2015,Mitsubishi,Outlander Sport
7573,Lexus ES 2013,Lexus,ES
7574,INFINITI QX80 2017,INFINITI,QX80
7575,Acura RLX 2020,Acura,RLX
7576,Maserati GranTurismo 2010,Maserati,GranTurismo
7577,Jeep Grand Cherokee 2017,Jeep,Grand Cherokee
7578,Lexus RC 2017,Lexus,RC
7579,Nissan Frontier 2015,Nissan,Frontier
7580,Kia Optima 2019,Kia,Optima
7581,INFINITI Q60 2015,INFINITI,Q60
7582,Land Rover Defender 2020,Land Rover,Defender
7583,Audi Q5 2014,Audi,Q5
7584,Hyundai Santa Fe 2012,Hyundai,Santa Fe
7585,GMC Sierra 1500 2014,GMC,Sierra 1500
7586,BMW i3 2017,BMW,i3
7587,Audi A8 2019,Audi,A8
7588,MINI Cooper 2019,MINI,Cooper
7589,BMW i8 2020,BMW,i8
7590,Bentley Flying Spur 2011,Bentley,Flying Spur
7591,BMW X6 2019,BMW,X6
7592,Lincoln Continental 2017,Lincoln,Continental
7593,INFINITI QX60 2017,INFINITI,QX60
7594,Buick Envision 2016,Buick,Envision
7595,Porsche Macan 2017,Porsche,Macan
7596,Ford Ecosport 2019,Ford,Ecosport
7597,Aston Martin Vantage 2012,Aston Martin,Vantage
7598,Honda CR-V 2016,Honda,CR-V
7599,Chevrolet Tahoe 2019,Chevrolet,Tahoe
7600,Lexus IS 2012,Lexus,IS
7601,Toyota Yaris 2016,Toyota,Yaris
7602,Honda Insight 2020,Honda,Insight
7603,Volkswagen Golf 2017,Volkswagen,Golf
7604,FIAT 500 2013,FIAT,500
7605,Toyota Land Cruiser 2013,Toyota,Land Cruiser
7606,Ford Edge 2017,Ford,Edge
7607,Nissan Maxima 2017,Nissan,Maxima
7608,Cadillac XTS 2013,Cadillac,XTS
7609,Acura RDX 2012,Acura,RDX
7610,MINI Cooper 2016,MINI,Cooper
7611,Porsche Taycan 2020,Porsche,Taycan
7612,Kia Rio 2017,Kia,Rio
7613,Ford Transit Connect Wagon 2019,Ford,Transit Connect Wagon
7614,Kia Telluride 2020,Kia,Telluride
7615,BMW 3-Series 2015,BMW,3-Series
7616,Land Rover Range Rover Velar 2019,Land Rover,Range Rover Velar
7617,Kia Optima 2016,Kia,Optima
7618,Toyota Camry 2020,Toyota,Camry
7619,Mazda CX-9 2016,Mazda,CX-9
7620,Mercedes-Benz E Class 2012,Mercedes-Benz,E Class
7621,GMC Acadia 2012,GMC,Acadia
7622,Ford Fusion 2017,Ford,Fusion
7623,Lexus RX 2017,Lexus,RX
7624,Volkswagen Atlas 2020,Volkswagen,Atlas
7625,Buick Regal 2017,Buick,Regal
7626,MINI Cooper Countryman 2013,MINI,Cooper Countryman
7627,Audi Q7 2017,Audi,Q7
7628,Audi Q3 2016,Audi,Q3
7629,BMW Z4 2012,BMW,Z4
7630,Chrysler 300 2019,Chrysler,300
7631,BMW 2-Series 2019,BMW,2-Series
7632,Volvo V60 2019,Volvo,V60
7633,Mercedes-Benz CLS Class 2019,Mercedes-Benz,CLS Class
7634,Toyota Corolla 2020,Toyota,Corolla
7635,Honda HR-V 2019,Honda,HR-V
7636,Bentley Continental GT 2020,Bentley,Continental GT
7637,Subaru Outback 2020,Subaru,Outback
7638,Chevrolet Suburban 2019,Chevrolet,Suburban
7639,Chevrolet Volt 2019,Chevrolet,Volt
7640,Land Rover Range Rover Evoque 2016,Land Rover,Range Rover Evoque
7641,Mercedes-Benz E Class 2020,Mercedes-Benz,E Class
7642,BMW Z4 2019,BMW,Z4
7643,Audi TT 2017,Audi,TT
7644,Mercedes-Benz Metris 2016,Mercedes-Benz,Metris
7645,Lincoln MKZ 2016,Lincoln,MKZ
7646,Cadillac XT6 2020,Cadillac,XT6
7647,Alfa Romeo Giulia 2020,Alfa Romeo,Giulia
7648,Ford Fiesta 2019,Ford,Fiesta
7649,Lincoln Navigator 2015,Lincoln,Navigator
7650,Toyota Sienna 2019,Toyota,Sienna
7651,Acura MDX 2020,Acura,MDX
7652,GMC Yukon 2020,GMC,Yukon
7653,Lexus LS 2019,Lexus,LS
7654,Lexus RX 2019,Lexus,RX
7655,Lincoln Navigator 2013,Lincoln,Navigator
7656,BMW X1 2016,BMW,X1
7657,Honda Clarity 2019,Honda,Clarity
7658,Nissan GT-R 2020,Nissan,GT-R
7659,Jeep Compass 2019,Jeep,Compass
7660,Mazda MAZDA3 2011,Mazda,MAZDA3
7661,Audi TT 2014,Audi,TT
7662,Acura RDX 2019,Acura,RDX
7663,Kia Soul 2020,Kia,Soul
7664,Toyota Prius C 2012,Toyota,Prius C
7665,Acura RDX 2014,Acura,RDX
7666,Lexus NX 2020,Lexus,NX
7667,GMC Yukon 2016,GMC,Yukon
7668,Toyota Sienna 2016,Toyota,Sienna
7669,BMW X3 2014,BMW,X3
7670,Aston Martin Vantage 2015,Aston Martin,Vantage
7671,Porsche 911 2015,Porsche,911
7672,BMW 6-Series 2017,BMW,6-Series
7673,Mitsubishi Mirage 2019,Mitsubishi,Mirage
7674,Toyota Avalon 2017,Toyota,Avalon
7675,Tesla Model X 2019,Tesla,Model X
7676,Porsche Macan 2019,Porsche,Macan
7677,Audi A6 2019,Audi,A6
7678,INFINITI QX50 2019,INFINITI,QX50
7679,Bentley Continental GT 2019,Bentley,Continental GT
7680,Chevrolet Silverado 2500HD 2016,Chevrolet,Silverado 2500HD
7681,Chevrolet Silverado 2500HD 2019,Chevrolet,Silverado 2500HD
7682,INFINITI Q70 2019,INFINITI,Q70
7683,Mercedes-Benz CLS Class 2014,Mercedes-Benz,CLS Class
7684,Audi A6 2014,Audi,A6
7685,BMW 5-Series 2011,BMW,5-Series
7686,Ford Explorer 2017,Ford,Explorer
7687,Ford Taurus 2019,Ford,Taurus
7688,Mercedes-Benz C Class 2016,Mercedes-Benz,C Class
7689,Volvo XC60 2011,Volvo,XC60
7690,Chevrolet Traverse 2019,Chevrolet,Traverse
7691,Nissan Sentra 2019,Nissan,Sentra
7692,Mazda MAZDA3 2014,Mazda,MAZDA3
7693,Jaguar F-Type 2014,Jaguar,F-Type
7694,Bentley Flying Spur 2020,Bentley,Flying Spur
7695,GMC Terrain 2015,GMC,Terrain
7696,Audi Q8 2019,Audi,Q8
7697,Mazda CX-9 2012,Mazda,CX-9
7698,Audi e-tron 2019,Audi,e-tron
7699,Chrysler Pacifica 2017,Chrysler,Pacifica
7700,Audi A5 2014,Audi,A5
7701,Cadillac Escalade 2014,Cadillac,Escalade
7702,Chevrolet Equinox 2020,Chevrolet,Equinox
7703,Jaguar F-Type 2016,Jaguar,F-Type
7704,Jeep Compass 2017,Jeep,Compass
7705,INFINITI Q70 2017,INFINITI,Q70
7706,Ford Explorer 2020,Ford,Explorer
7707,Mercedes-Benz G Class 2016,Mercedes-Benz,G Class
7708,Audi A3 2019,Audi,A3
7709,Chevrolet Silverado 2500HD 2017,Chevrolet,Silverado 2500HD
7710,BMW 3-Series 2017,BMW,3-Series
7711,FIAT 500e 2014,FIAT,500e
7712,Acura NSX 2005,Acura,NSX
7713,Mazda MAZDA6 2013,Mazda,MAZDA6
7714,BMW 6-Series 2014,BMW,6-Series
7715,Subaru Forester 2017,Subaru,Forester
7716,BMW X4 2019,BMW,X4
7717,Volvo V90 2017,Volvo,V90
7718,Genesis G70 2020,Genesis,G70
7719,Nissan Leaf 2017,Nissan,Leaf
7720,Ford Fusion 2019,Ford,Fusion
7721,Lincoln MKZ 2011,Lincoln,MKZ
7722,Ford F-150 2013,Ford,F-150
7723,Rolls-Royce Ghost 2017,Rolls-Royce,Ghost
7724,Lexus ES 2011,Lexus,ES
7725,BMW X3 2019,BMW,X3
7726,Hyundai Kona Electric 2019,Hyundai,Kona Electric
7727,Mercedes-Benz C Class 2020,Mercedes-Benz,C Class
7728,Audi A6 2017,Audi,A6
7729,Mercedes-Benz GLA Class 2017,Mercedes-Benz,GLA Class
7730,Land Rover Range Rover 2017,Land Rover,Range Rover
7731,Mercedes-Benz GLE Class 2019,Mercedes-Benz,GLE Class
7732,BMW 5-Series 2015,BMW,5-Series
7733,Hyundai Tucson 2014,Hyundai,Tucson
7734,Porsche 718 2019,Porsche,718
7735,Mercedes-Benz CLS Class 2011,Mercedes-Benz,CLS Class
7736,Hyundai Tucson 2020,Hyundai,Tucson
7737,Chevrolet Volt 2011,Chevrolet,Volt
7738,Hyundai Accent 2019,Hyundai,Accent
7739,BMW 4-Series 2016,BMW,4-Series
7740,Nissan Titan 2015,Nissan,Titan
7741,Ford Super Duty F-250 2017,Ford,Super Duty F-250
7742,Lexus UX 2020,Lexus,UX
7743,MINI Clubman 2013,MINI,Clubman
7744,Chevrolet Camaro 2016,Chevrolet,Camaro
7745,Audi TT 2011,Audi,TT
7746,Ford F-150 2016,Ford,F-150
7747,Mercedes-Benz C Class 2014,Mercedes-Benz,C Class
7748,Acura RDX 2011,Acura,RDX
7749,GMC Sierra 2500HD 2014,GMC,Sierra 2500HD
7750,Honda Insight 2019,Honda,Insight
7751,Mercedes-Benz G Class 2014,Mercedes-Benz,G Class
7752,Lexus RC 2019,Lexus,RC
7753,Volvo XC90 2010,Volvo,XC90
7754,Toyota Prius C 2019,Toyota,Prius C
7755,smart fortwo 2019,smart,fortwo
7756,MINI Clubman 2017,MINI,Clubman
7757,Mercedes-Benz GLE Class 2020,Mercedes-Benz,GLE Class
7758,Honda HR-V 2017,Honda,HR-V
7759,GMC Acadia 2017,GMC,Acadia
7760,Honda Civic 2020,Honda,Civic
7761,Bentley Bentayga 2017,Bentley,Bentayga
7762,Chevrolet Equinox 2019,Chevrolet,Equinox
7763,BMW X2 2020,BMW,X2
7764,Nissan GT-R 2016,Nissan,GT-R
7765,Chevrolet Silverado 2500HD 2015,Chevrolet,Silverado 2500HD
7766,Toyota Corolla 2017,Toyota,Corolla
7767,Aston Martin Vanquish 2004,Aston Martin,Vanquish
7768,Subaru Crosstrek 2020,Subaru,Crosstrek
7769,Honda Pilot 2019,Honda,Pilot
7770,Subaru WRX 2016,Subaru,WRX
7771,Ford F-150 2012,Ford,F-150
7772,Mercedes-Benz SL Class 2011,Mercedes-Benz,SL Class
7773,BMW X5 2011,BMW,X5
7774,BMW X6 2013,BMW,X6
7775,Mercedes-Benz GLS Class 2020,Mercedes-Benz,GLS Class
7776,Mercedes-Benz E Class 2015,Mercedes-Benz,E Class
7777,Nissan Rogue 2019,Nissan,Rogue
7778,Mercedes-Benz CLA Class 2016,Mercedes-Benz,CLA Class
7779,INFINITI QX50 2015,INFINITI,QX50
7780,Lexus GS 2010,Lexus,GS
7781,Ram 1500 2017,Ram,1500
7782,Lexus GS 2014,Lexus,GS
7783,Chevrolet Traverse 2015,Chevrolet,Traverse
7784,Jeep Grand Cherokee 2020,Jeep,Grand Cherokee
7785,Volkswagen Golf 2019,Volkswagen,Golf
7786,Porsche Cayenne 2019,Porsche,Cayenne
7787,Land Rover Range Rover 2011,Land Rover,Range Rover
7788,BMW 4-Series 2020,BMW,4-Series
7789,Mazda MX-5 Miata 2010,Mazda,MX-5 Miata
7790,BMW X6 2014,BMW,X6
7791,Lincoln Corsair 2020,Lincoln,Corsair
7792,Ford Super Duty F-250 2014,Ford,Super Duty F-250
7793,Chevrolet Silverado 1500 2011,Chevrolet,Silverado 1500
7794,Genesis G90 2020,Genesis,G90
7795,Audi TT 2012,Audi,TT
7796,INFINITI Q50 2020,INFINITI,Q50
7797,Mercedes-Benz S Class 2012,Mercedes-Benz,S Class
7798,Acura NSX 2017,Acura,NSX
7799,FIAT 500 2011,FIAT,500
7800,Toyota Tundra 2017,Toyota,Tundra
7801,INFINITI Q50 2016,INFINITI,Q50
7802,Cadillac CT6 2020,Cadillac,CT6
7803,Honda Fit 2017,Honda,Fit
7804,Mazda MAZDA3 2012,Mazda,MAZDA3
7805,Ford Explorer 2019,Ford,Explorer
7806,Nissan Titan 2016,Nissan,Titan
7807,Buick Lacrosse 2017,Buick,Lacrosse
7808,Jeep Wrangler 2020,Jeep,Wrangler
7809,Dodge Durango 2017,Dodge,Durango
7810,Kia Optima 2017,Kia,Optima
7811,Chevrolet Blazer 2020,Chevrolet,Blazer
7812,Kia Forte 2019,Kia,Forte
7813,Toyota C-HR 2019,Toyota,C-HR
7814,Audi A3 2017,Audi,A3
7815,Cadillac Escalade 2015,Cadillac,Escalade
7816,smart fortwo 2011,smart,fortwo
7817,Volvo XC40 2020,Volvo,XC40
7818,Lexus IS 2015,Lexus,IS
7819,Aston Martin DBS 2012,Aston Martin,DBS
7820,Ford Expedition 2014,Ford,Expedition
7821,INFINITI Q50 2015,INFINITI,Q50
7822,FIAT 500 2019,FIAT,500
7823,Kia Sportage 2019,Kia,Sportage
7824,Lincoln Navigator 2017,Lincoln,Navigator
7825,Nissan Maxima 2019,Nissan,Maxima
7826,Acura MDX 2011,Acura,MDX
7827,Toyota RAV4 2017,Toyota,RAV4
7828,Toyota Highlander 2020,Toyota,Highlander
7829,Bentley Continental GT 2014,Bentley,Continental GT
7830,Jaguar XE 2020,Jaguar,XE
7831,Dodge Charger 2017,Dodge,Charger
7832,Buick Lacrosse 2019,Buick,Lacrosse
7833,Toyota Avalon 2019,Toyota,Avalon
7834,INFINITI QX80 2015,INFINITI,QX80
7835,Mitsubishi Outlander Sport 2013,Mitsubishi,Outlander Sport
7836,Rolls-Royce Ghost 2016,Rolls-Royce,Ghost
7837,Volkswagen Golf 2016,Volkswagen,Golf
7838,Audi A6 2020,Audi,A6
7839,Lincoln MKT 2015,Lincoln,MKT
7840,Alfa Romeo Stelvio 2020,Alfa Romeo,Stelvio
7841,Chrysler 300 2017,Chrysler,300
7842,Audi Q3 2019,Audi,Q3
7843,Bentley Continental GT 2017,Bentley,Continental GT
7844,Dodge Charger 2019,Dodge,Charger
7845,Honda CR-V 2014,Honda,CR-V
7846,Land Rover Range Rover Sport 2016,Land Rover,Range Rover Sport
7847,Hyundai Santa Fe 2017,Hyundai,Santa Fe
7848,Lexus GS 2011,Lexus,GS
7849,FIAT 500 2012,FIAT,500
7850,Chevrolet Suburban 2016,Chevrolet,Suburban
7851,Ford Escape 2020,Ford,Escape
7852,Porsche Panamera 2017,Porsche,Panamera
7853,Porsche Cayenne 2020,Porsche,Cayenne
7854,Mazda MX-5 Miata 2019,Mazda,MX-5 Miata
7855,BMW 7-Series 2015,BMW,7-Series
7856,BMW 4-Series 2019,BMW,4-Series
7857,Chevrolet TrailBlazer 2008,Chevrolet,TrailBlazer
7858,Chevrolet Colorado 2019,Chevrolet,Colorado
7859,Nissan 370Z 2020,Nissan,370Z
7860,Maserati GranTurismo 2012,Maserati,GranTurismo
7861,GMC Sierra 2500HD 2012,GMC,Sierra 2500HD
7862,Mercedes-Benz E Class 2017,Mercedes-Benz,E Class
7863,BMW 7-Series 2013,BMW,7-Series
7864,Nissan Versa 2020,Nissan,Versa
7865,Acura TLX 2020,Acura,TLX
7866,Lexus RX 2015,Lexus,RX
7867,Mercedes-Benz E Class 2011,Mercedes-Benz,E Class
7868,Hyundai Santa Fe 2016,Hyundai,Santa Fe
7869,Kia Cadenza 2017,Kia,Cadenza
7870,Maserati Quattroporte 2015,Maserati,Quattroporte
7871,Mercedes-Benz SL Class 2017,Mercedes-Benz,SL Class
7872,Alfa Romeo Giulia 2017,Alfa Romeo,Giulia
7873,Rolls-Royce Dawn 2016,Rolls-Royce,Dawn
7874,BMW X7 2019,BMW,X7
7875,Subaru WRX 2019,Subaru,WRX
7876,Jaguar XF 2012,Jaguar,XF
7877,Mazda CX-9 2011,Mazda,CX-9
7878,Mercedes-Benz S Class 2019,Mercedes-Benz,S Class
7879,Chevrolet Sonic 2017,Chevrolet,Sonic
7880,Volvo V60 2017,Volvo,V60
7881,Kia Sportage 2017,Kia,Sportage
7882,Aston Martin DB11 2017,Aston Martin,DB11
7883,Nissan Altima 2019,Nissan,Altima
7884,Volkswagen Jetta 2019,Volkswagen,Jetta
7885,Nissan Armada 2020,Nissan,Armada
7886,Nissan Titan 2020,Nissan,Titan
7887,Chevrolet Sonic 2015,Chevrolet,Sonic
7888,Nissan Leaf 2019,Nissan,Leaf
7889,Chevrolet Corvette 2020,Chevrolet,Corvette
7890,Honda Odyssey 2019,Honda,Odyssey
7891,BMW 6-Series 2015,BMW,6-Series
7892,Land Rover Discovery 2017,Land Rover,Discovery
7893,Volvo XC60 2012,Volvo,XC60
7894,Lexus ES 2016,Lexus,ES
7895,MINI Cooper 2017,MINI,Cooper
7896,Kia Sorento 2019,Kia,Sorento
7897,Audi R8 2014,Audi,R8
7898,Toyota Land Cruiser 2017,Toyota,Land Cruiser
7899,Dodge Grand Caravan 2016,Dodge,Grand Caravan
7900,MINI Clubman 2010,MINI,Clubman
7901,Mazda MAZDA6 2019,Mazda,MAZDA6
7902,Dodge Charger 2020,Dodge,Charger
7903,Nissan NV200 2015,Nissan,NV200
7904,BMW 3-Series 2014,BMW,3-Series
7905,Honda Ridgeline 2019,Honda,Ridgeline
7906,BMW 2-Series 2020,BMW,2-Series
7907,Cadillac XT5 2017,Cadillac,XT5
7908,FIAT 500L 2014,FIAT,500L
7909,Lexus ES 2012,Lexus,ES
7910,MINI Cooper Countryman 2015,MINI,Cooper Countryman
7911,BMW 8-Series 2020,BMW,8-Series
7912,Kia Soul 2019,Kia,Soul
7913,Jaguar XE 2019,Jaguar,XE
7914,Land Rover Discovery 2019,Land Rover,Discovery
7915,Lincoln Continental 2019,Lincoln,Continental
7916,Ferrari 488 GTB 2016,Ferrari,488 GTB
7917,FIAT 124 Spider 2019,FIAT,124 Spider
7918,Lexus RC 2015,Lexus,RC
7919,Lincoln Navigator 2019,Lincoln,Navigator
7920,BMW X5 2014,BMW,X5
7921,BMW 3-Series 2012,BMW,3-Series
7922,Toyota Tacoma 2019,Toyota,Tacoma
7923,Ford F-150 2014,Ford,F-150
7924,Acura ILX 2016,Acura,ILX
7925,Acura NSX 2001,Acura,NSX
7926,Nissan Pathfinder 2016,Nissan,Pathfinder
7927,Cadillac CTS 2014,Cadillac,CTS
7928,BMW X5 2013,BMW,X5
7929,FIAT 500 2017,FIAT,500
7930,GMC Sierra 1500 2011,GMC,Sierra 1500
7931,GMC Sierra 1500 2020,GMC,Sierra 1500
7932,Buick Lacrosse 2016,Buick,Lacrosse
7933,Chevrolet Camaro 2019,Chevrolet,Camaro
7934,Kia Sedona 2014,Kia,Sedona
7935,Hyundai Tucson 2019,Hyundai,Tucson
7936,Acura NSX 2020,Acura,NSX
7937,BMW X4 2016,BMW,X4
7938,Mercedes-Benz SL Class 2014,Mercedes-Benz,SL Class
7939,Lincoln Aviator 2019,Lincoln,Aviator
7940,FIAT 500 2016,FIAT,500
7941,Tesla Model 3 2019,Tesla,Model 3
7942,Lexus NX 2017,Lexus,NX
7943,BMW Z4 2014,BMW,Z4
7944,Kia Sorento 2016,Kia,Sorento
7945,Ford Mustang 2020,Ford,Mustang
7946,Mazda MAZDA6 2017,Mazda,MAZDA6
7947,Mercedes-Benz SL Class 2016,Mercedes-Benz,SL Class
7948,Kia Soul 2017,Kia,Soul
7949,BMW i3 2016,BMW,i3
7950,MINI Clubman 2011,MINI,Clubman
7951,Rolls-Royce Phantom 2017,Rolls-Royce,Phantom
7952,Land Rover Discovery Sport 2016,Land Rover,Discovery Sport
7953,GMC Sierra 2500HD 2017,GMC,Sierra 2500HD
7954,Aston Martin Vantage 2017,Aston Martin,Vantage
7955,Land Rover Discovery 2020,Land Rover,Discovery
7956,Hyundai Veloster 2019,Hyundai,Veloster
7957,Mercedes-Benz E Class 2019,Mercedes-Benz,E Class
7958,Mercedes-Benz C Class 2019,Mercedes-Benz,C Class
7959,BMW i8 2014,BMW,i8
7960,Ford Super Duty F-250 2011,Ford,Super Duty F-250
7961,Ram 2500 2017,Ram,2500
7962,Hyundai Santa Fe 2011,Hyundai,Santa Fe
7963,Nissan GT-R 2017,Nissan,GT-R
7964,Chevrolet Silverado 1500 2013,Chevrolet,Silverado 1500
7965,Mazda CX-5 2019,Mazda,CX-5
7966,GMC Terrain 2020,GMC,Terrain
7967,BMW 7-Series 2019,BMW,7-Series
7968,BMW Z4 2010,BMW,Z4
7969,GMC Canyon 2009,GMC,Canyon
7970,Acura RLX 2014,Acura,RLX
7971,Toyota Highlander 2017,Toyota,Highlander
7972,Nissan Pathfinder 2017,Nissan,Pathfinder
7973,Nissan Frontier 2017,Nissan,Frontier
7974,BMW X1 2013,BMW,X1
7975,Hyundai Accent 2020,Hyundai,Accent
7976,Toyota Prius 2020,Toyota,Prius
7977,Land Rover Range Rover 2014,Land Rover,Range Rover
7978,Jaguar F-Type 2020,Jaguar,F-Type
7979,Ford Flex 2015,Ford,Flex
7980,Volvo V60 2020,Volvo,V60
7981,Cadillac Escalade 2019,Cadillac,Escalade
7982,Audi Q5 2017,Audi,Q5
7983,Subaru WRX 2011,Subaru,WRX
7984,Porsche Panamera 2016,Porsche,Panamera
7985,Volvo S90 2019,Volvo,S90
7986,Audi A8 2017,Audi,A8
7987,Land Rover Range Rover Sport 2014,Land Rover,Range Rover Sport
7988,GMC Canyon 2020,GMC,Canyon
7989,INFINITI Q70 2014,INFINITI,Q70
7990,Honda CR-V 2012,Honda,CR-V
7991,Kia Sedona 2019,Kia,Sedona
7992,Genesis G90 2019,Genesis,G90
7993,Dodge Durango 2019,Dodge,Durango
7994,Mercedes-Benz CLA Class 2014,Mercedes-Benz,CLA Class
7995,Subaru Legacy 2019,Subaru,Legacy
7996,Lincoln MKT 2019,Lincoln,MKT
7997,BMW i3 2015,BMW,i3
7998,Subaru Legacy 2020,Subaru,Legacy
7999,Lexus ES 2020,Lexus,ES
8000,Hyundai Sonata 2020,Hyundai,Sonata
8001,Audi R8 2017,Audi,R8
8002,BMW 6-Series 2019,BMW,6-Series
8003,Kia Niro 2019,Kia,Niro
8004,Toyota Tacoma 2017,Toyota,Tacoma
8005,Acura ILX 2019,Acura,ILX
8006,Nissan 370Z 2019,Nissan,370Z
8007,Ford Expedition 2016,Ford,Expedition
8008,Chevrolet Corvette 2019,Chevrolet,Corvette
8009,Nissan Rogue 2017,Nissan,Rogue
8010,Jaguar XF 2011,Jaguar,XF
8011,Nissan Altima 2017,Nissan,Altima
8012,Porsche Cayenne 2013,Porsche,Cayenne
8013,Chevrolet Sonic 2020,Chevrolet,Sonic
8014,GMC Yukon 2012,GMC,Yukon
8015,Hyundai Elantra 2017,Hyundai,Elantra
8016,Lincoln Nautilus 2019,Lincoln,Nautilus
8017,Subaru WRX 2013,Subaru,WRX
8018,Jeep Renegade 2017,Jeep,Renegade
8019,Audi A5 2017,Audi,A5
8020,Nissan 370Z 2017,Nissan,370Z
8021,Subaru Legacy 2014,Subaru,Legacy
8022,smart fortwo 2015,smart,fortwo
8023,GMC Yukon 2015,GMC,Yukon
8024,Mercedes-Benz E Class 2016,Mercedes-Benz,E Class
8025,Mazda MAZDA6 2015,Mazda,MAZDA6
8026,Mazda MAZDA6 2011,Mazda,MAZDA6
8027,BMW X5 2015,BMW,X5
8028,Ford Expedition 2019,Ford,Expedition
8029,GMC Canyon 2011,GMC,Canyon
8030,Subaru Outback 2019,Subaru,Outback
8031,Ford Super Duty F-250 2013,Ford,Super Duty F-250
8032,Mercedes-Benz CLA Class 2017,Mercedes-Benz,CLA Class
8033,Cadillac XT5 2019,Cadillac,XT5
8034,Mazda CX-30 2020,Mazda,CX-30
8035,GMC Sierra 1500 2019,GMC,Sierra 1500
8036,Toyota Sienna 2017,Toyota,Sienna
8037,Chevrolet Spark 2015,Chevrolet,Spark
8038,Buick Enclave 2019,Buick,Enclave
8039,Lexus LS 2016,Lexus,LS
8040,Maserati GranTurismo 2011,Maserati,GranTurismo
8041,BMW X6 2016,BMW,X6
8042,Mercedes-Benz GLE Class 2016,Mercedes-Benz,GLE Class
8043,Jaguar XF 2016,Jaguar,XF
8044,Chevrolet Silverado 2500HD 2011,Chevrolet,Silverado 2500HD
8045,Toyota Prius 2017,Toyota,Prius
8046,Ford Super Duty F-250 2012,Ford,Super Duty F-250
8047,Dodge Journey 2017,Dodge,Journey
8048,Maserati Ghibli 2016,Maserati,Ghibli
8049,Chevrolet TrailBlazer 2005,Chevrolet,TrailBlazer
8050,Lexus RC 2016,Lexus,RC
8051,Ford Super Duty F-250 2015,Ford,Super Duty F-250
8052,Kia Niro 2020,Kia,Niro
8053,MINI Cooper Countryman 2019,MINI,Cooper Countryman
8054,Audi A7 2017,Audi,A7
8055,Acura RDX 2020,Acura,RDX
8056,Toyota Prius C 2014,Toyota,Prius C
8057,INFINITI QX80 2014,INFINITI,QX80
8058,Acura RLX 2016,Acura,RLX
8059,Mercedes-Benz GLA Class 2019,Mercedes-Benz,GLA Class
8060,FIAT 124 Spider 2017,FIAT,124 Spider
8061,Volvo XC90 2020,Volvo,XC90
8062,Aston Martin DBS 2010,Aston Martin,DBS
8063,Nissan Frontier 2019,Nissan,Frontier
8064,Toyota Sequoia 2019,Toyota,Sequoia
8065,Kia Cadenza 2015,Kia,Cadenza
8066,Chevrolet Silverado 1500 2014,Chevrolet,Silverado 1500
8067,Porsche 911 2019,Porsche,911
8068,BMW 7-Series 2017,BMW,7-Series
8069,BMW X3 2015,BMW,X3
8070,Mitsubishi Outlander Sport 2012,Mitsubishi,Outlander Sport
8071,Nissan Rogue Sport 2017,Nissan,Rogue Sport
8072,Mazda MX-5 Miata 2016,Mazda,MX-5 Miata
8073,Mazda MX-5 Miata 2017,Mazda,MX-5 Miata
8074,BMW 5-Series 2016,BMW,5-Series
8075,Lexus IS 2013,Lexus,IS
8076,Acura MDX 2017,Acura,MDX
8077,Bentley Flying Spur 2017,Bentley,Flying Spur
8078,Lincoln Navigator 2012,Lincoln,Navigator
8079,Hyundai Elantra 2019,Hyundai,Elantra
8080,Ford Transit Connect Wagon 2014,Ford,Transit Connect Wagon
8081,Ford F-150 2017,Ford,F-150
8082,Toyota Highlander 2019,Toyota,Highlander
8083,Lincoln MKZ 2013,Lincoln,MKZ
8084,Aston Martin DBS 2011,Aston Martin,DBS
8085,Lamborghini Huracan 2019,Lamborghini,Huracan
8086,MINI Cooper 2011,MINI,Cooper
8087,Mitsubishi Mirage 2017,Mitsubishi,Mirage
8088,Cadillac XTS 2012,Cadillac,XTS
8089,Mazda CX-3 2019,Mazda,CX-3
8090,Hyundai Veloster 2016,Hyundai,Veloster
8091,Bentley Flying Spur 2014,Bentley,Flying Spur
8092,Acura ILX 2013,Acura,ILX
8093,Chevrolet Cruze 2019,Chevrolet,Cruze
8094,Kia Sorento 2017,Kia,Sorento
8095,Rolls-Royce Ghost 2015,Rolls-Royce,Ghost
8096,BMW 5-Series 2017,BMW,5-Series
8097,Subaru BRZ 2013,Subaru,BRZ
8098,Lexus LS 2011,Lexus,LS
8099,Rolls-Royce Ghost 2019,Rolls-Royce,Ghost
8100,MINI Cooper Countryman 2011,MINI,Cooper Countryman
8101,Hyundai Sonata 2017,Hyundai,Sonata
8102,Nissan Pathfinder 2019,Nissan,Pathfinder
8103,Subaru Ascent 2019,Subaru,Ascent
8104,MINI Cooper Countryman 2016,MINI,Cooper Countryman
8105,Nissan Leaf 2012,Nissan,Leaf
8106,Toyota Sienna 2020,Toyota,Sienna
8107,Mercedes-Benz S Class 2014,Mercedes-Benz,S Class
8108,Buick Regal 2019,Buick,Regal
8109,BMW X6 2011,BMW,X6
8110,Jeep Grand Cherokee 2019,Jeep,Grand Cherokee
8111,Jaguar F-Type 2015,Jaguar,F-Type
8112,Volkswagen Atlas 2019,Volkswagen,Atlas
8113,GMC Yukon 2014,GMC,Yukon
8114,Jaguar XJ 2017,Jaguar,XJ
8115,Subaru WRX 2015,Subaru,WRX
8116,Bentley Continental GT 2013,Bentley,Continental GT
8117,Hyundai Palisade 2020,Hyundai,Palisade
8118,Chevrolet Suburban 2017,Chevrolet,Suburban
8119,INFINITI Q50 2014,INFINITI,Q50
8120,Mercedes-Benz GLA Class 2020,Mercedes-Benz,GLA Class
8121,Buick Cascada 2017,Buick,Cascada
8122,Cadillac XTS 2015,Cadillac,XTS
8123,BMW Z4 2015,BMW,Z4
8124,Hyundai Santa Fe 2015,Hyundai,Santa Fe
8125,Land Rover Range Rover 2012,Land Rover,Range Rover
8126,Mazda CX-5 2016,Mazda,CX-5
8127,BMW 4-Series 2014,BMW,4-Series
8128,Buick Regal 2020,Buick,Regal
8129,Tesla Model S 2019,Tesla,Model S
8130,Hyundai Ioniq 2019,Hyundai,Ioniq
8131,Mercedes-Benz G Class 2011,Mercedes-Benz,G Class
8132,Chevrolet TrailBlazer 2006,Chevrolet,TrailBlazer
8133,Jaguar I-Pace 2020,Jaguar,I-Pace
8134,Lincoln Navigator 2016,Lincoln,Navigator
8135,Porsche 911 2016,Porsche,911
8136,Chevrolet Silverado 2500HD 2020,Chevrolet,Silverado 2500HD
8137,Mercedes-Benz C Class 2015,Mercedes-Benz,C Class
8138,Mercedes-Benz GLC Class 2016,Mercedes-Benz,GLC Class
8139,BMW 2-Series 2016,BMW,2-Series
8140,Audi Q5 2013,Audi,Q5
8141,Mercedes-Benz G Class 2017,Mercedes-Benz,G Class
8142,Nissan Sentra 2020,Nissan,Sentra
8143,Mercedes-Benz SL Class 2012,Mercedes-Benz,SL Class
8144,Mercedes-Benz C Class 2012,Mercedes-Benz,C Class
8145,Volvo V60 2016,Volvo,V60
8146,Aston Martin Vanquish 2016,Aston Martin,Vanquish
8147,Bentley Mulsanne 2020,Bentley,Mulsanne
8148,Bentley Bentayga 2020,Bentley,Bentayga
8149,GMC Sierra 2500HD 2015,GMC,Sierra 2500HD
8150,Chevrolet Silverado 1500 2020,Chevrolet,Silverado 1500
8151,Maserati GranTurismo 2013,Maserati,GranTurismo
8152,Mitsubishi Outlander Sport 2020,Mitsubishi,Outlander Sport
8153,Audi A8 2015,Audi,A8
8154,Ford Mustang 2017,Ford,Mustang
8155,Toyota RAV4 2016,Toyota,RAV4
8156,Buick Regal 2016,Buick,Regal
8157,Buick Encore 2019,Buick,Encore
8158,Acura RLX 2017,Acura,RLX
8159,Rolls-Royce Phantom 2014,Rolls-Royce,Phantom
8160,FIAT 500 2015,FIAT,500
8161,Hyundai Sonata 2019,Hyundai,Sonata
8162,BMW 2-Series 2015,BMW,2-Series
8163,Mercedes-Benz G Class 2013,Mercedes-Benz,G Class
8164,Audi A8 2020,Audi,A8
8165,Mercedes-Benz S Class 2016,Mercedes-Benz,S Class
8166,Volvo XC90 2016,Volvo,XC90
8167,Honda CR-V 2011,Honda,CR-V
8168,Lamborghini Huracan 2015,Lamborghini,Huracan
8169,BMW X3 2013,BMW,X3
8170,Audi A3 2016,Audi,A3
8171,Hyundai Tucson 2015,Hyundai,Tucson
8172,INFINITI Q60 2014,INFINITI,Q60
8173,Nissan NV200 2019,Nissan,NV200
8174,Chevrolet Sonic 2019,Chevrolet,Sonic
8175,Hyundai Kona Electric 2020,Hyundai,Kona Electric
8176,INFINITI QX80 2020,INFINITI,QX80
8177,Toyota 4Runner 2017,Toyota,4Runner
8178,Volvo V60 2015,Volvo,V60
8179,Acura TLX 2015,Acura,TLX
8180,Mercedes-Benz S Class 2011,Mercedes-Benz,S Class
8181,Subaru BRZ 2020,Subaru,BRZ
8182,Chevrolet Traverse 2020,Chevrolet,Traverse
8183,Lexus GS 2013,Lexus,GS
8184,Honda Passport 2020,Honda,Passport
8185,Volkswagen Beetle 2019,Volkswagen,Beetle
8186,BMW 6-Series 2016,BMW,6-Series
8187,FIAT 500L 2015,FIAT,500L
8188,Nissan Leaf 2014,Nissan,Leaf
8189,Mazda CX-5 2017,Mazda,CX-5
8190,Volkswagen Tiguan 2019,Volkswagen,Tiguan
8191,BMW X4 2020,BMW,X4
8192,Mazda MX-5 Miata 2011,Mazda,MX-5 Miata
8193,Hyundai Santa Fe 2019,Hyundai,Santa Fe
8194,Audi A7 2012,Audi,A7
8195,Aston Martin Vanquish 2014,Aston Martin,Vanquish
8196,Volvo S90 2017,Volvo,S90
8197,Dodge Challenger 2017,Dodge,Challenger
8198,Chrysler Pacifica 2019,Chrysler,Pacifica
8199,Chevrolet Corvette 2017,Chevrolet,Corvette
8200,Hyundai Kona 2019,Hyundai,Kona
8201,BMW 6-Series 2013,BMW,6-Series
8202,Chevrolet Trax 2019,Chevrolet,Trax
8203,Hyundai Santa Fe 2013,Hyundai,Santa Fe
8204,Porsche Cayenne 2015,Porsche,Cayenne
8205,Chevrolet Silverado 1500 2019,Chevrolet,Silverado 1500
8206,Lincoln MKZ 2019,Lincoln,MKZ
8207,Audi A7 2019,Audi,A7
8208,Honda Accord 2019,Honda,Accord
8209,Toyota Corolla 2016,Toyota,Corolla
8210,Nissan GT-R 2015,Nissan,GT-R
8211,Audi TT 2016,Audi,TT
8212,Honda Civic 2017,Honda,Civic
8213,Audi Q7 2015,Audi,Q7
8214,Lexus IS 2011,Lexus,IS
8215,Toyota Tundra 2019,Toyota,Tundra
8216,Porsche Panamera 2013,Porsche,Panamera
8217,Rolls-Royce Cullinan 2020,Rolls-Royce,Cullinan
8218,Mercedes-Benz SLC Class 2020,Mercedes-Benz,SLC Class
8219,Porsche 911 2012,Porsche,911
8220,Honda Pilot 2017,Honda,Pilot
8221,Chevrolet Impala 2017,Chevrolet,Impala
8222,Chrysler 300 2016,Chrysler,300
8223,BMW X6 2020,BMW,X6
8224,Audi A4 2017,Audi,A4
8225,GMC Canyon 2016,GMC,Canyon
8226,Subaru Crosstrek 2016,Subaru,Crosstrek
8227,MINI Cooper Countryman 2017,MINI,Cooper Countryman
8228,Mercedes-Benz GLC Class 2019,Mercedes-Benz,GLC Class
8229,Ram 2500 2019,Ram,2500
8230,BMW 5-Series 2020,BMW,5-Series
8231,Maserati GranTurismo 2016,Maserati,GranTurismo
8232,Nissan Titan 2017,Nissan,Titan
8233,Toyota Camry 2017,Toyota,Camry
8234,Genesis G90 2017,Genesis,G90
8235,GMC Sierra 1500 2017,GMC,Sierra 1500
8236,Toyota RAV4 2014,Toyota,RAV4
8237,Mazda CX-3 2016,Mazda,CX-3
8238,smart fortwo 2016,smart,fortwo
8239,Porsche 718 2017,Porsche,718
8240,Jeep Cherokee 2017,Jeep,Cherokee
8241,Toyota Land Cruiser 2016,Toyota,Land Cruiser
8242,Mercedes-Benz SLC Class 2019,Mercedes-Benz,SLC Class
8243,Lexus LC 2019,Lexus,LC
8244,FIAT 500e 2015,FIAT,500e
8245,Land Rover Discovery Sport 2020,Land Rover,Discovery Sport
8246,Mercedes-Benz GLA Class 2015,Mercedes-Benz,GLA Class
8247,Hyundai Ioniq 2017,Hyundai,Ioniq
8248,Chevrolet Bolt EV 2017,Chevrolet,Bolt EV
8249,Cadillac XT4 2019,Cadillac,XT4
8250,Audi R8 2011,Audi,R8
8251,GMC Acadia 2015,GMC,Acadia
8252,Lexus RX 2011,Lexus,RX
8253,Mercedes-Benz GLB Class 2020,Mercedes-Benz,GLB Class
8254,Nissan Murano 2019,Nissan,Murano
8255,Subaru BRZ 2017,Subaru,BRZ
8256,Mercedes-Benz CLS Class 2017,Mercedes-Benz,CLS Class
8257,Toyota Sequoia 2015,Toyota,Sequoia
8258,GMC Sierra 2500HD 2013,GMC,Sierra 2500HD
8259,Chevrolet Colorado 2017,Chevrolet,Colorado
8260,Lexus GS 2020,Lexus,GS
8261,Buick Encore 2017,Buick,Encore
8262,Jeep Cherokee 2019,Jeep,Cherokee
8263,FIAT 500e 2016,FIAT,500e
8264,Mercedes-Benz Metris 2020,Mercedes-Benz,Metris
8265,Ford Fiesta 2017,Ford,Fiesta
8266,BMW Z4 2009,BMW,Z4
8267,Mercedes-Benz CLS Class 2016,Mercedes-Benz,CLS Class
8268,Hyundai Kona 2020,Hyundai,Kona
8269,Volkswagen Arteon 2019,Volkswagen,Arteon
8270,Land Rover Range Rover 2020,Land Rover,Range Rover
8271,Lexus ES 2014,Lexus,ES
8272,Lexus GS 2015,Lexus,GS
8273,Jaguar XF 2014,Jaguar,XF
8274,Land Rover Range Rover Evoque 2014,Land Rover,Range Rover Evoque
8275,Ford Flex 2016,Ford,Flex
8276,Audi A8 2016,Audi,A8
8277,Volvo XC60 2016,Volvo,XC60
8278,Lexus IS 2019,Lexus,IS
8279,Toyota RAV4 2019,Toyota,RAV4
8280,Chevrolet Spark 2017,Chevrolet,Spark
8281,Kia Stinger 2019,Kia,Stinger
8282,Chevrolet Spark 2019,Chevrolet,Spark
8283,Land Rover Range Rover Sport 2011,Land Rover,Range Rover Sport
8284,Audi TT 2019,Audi,TT
8285,Kia Sedona 2015,Kia,Sedona
8286,Honda Clarity 2003,Honda,Clarity
8287,Toyota Land Cruiser 2010,Toyota,Land Cruiser
8288,Ford Explorer 2016,Ford,Explorer
8289,Volvo XC40 2019,Volvo,XC40
8290,Volvo XC90 2012,Volvo,XC90
8291,Toyota Prius C 2016,Toyota,Prius C
8292,Acura MDX 2012,Acura,MDX
8293,Bentley Continental GT 2011,Bentley,Continental GT
8294,BMW Z4 2020,BMW,Z4
8295,Cadillac CT6 2017,Cadillac,CT6
8296,Lexus RX 2016,Lexus,RX
8297,Nissan Titan 2019,Nissan,Titan
8298,Buick Envision 2019,Buick,Envision
8299,Buick Envision 2020,Buick,Envision
8300,Tesla Model S 2012,Tesla,Model S
8301,Jaguar E-Pace 2020,Jaguar,E-Pace
8302,Dodge Grand Caravan 2019,Dodge,Grand Caravan
8303,BMW 7-Series 2016,BMW,7-Series
8304,BMW X6 2012,BMW,X6
8305,Cadillac ATS 2017,Cadillac,ATS
8306,Kia Cadenza 2016,Kia,Cadenza
8307,Maserati Quattroporte 2011,Maserati,Quattroporte
8308,Mitsubishi Outlander 2019,Mitsubishi,Outlander
8309,Land Rover Range Rover Sport 2015,Land Rover,Range Rover Sport
8310,INFINITI QX50 2020,INFINITI,QX50
8311,Honda Clarity 2017,Honda,Clarity
8312,Maserati GranTurismo 2019,Maserati,GranTurismo
8313,Bentley Mulsanne 2011,Bentley,Mulsanne
8314,Ford Super Duty F-250 2016,Ford,Super Duty F-250
8315,Toyota Prius 2019,Toyota,Prius
8316,Nissan Sentra 2017,Nissan,Sentra
8317,Subaru Crosstrek 2014,Subaru,Crosstrek
8318,Subaru Ascent 2020,Subaru,Ascent
8319,Chevrolet Silverado 1500 2017,Chevrolet,Silverado 1500
8320,GMC Acadia 2016,GMC,Acadia
8321,Audi TT 2013,Audi,TT
8322,Land Rover Range Rover Evoque 2012,Land Rover,Range Rover Evoque
8323,Kia Forte 2017,Kia,Forte
8324,Porsche Macan 2015,Porsche,Macan
8325,MINI Cooper 2015,MINI,Cooper
8326,Volvo S60 2017,Volvo,S60
8327,Toyota RAV4 2012,Toyota,RAV4
8328,Maserati Quattroporte 2012,Maserati,Quattroporte
8329,FIAT 500 2014,FIAT,500
8330,GMC Terrain 2016,GMC,Terrain
8331,Nissan Leaf 2016,Nissan,Leaf
8332,Cadillac CTS 2012,Cadillac,CTS
8333,Lincoln MKC 2015,Lincoln,MKC
8334,GMC Sierra 1500 2012,GMC,Sierra 1500
8335,Alfa Romeo 4C 2019,Alfa Romeo,4C
8336,GMC Acadia 2013,GMC,Acadia
8337,Toyota Prius C 2015,Toyota,Prius C
8338,BMW X4 2015,BMW,X4
8339,Toyota Land Cruiser 2011,Toyota,Land Cruiser
8340,Cadillac XTS 2014,Cadillac,XTS
8341,MINI Cooper 2014,MINI,Cooper
8342,Mercedes-Benz EQC 2020,Mercedes-Benz,EQC
8343,Ford Super Duty F-250 2020,Ford,Super Duty F-250
8344,Cadillac CTS 2019,Cadillac,CTS
8345,Ford Mustang 2019,Ford,Mustang
8346,BMW i3 2014,BMW,i3
8347,INFINITI Q50 2017,INFINITI,Q50
8348,Chevrolet Colorado 2015,Chevrolet,Colorado
8349,Toyota Mirai 2017,Toyota,Mirai
8350,Jeep Cherokee 2016,Jeep,Cherokee
8351,Audi A6 2016,Audi,A6
8352,Audi R8 2012,Audi,R8
8353,Maserati Quattroporte 2014,Maserati,Quattroporte
8354,GMC Acadia 2011,GMC,Acadia
8355,Ford Expedition 2017,Ford,Expedition
8356,Buick Enclave 2014,Buick,Enclave
8357,Jaguar XJ 2014,Jaguar,XJ
8358,Nissan NV200 2013,Nissan,NV200
8359,Nissan Leaf 2011,Nissan,Leaf
8360,Toyota Tacoma 2020,Toyota,Tacoma
8361,Dodge Challenger 2020,Dodge,Challenger
8362,Porsche 911 2014,Porsche,911
8363,Cadillac CTS 2013,Cadillac,CTS
8364,INFINITI QX60 2015,INFINITI,QX60
8365,Kia Stinger 2020,Kia,Stinger
8366,Chevrolet TrailBlazer 2007,Chevrolet,TrailBlazer
8367,Lincoln MKZ 2015,Lincoln,MKZ
8368,INFINITI QX80 2016,INFINITI,QX80
8369,Ram 2500 2020,Ram,2500
8370,Maserati Quattroporte 2013,Maserati,Quattroporte
8371,Tesla Model S 2014,Tesla,Model S
8372,Jaguar XF 2013,Jaguar,XF
8373,Toyota 4Runner 2019,Toyota,4Runner
8374,Mercedes-Benz A Class 2020,Mercedes-Benz,A Class
8375,Nissan Rogue Sport 2019,Nissan,Rogue Sport
8376,Jeep Renegade 2019,Jeep,Renegade
8377,Audi A8 2014,Audi,A8
8378,Subaru Outback 2017,Subaru,Outback
8379,Mazda MX-5 Miata 2015,Mazda,MX-5 Miata
8380,Volvo XC60 2020,Volvo,XC60
8381,GMC Canyon 2015,GMC,Canyon
8382,Audi TT 2015,Audi,TT
8383,Subaru Impreza 2017,Subaru,Impreza
8384,GMC Sierra 2500HD 2011,GMC,Sierra 2500HD
8385,Lexus LX 2014,Lexus,LX
8386,Mercedes-Benz GLE Class 2017,Mercedes-Benz,GLE Class
8387,Mercedes-Benz C Class 2017,Mercedes-Benz,C Class
8388,Volkswagen Beetle 2017,Volkswagen,Beetle
8389,INFINITI Q60 2017,INFINITI,Q60
8390,Jaguar F-Pace 2019,Jaguar,F-Pace
8391,MINI Clubman 2012,MINI,Clubman
8392,Mercedes-Benz CLA Class 2019,Mercedes-Benz,CLA Class
8393,Kia Niro 2017,Kia,Niro
8394,Mercedes-Benz E Class 2014,Mercedes-Benz,E Class
8395,smart fortwo 2017,smart,fortwo
8396,Toyota Camry 2019,Toyota,Camry
8397,Volvo S60 2016,Volvo,S60
8398,Acura MDX 2014,Acura,MDX
8399,Mercedes-Benz C Class 2013,Mercedes-Benz,C Class
8400,Toyota Sequoia 2020,Toyota,Sequoia
8401,Volvo XC60 2017,Volvo,XC60
8402,Lamborghini Urus 2019,Lamborghini,Urus
8403,MINI Clubman 2019,MINI,Clubman
8404,Aston Martin Vanquish 2019,Aston Martin,Vanquish
8405,Jaguar XJ 2015,Jaguar,XJ
8406,Cadillac CTS 2015,Cadillac,CTS
8407,Nissan Maxima 2014,Nissan,Maxima
8408,Chevrolet Silverado 1500 2016,Chevrolet,Silverado 1500
8409,Jaguar XF 2017,Jaguar,XF
8410,Kia Sportage 2015,Kia,Sportage
8411,Acura NSX 2004,Acura,NSX
8412,Honda Ridgeline 2017,Honda,Ridgeline
8413,INFINITI QX50 2016,INFINITI,QX50
8414,FIAT 500L 2016,FIAT,500L
8415,Volkswagen Tiguan 2015,Volkswagen,Tiguan
8416,Ford Escape 2019,Ford,Escape
8417,Mercedes-Benz GLC Class 2020,Mercedes-Benz,GLC Class
8418,Maserati Ghibli 2015,Maserati,Ghibli
8419,Ford Transit Connect Wagon 2016,Ford,Transit Connect Wagon
8420,Mercedes-Benz AMG GT 2017,Mercedes-Benz,AMG GT
8421,Audi A4 2019,Audi,A4
8422,BMW 3-Series 2016,BMW,3-Series
8423,Mitsubishi Outlander Sport 2017,Mitsubishi,Outlander Sport
8424,Ford Escape 2017,Ford,Escape
8425,FIAT 500L 2017,FIAT,500L
8426,Rolls-Royce Wraith 2014,Rolls-Royce,Wraith
8427,Mercedes-Benz CLS Class 2012,Mercedes-Benz,CLS Class
8428,Volvo XC90 2019,Volvo,XC90
8429,Lexus IS 2016,Lexus,IS
8430,Chevrolet Spark 2016,Chevrolet,Spark
8431,smart fortwo 2014,smart,fortwo
8432,Toyota Sequoia 2017,Toyota,Sequoia
8433,Volkswagen Passat 2017,Volkswagen,Passat
8434,Mercedes-Benz Metris 2019,Mercedes-Benz,Metris
8435,Porsche Cayenne 2016,Porsche,Cayenne
8436,Jaguar XJ 2010,Jaguar,XJ
8437,Lexus LX 2017,Lexus,LX
8438,Buick Cascada 2016,Buick,Cascada
8439,Nissan Kicks 2019,Nissan,Kicks
8440,Toyota Mirai 2016,Toyota,Mirai
8441,INFINITI QX60 2016,INFINITI,QX60
8442,Lexus GS 2017,Lexus,GS
8443,Hyundai Veloster 2020,Hyundai,Veloster
8444,Land Rover Range Rover Sport 2013,Land Rover,Range Rover Sport
8445,Mazda MX-5 Miata 2012,Mazda,MX-5 Miata
8446,Ford Transit Connect Wagon 2012,Ford,Transit Connect Wagon
8447,Nissan Versa 2019,Nissan,Versa
8448,Mercedes-Benz AMG GT 2016,Mercedes-Benz,AMG GT
8449,BMW i8 2015,BMW,i8
8450,BMW 3-Series 2011,BMW,3-Series
8451,Cadillac CT4 2020,Cadillac,CT4
8452,Ferrari 488 GTB 2019,Ferrari,488 GTB
8453,INFINITI Q70 2015,INFINITI,Q70
8454,Subaru Impreza 2016,Subaru,Impreza
8455,Ford Ranger 2019,Ford,Ranger
8456,Aston Martin Vanquish 2005,Aston Martin,Vanquish
8457,Ford F-150 2019,Ford,F-150
8458,BMW 7-Series 2011,BMW,7-Series
8459,Ram 1500 2019,Ram,1500
8460,Cadillac ATS 2014,Cadillac,ATS
8461,Volkswagen e-Golf 2017,Volkswagen,e-Golf
8462,Acura NSX 2003,Acura,NSX
8463,Lexus GS 2016,Lexus,GS
8464,Hyundai Accent 2017,Hyundai,Accent
8465,Chevrolet Corvette 2016,Chevrolet,Corvette
8466,Nissan Armada 2015,Nissan,Armada
8467,Mercedes-Benz G Class 2015,Mercedes-Benz,G Class
8468,Cadillac ATS 2015,Cadillac,ATS
8469,Kia Rio 2020,Kia,Rio
8470,BMW 7-Series 2012,BMW,7-Series
8471,Ford Taurus 2017,Ford,Taurus
8472,Land Rover Range Rover Sport 2019,Land Rover,Range Rover Sport
8473,GMC Sierra 2500HD 2019,GMC,Sierra 2500HD
8474,Lexus NX 2016,Lexus,NX
8475,Lexus NX 2015,Lexus,NX
8476,BMW X3 2020,BMW,X3
8477,BMW 8-Series 2019,BMW,8-Series
8478,GMC Yukon 2013,GMC,Yukon
8479,BMW X3 2016,BMW,X3
8480,Buick Enclave 2017,Buick,Enclave
8481,Cadillac CTS 2017,Cadillac,CTS
8482,Mitsubishi Outlander Sport 2011,Mitsubishi,Outlander Sport
8483,Chevrolet Spark 2020,Chevrolet,Spark
8484,Honda Fit 2019,Honda,Fit
8485,Toyota 86 2017,Toyota,86
8486,Jaguar XF 2019,Jaguar,XF
8487,Lexus IS 2014,Lexus,IS
8488,Lexus GX 2017,Lexus,GX
8489,Lexus LX 2016,Lexus,LX
8490,Mercedes-Benz S Class 2013,Mercedes-Benz,S Class
8491,Cadillac Escalade 2020,Cadillac,Escalade
8492,Maserati GranTurismo 2015,Maserati,GranTurismo
8493,Mercedes-Benz S Class 2020,Mercedes-Benz,S Class
8494,Nissan Murano 2017,Nissan,Murano
8495,Toyota Yaris 2017,Toyota,Yaris
8496,Lexus LS 2013,Lexus,LS
8497,Jeep Wrangler 2019,Jeep,Wrangler
8498,Land Rover Range Rover Evoque 2015,Land Rover,Range Rover Evoque
8499,BMW X1 2015,BMW,X1
8500,INFINITI Q70 2016,INFINITI,Q70
8501,Kia Sportage 2020,Kia,Sportage
8502,Volkswagen Beetle 2016,Volkswagen,Beetle
8503,GMC Canyon 2012,GMC,Canyon
8504,Mazda MAZDA6 2014,Mazda,MAZDA6
8505,Mercedes-Benz SL Class 2019,Mercedes-Benz,SL Class
8506,BMW X1 2014,BMW,X1
8507,Acura MDX 2019,Acura,MDX
8508,Acura ILX 2014,Acura,ILX
8509,Chevrolet Trax 2015,Chevrolet,Trax
8510,GMC Acadia 2019,GMC,Acadia
8511,Volvo XC60 2015,Volvo,XC60
8512,Mitsubishi Outlander 2016,Mitsubishi,Outlander
8513,Nissan Frontier 2016,Nissan,Frontier
8514,Honda Accord 2020,Honda,Accord
8515,Toyota Land Cruiser 2015,Toyota,Land Cruiser
8516,Mazda CX-5 2015,Mazda,CX-5
8517,Tesla Model S 2013,Tesla,Model S
8518,MINI Cooper 2013,MINI,Cooper
8519,Aston Martin Vanquish 2015,Aston Martin,Vanquish
8520,Rolls-Royce Ghost 2012,Rolls-Royce,Ghost
8521,Land Rover Discovery Sport 2017,Land Rover,Discovery Sport
8522,MINI Cooper Countryman 2014,MINI,Cooper Countryman
8523,Ram 1500 2020,Ram,1500
8524,Mercedes-Benz CLS Class 2013,Mercedes-Benz,CLS Class
8525,Buick Enclave 2020,Buick,Enclave
8526,Subaru Impreza 2015,Subaru,Impreza
8527,Land Rover Range Rover Evoque 2020,Land Rover,Range Rover Evoque
8528,Mazda MAZDA3 2013,Mazda,MAZDA3
8529,BMW 5-Series 2019,BMW,5-Series
8530,Bentley Flying Spur 2016,Bentley,Flying Spur
8531,Chevrolet Traverse 2017,Chevrolet,Traverse
8532,Mercedes-Benz S Class 2017,Mercedes-Benz,S Class
8533,Lexus LS 2017,Lexus,LS
8534,FIAT 500X 2016,FIAT,500X
8535,Mercedes-Benz S Class 2015,Mercedes-Benz,S Class
8536,GMC Canyon 2019,GMC,Canyon
8537,Mazda MAZDA6 2016,Mazda,MAZDA6
8538,Chrysler 300 2020,Chrysler,300
8539,Cadillac CT6 2016,Cadillac,CT6
8540,GMC Sierra 1500 2015,GMC,Sierra 1500
8541,Dodge Journey 2019,Dodge,Journey
8542,Mitsubishi Outlander Sport 2016,Mitsubishi,Outlander Sport
8543,Mercedes-Benz GLS Class 2019,Mercedes-Benz,GLS Class
8544,Audi A7 2014,Audi,A7
8545,Buick Enclave 2015,Buick,Enclave
8546,Chevrolet Trax 2016,Chevrolet,Trax
8547,Chevrolet Silverado 2500HD 2014,Chevrolet,Silverado 2500HD
8548,Porsche 911 2020,Porsche,911
8549,Mazda MAZDA6 2012,Mazda,MAZDA6
8550,Toyota Corolla 2019,Toyota,Corolla
8551,BMW 4-Series 2017,BMW,4-Series
8552,Volvo XC90 2017,Volvo,XC90
8553,Nissan GT-R 2012,Nissan,GT-R
8554,Lexus LX 2019,Lexus,LX
8555,Aston Martin Vantage 2014,Aston Martin,Vantage
8556,Buick Regal 2015,Buick,Regal
8557,Acura MDX 2013,Acura,MDX
8558,Tesla Model X 2016,Tesla,Model X
8559,Subaru BRZ 2016,Subaru,BRZ
8560,Porsche Cayenne 2017,Porsche,Cayenne
8561,Nissan NV200 2016,Nissan,NV200
8562,Kia Rio 2016,Kia,Rio
8563,Mitsubishi Eclipse Cross 2019,Mitsubishi,Eclipse Cross
8564,Toyota Land Cruiser 2019,Toyota,Land Cruiser
8565,Aston Martin Vanquish 2017,Aston Martin,Vanquish
8566,Lincoln MKZ 2020,Lincoln,MKZ
8567,GMC Terrain 2014,GMC,Terrain
8568,Audi A3 2013,Audi,A3
8569,Mercedes-Benz GLC Class 2017,Mercedes-Benz,GLC Class
8570,Subaru Crosstrek 2017,Subaru,Crosstrek
8571,Cadillac ATS 2013,Cadillac,ATS
8572,Acura ILX 2017,Acura,ILX
8573,Toyota Yaris 2019,Toyota,Yaris
8574,Tesla Model X 2017,Tesla,Model X
8575,Chevrolet Camaro 2017,Chevrolet,Camaro
8576,Audi R8 2020,Audi,R8
8577,Maserati Quattroporte 2016,Maserati,Quattroporte
8578,Mercedes-Benz G Class 2020,Mercedes-Benz,G Class
8579,GMC Terrain 2012,GMC,Terrain
8580,Mazda CX-9 2013,Mazda,CX-9
8581,Toyota Camry 2016,Toyota,Camry
8582,Cadillac CTS 2016,Cadillac,CTS
8583,Ford Super Duty F-250 2019,Ford,Super Duty F-250
8584,Land Rover Range Rover Sport 2020,Land Rover,Range Rover Sport
8585,Mazda CX-5 2013,Mazda,CX-5
8586,Volkswagen Arteon 2020,Volkswagen,Arteon
8587,Mercedes-Benz SLC Class 2017,Mercedes-Benz,SLC Class
8588,Audi A7 2013,Audi,A7
8589,BMW X3 2017,BMW,X3
8590,INFINITI QX60 2019,INFINITI,QX60
8591,Kia Soul 2016,Kia,Soul
8592,BMW X1 2017,BMW,X1
8593,Land Rover Discovery 2004,Land Rover,Discovery
8594,Mitsubishi Outlander 2017,Mitsubishi,Outlander
8595,BMW i8 2016,BMW,i8
8596,Chevrolet Cruze 2017,Chevrolet,Cruze
8597,Lexus RC 2020,Lexus,RC
8598,Honda HR-V 2016,Honda,HR-V
8599,Mazda CX-5 2014,Mazda,CX-5
8600,Genesis G80 2017,Genesis,G80
8601,BMW X4 2017,BMW,X4
8602,Toyota Highlander 2015,Toyota,Highlander
8603,Subaru Legacy 2017,Subaru,Legacy
8604,Hyundai Venue 2020,Hyundai,Venue
8605,Lexus RX 2012,Lexus,RX
8606,Chevrolet Silverado 2500HD 2012,Chevrolet,Silverado 2500HD
8607,Mercedes-Benz AMG GT 2019,Mercedes-Benz,AMG GT
8608,Lexus NX 2019,Lexus,NX
8609,GMC Terrain 2011,GMC,Terrain
8610,Bentley Flying Spur 2015,Bentley,Flying Spur
8611,Chevrolet TrailBlazer 2004,Chevrolet,TrailBlazer
8612,GMC Canyon 2010,GMC,Canyon
8613,Land Rover Discovery 2003,Land Rover,Discovery
8614,Honda HR-V 2020,Honda,HR-V
8615,Honda Fit 2014,Honda,Fit
8616,Buick Encore 2016,Buick,Encore
8617,Volvo XC90 2014,Volvo,XC90
8618,BMW 6-Series 2010,BMW,6-Series
8619,Jaguar XJ 2013,Jaguar,XJ
8620,BMW X1 2020,BMW,X1
8621,Lexus ES 2015,Lexus,ES
8622,Jaguar XF 2015,Jaguar,XF
8623,Hyundai Santa Fe 2020,Hyundai,Santa Fe
8624,Chevrolet Volt 2016,Chevrolet,Volt
8625,Subaru Outback 2016,Subaru,Outback
8626,Nissan Leaf 2015,Nissan,Leaf
8627,GMC Canyon 2017,GMC,Canyon
8628,Bentley Continental GT 2015,Bentley,Continental GT
8629,INFINITI QX50 2014,INFINITI,QX50
8630,Acura ILX 2020,Acura,ILX
8631,Mercedes-Benz E Class 2013,Mercedes-Benz,E Class
8632,FIAT 500X 2017,FIAT,500X
8633,Toyota Prius C 2013,Toyota,Prius C
8634,BMW 7-Series 2020,BMW,7-Series
8635,Mazda MX-5 Miata 2014,Mazda,MX-5 Miata
8636,Honda CR-V 2015,Honda,CR-V
8637,FIAT 124 Spider 2020,FIAT,124 Spider
8638,INFINITI QX60 2014,INFINITI,QX60
8639,Bentley Continental GT 2016,Bentley,Continental GT
8640,Mazda MAZDA3 2020,Mazda,MAZDA3
8641,MINI Cooper 2012,MINI,Cooper
8642,Mercedes-Benz A Class 2019,Mercedes-Benz,A Class
8643,Audi A7 2015,Audi,A7
8644,Honda Clarity 2009,Honda,Clarity
8645,Dodge Durango 2016,Dodge,Durango
8646,Lincoln Nautilus 2020,Lincoln,Nautilus
8647,Audi A5 2019,Audi,A5
8648,Subaru Impreza 2019,Subaru,Impreza
8649,Dodge Charger 2016,Dodge,Charger
8650,Volkswagen Passat 2019,Volkswagen,Passat
8651,Land Rover Range Rover 2013,Land Rover,Range Rover
8652,Chevrolet Colorado 2020,Chevrolet,Colorado
8653,Audi A4 2016,Audi,A4
8654,Volkswagen Golf 2015,Volkswagen,Golf
8655,Lincoln Navigator 2014,Lincoln,Navigator
8656,Acura NSX 2019,Acura,NSX
8657,Toyota Sequoia 2016,Toyota,Sequoia
8658,Toyota RAV4 2013,Toyota,RAV4
8659,Dodge Durango 2020,Dodge,Durango
8660,GMC Sierra 2500HD 2016,GMC,Sierra 2500HD
8661,Nissan Armada 2017,Nissan,Armada
8662,Ford Taurus 2016,Ford,Taurus
8663,Nissan GT-R 2011,Nissan,GT-R
8664,Jeep Gladiator 2020,Jeep,Gladiator
8665,Acura TLX 2019,Acura,TLX
8666,Audi Q8 2020,Audi,Q8
8667,GMC Sierra 2500HD 2020,GMC,Sierra 2500HD
8668,Buick Cascada 2019,Buick,Cascada
8669,Maserati Levante 2017,Maserati,Levante
8670,Nissan Versa 2017,Nissan,Versa
8671,Alfa Romeo 4C 2016,Alfa Romeo,4C
8672,Volkswagen e-Golf 2016,Volkswagen,e-Golf
8673,BMW X6 2017,BMW,X6
8674,Mercedes-Benz G Class 2012,Mercedes-Benz,G Class
8675,Maserati GranTurismo 2014,Maserati,GranTurismo
8676,Audi A4 2015,Audi,A4
8677,Toyota 86 2019,Toyota,86
8678,Honda Passport 2019,Honda,Passport
8679,Jeep Wrangler 2017,Jeep,Wrangler
8680,Ford Transit Connect Wagon 2020,Ford,Transit Connect Wagon
8681,Land Rover Range Rover Sport 2012,Land Rover,Range Rover Sport
8682,Ford Edge 2016,Ford,Edge
8683,Lexus RX 2020,Lexus,RX
8684,Lincoln MKZ 2017,Lincoln,MKZ
8685,BMW 6-Series 2011,BMW,6-Series
8686,Maserati Ghibli 2020,Maserati,Ghibli
8687,Lexus LX 2015,Lexus,LX
8688,Bentley Mulsanne 2015,Bentley,Mulsanne
8689,Lexus GX 2019,Lexus,GX
8690,Audi Q7 2019,Audi,Q7
8691,BMW 3-Series 2019,BMW,3-Series
8692,Mercedes-Benz CLA Class 2020,Mercedes-Benz,CLA Class
8693,Lincoln MKZ 2012,Lincoln,MKZ
8694,Acura TLX 2016,Acura,TLX
8695,Mazda MAZDA3 2015,Mazda,MAZDA3
8696,Ford Fusion 2016,Ford,Fusion
8697,Honda Pilot 2015,Honda,Pilot
8698,Lincoln MKC 2017,Lincoln,MKC
8699,smart fortwo 2012,smart,fortwo
8700,Tesla Model S 2015,Tesla,Model S
8701,Subaru WRX 2014,Subaru,WRX
8702,Mazda CX-3 2017,Mazda,CX-3
8703,Land Rover Range Rover 2016,Land Rover,Range Rover
8704,Maserati Levante 2019,Maserati,Levante
8705,Chevrolet Malibu 2017,Chevrolet,Malibu
8706,Rolls-Royce Phantom 2015,Rolls-Royce,Phantom
8707,Nissan NV200 2017,Nissan,NV200
8708,Land Rover Range Rover Evoque 2013,Land Rover,Range Rover Evoque
8709,Lexus ES 2017,Lexus,ES
8710,Chevrolet Trax 2020,Chevrolet,Trax
8711,Jeep Compass 2020,Jeep,Compass
8712,Kia Soul EV 2015,Kia,Soul EV
8713,Honda CR-V 2017,Honda,CR-V
8714,Ford Flex 2017,Ford,Flex
8715,Audi A7 2016,Audi,A7
8716,Lincoln MKZ 2014,Lincoln,MKZ
8717,Jaguar XJ 2011,Jaguar,XJ
8718,Kia Sedona 2016,Kia,Sedona
8719,Cadillac CTS 2010,Cadillac,CTS
8720,Lexus GX 2011,Lexus,GX
8721,Chevrolet Volt 2014,Chevrolet,Volt
8722,BMW 2-Series 2017,BMW,2-Series
8723,Audi Q7 2014,Audi,Q7
8724,Mazda CX-9 2017,Mazda,CX-9
8725,BMW 7-Series 2014,BMW,7-Series
8726,Jaguar XE 2017,Jaguar,XE
8727,Ford Transit Connect Wagon 2011,Ford,Transit Connect Wagon
8728,Honda Clarity 2008,Honda,Clarity
8729,Volvo XC90 2013,Volvo,XC90
8730,Chevrolet TrailBlazer 2002,Chevrolet,TrailBlazer
8731,Acura MDX 2016,Acura,MDX
8732,Rolls-Royce Phantom 2012,Rolls-Royce,Phantom
8733,MINI Clubman 2020,MINI,Clubman
8734,Rolls-Royce Wraith 2015,Rolls-Royce,Wraith
8735,Mercedes-Benz GLA Class 2016,Mercedes-Benz,GLA Class
8736,Kia Cadenza 2019,Kia,Cadenza
8737,BMW X5 2019,BMW,X5
8738,Subaru Impreza 2020,Subaru,Impreza
8739,Ford Expedition 2015,Ford,Expedition
8740,Lamborghini Aventador 2013,Lamborghini,Aventador
8741,BMW X3 2012,BMW,X3
8742,Mazda MAZDA3 2016,Mazda,MAZDA3
8743,Chevrolet Equinox 2016,Chevrolet,Equinox
8744,Aston Martin Vanquish 2003,Aston Martin,Vanquish
8745,FIAT 500e 2019,FIAT,500e
8746,GMC Sierra 1500 2013,GMC,Sierra 1500
8747,Lamborghini Huracan 2017,Lamborghini,Huracan
8748,Alfa Romeo 4C Spider 2020,Alfa Romeo,4C Spider
8749,Honda Clarity 2005,Honda,Clarity
8750,Porsche Macan 2016,Porsche,Macan
8751,BMW 3-Series 2020,BMW,3-Series
8752,Nissan Kicks 2020,Nissan,Kicks
8753,Genesis G80 2020,Genesis,G80
8754,Acura RDX 2016,Acura,RDX
8755,Mercedes-Benz GLS Class 2017,Mercedes-Benz,GLS Class
8756,Subaru WRX 2017,Subaru,WRX
8757,GMC Terrain 2017,GMC,Terrain
8758,Jaguar I-Pace 2019,Jaguar,I-Pace
8759,BMW 5-Series 2012,BMW,5-Series
8760,BMW 5-Series 2014,BMW,5-Series
8761,Chevrolet Silverado 2500HD 2013,Chevrolet,Silverado 2500HD
8762,Kia Sportage 2016,Kia,Sportage
8763,Ford Transit Connect Wagon 2017,Ford,Transit Connect Wagon
8764,Kia K900 2015,Kia,K900
8765,Buick Envision 2017,Buick,Envision
8766,Nissan Rogue 2020,Nissan,Rogue
8767,FIAT 500e 2017,FIAT,500e
8768,Toyota RAV4 2015,Toyota,RAV4
8769,Mazda MX-5 Miata 2013,Mazda,MX-5 Miata
8770,FIAT 500X 2019,FIAT,500X
8771,McLaren 570S 2016,McLaren,570S
8772,Chevrolet Impala 2020,Chevrolet,Impala
8773,Audi R8 2015,Audi,R8
8774,Aston Martin Vantage 2016,Aston Martin,Vantage
8775,INFINITI Q60 2016,INFINITI,Q60
8776,BMW X5 2016,BMW,X5
8777,Honda Insight 2013,Honda,Insight
8778,Nissan GT-R 2013,Nissan,GT-R
8779,Volkswagen e-Golf 2015,Volkswagen,e-Golf
8780,Volkswagen Passat 2020,Volkswagen,Passat
8781,Ferrari GTC4Lusso 2020,Ferrari,GTC4Lusso
8782,Volvo XC60 2013,Volvo,XC60
8783,Aston Martin DB11 2019,Aston Martin,DB11
8784,BMW X7 2020,BMW,X7
8785,Lexus GX 2016,Lexus,GX
8786,Lincoln MKT 2014,Lincoln,MKT
8787,Lincoln Continental 2020,Lincoln,Continental
8788,Toyota Yaris 2020,Toyota,Yaris
8789,Volvo XC90 2011,Volvo,XC90
8790,Lexus GX 2020,Lexus,GX
8791,Audi Q5 2019,Audi,Q5
8792,Cadillac Escalade 2016,Cadillac,Escalade
8793,Kia Soul EV 2017,Kia,Soul EV
8794,Kia Sportage 2014,Kia,Sportage
8795,Lexus LX 2013,Lexus,LX
8796,Audi TT 2020,Audi,TT
8797,Maserati Quattroporte 2017,Maserati,Quattroporte
8798,Rolls-Royce Phantom 2019,Rolls-Royce,Phantom
8799,Toyota Avalon 2015,Toyota,Avalon
8800,Kia Soul EV 2016,Kia,Soul EV
8801,Toyota Land Cruiser 2020,Toyota,Land Cruiser
8802,INFINITI Q60 2020,INFINITI,Q60
8803,Porsche Panamera 2015,Porsche,Panamera
8804,Lexus LS 2015,Lexus,LS
8805,BMW Z4 2011,BMW,Z4
8806,Cadillac Escalade 2017,Cadillac,Escalade
8807,Mercedes-Benz CLS Class 2015,Mercedes-Benz,CLS Class
8808,Lexus LS 2012,Lexus,LS
8809,Kia Rio 2015,Kia,Rio
8810,Mercedes-Benz G Class 2019,Mercedes-Benz,G Class
8811,Bentley Mulsanne 2014,Bentley,Mulsanne
8812,Volvo XC60 2019,Volvo,XC60
8813,Land Rover Range Rover Sport 2017,Land Rover,Range Rover Sport
8814,Aston Martin DBS 2008,Aston Martin,DBS
8815,Tesla Model S 2017,Tesla,Model S
8816,Chevrolet Volt 2017,Chevrolet,Volt
8817,Lexus LS 2014,Lexus,LS
8818,Lexus RX 2014,Lexus,RX
8819,Lincoln Aviator 2020,Lincoln,Aviator
8820,Honda CR-V 2013,Honda,CR-V
8821,Acura TLX 2017,Acura,TLX
8822,Honda Odyssey 2017,Honda,Odyssey
8823,Lexus GX 2012,Lexus,GX
8824,Acura RDX 2017,Acura,RDX
8825,INFINITI QX30 2017,INFINITI,QX30
8826,Volvo XC60 2014,Volvo,XC60
8827,BMW i3 2019,BMW,i3
8828,Porsche Panamera 2020,Porsche,Panamera
8829,Kia Sorento 2015,Kia,Sorento
8830,Nissan Murano 2020,Nissan,Murano
8831,Audi Q3 2015,Audi,Q3
8832,BMW X5 2012,BMW,X5
8833,Cadillac XT5 2020,Cadillac,XT5
8834,Toyota Mirai 2019,Toyota,Mirai
8835,Honda Fit 2016,Honda,Fit
8836,Ford Fusion 2020,Ford,Fusion
8837,Lexus GX 2013,Lexus,GX
8838,Jaguar XF 2020,Jaguar,XF
8839,Lincoln MKT 2012,Lincoln,MKT
8840,Cadillac XTS 2017,Cadillac,XTS
8841,MINI Clubman 2014,MINI,Clubman
8842,Lexus RX 2013,Lexus,RX
8843,Chevrolet Traverse 2016,Chevrolet,Traverse
8844,Audi Q5 2016,Audi,Q5
8845,Aston Martin DBS 2009,Aston Martin,DBS
8846,Subaru Forester 2019,Subaru,Forester
8847,Ford Transit Connect Wagon 2015,Ford,Transit Connect Wagon
8848,Buick Regal 2014,Buick,Regal
8849,Subaru BRZ 2019,Subaru,BRZ
8850,Audi A5 2016,Audi,A5
8851,Kia K900 2019,Kia,K900
8852,Mazda CX-9 2014,Mazda,CX-9
8853,Nissan Altima 2020,Nissan,Altima
8854,Lamborghini Aventador 2019,Lamborghini,Aventador
8855,Nissan NV200 2014,Nissan,NV200
8856,Lexus GX 2015,Lexus,GX
8857,Hyundai Santa Fe 2014,Hyundai,Santa Fe
8858,Volkswagen e-Golf 2019,Volkswagen,e-Golf
8859,GMC Acadia 2014,GMC,Acadia
8860,Subaru WRX 2012,Subaru,WRX
8861,Jaguar XJ 2012,Jaguar,XJ
8862,Chevrolet Suburban 2014,Chevrolet,Suburban
8863,Cadillac CT5 2020,Cadillac,CT5
8864,Maserati GranTurismo 2017,Maserati,GranTurismo
8865,Acura RLX 2019,Acura,RLX
8866,Volkswagen Tiguan 2017,Volkswagen,Tiguan
8867,Jaguar XJ 2019,Jaguar,XJ
8868,Rolls-Royce Ghost 2014,Rolls-Royce,Ghost
8869,Kia K900 2016,Kia,K900
8870,Cadillac XTS 2016,Cadillac,XTS
8871,Hyundai Elantra 2020,Hyundai,Elantra
8872,Mercedes-Benz SL Class 2015,Mercedes-Benz,SL Class
8873,Cadillac XTS 2019,Cadillac,XTS
8874,Audi Q5 2020,Audi,Q5
8875,Land Rover Range Rover 2019,Land Rover,Range Rover
8876,INFINITI Q50 2019,INFINITI,Q50
8877,Mitsubishi Outlander Sport 2019,Mitsubishi,Outlander Sport
8878,Acura ILX 2015,Acura,ILX
8879,Ford Expedition 2020,Ford,Expedition
8880,Land Rover Range Rover 2015,Land Rover,Range Rover
8881,Lexus GX 2014,Lexus,GX
8882,Subaru Forester 2020,Subaru,Forester
8883,Aston Martin Vanquish 2006,Aston Martin,Vanquish
8884,Buick Enclave 2016,Buick,Enclave
8885,Mercedes-Benz CLS Class 2020,Mercedes-Benz,CLS Class
8886,Subaru BRZ 2014,Subaru,BRZ
8887,Subaru Crosstrek 2019,Subaru,Crosstrek
8888,Rolls-Royce Phantom 2011,Rolls-Royce,Phantom
8889,Honda Odyssey 2020,Honda,Odyssey
8890,Acura RDX 2015,Acura,RDX
8891,Audi Q7 2020,Audi,Q7
8892,Acura NSX 2016,Acura,NSX
8893,Mazda CX-9 2015,Mazda,CX-9
8894,Chevrolet Volt 2015,Chevrolet,Volt
8895,Volvo S60 2019,Volvo,S60
8896,Lexus IS 2020,Lexus,IS
8897,Chevrolet Impala 2016,Chevrolet,Impala
8898,Toyota Avalon 2016,Toyota,Avalon
8899,Volkswagen Tiguan 2020,Volkswagen,Tiguan
8900,Chevrolet Malibu 2020,Chevrolet,Malibu
8901,Lincoln MKC 2019,Lincoln,MKC
8902,Mercedes-Benz CLA Class 2015,Mercedes-Benz,CLA Class
8903,Subaru BRZ 2015,Subaru,BRZ
8904,Chevrolet Trax 2017,Chevrolet,Trax
8905,Land Rover Discovery 2001,Land Rover,Discovery
8906,Bentley Mulsanne 2012,Bentley,Mulsanne
8907,Porsche Panamera 2019,Porsche,Panamera
8908,Lexus LX 2011,Lexus,LX
8909,Nissan Armada 2014,Nissan,Armada
8910,Audi Q3 2017,Audi,Q3
8911,Mazda CX-9 2019,Mazda,CX-9
8912,Kia Sorento 2020,Kia,Sorento
8913,Volkswagen Jetta 2017,Volkswagen,Jetta
8914,Kia Forte 2020,Kia,Forte
8915,Buick Encore 2020,Buick,Encore
8916,Lincoln MKT 2017,Lincoln,MKT
8917,Lexus IS 2017,Lexus,IS
8918,Nissan Armada 2019,Nissan,Armada
8919,Mazda MAZDA3 2019,Mazda,MAZDA3
8920,Volkswagen Tiguan 2016,Volkswagen,Tiguan
8921,Nissan GT-R 2019,Nissan,GT-R
8922,Mercedes-Benz SL Class 2020,Mercedes-Benz,SL Class
8923,Acura NSX 2002,Acura,NSX
8924,Alfa Romeo Stelvio 2019,Alfa Romeo,Stelvio
8925,Audi A8 2012,Audi,A8
8926,Lexus ES 2019,Lexus,ES
8927,Kia K900 2017,Kia,K900
8928,Bentley Flying Spur 2013,Bentley,Flying Spur
8929,Chevrolet TrailBlazer 2003,Chevrolet,TrailBlazer
8930,Maserati Quattroporte 2019,Maserati,Quattroporte
8931,Toyota Land Cruiser 2014,Toyota,Land Cruiser
8932,Alfa Romeo 4C 2017,Alfa Romeo,4C
8933,Audi Q3 2020,Audi,Q3
8934,Volkswagen Golf 2020,Volkswagen,Golf
8935,Kia Sedona 2020,Kia,Sedona
8936,Tesla Model Y 2020,Tesla,Model Y
8937,Cadillac CT6 2019,Cadillac,CT6
8938,Land Rover Discovery 2002,Land Rover,Discovery
8939,Land Rover Discovery 1999,Land Rover,Discovery
8940,Mitsubishi Outlander 2020,Mitsubishi,Outlander
8941,Tesla Model S 2016,Tesla,Model S
8942,Volkswagen Jetta 2020,Volkswagen,Jetta
8943,Lexus UX 2019,Lexus,UX
8944,Toyota C-HR 2020,Toyota,C-HR
8945,Honda Ridgeline 2014,Honda,Ridgeline
8946,Chevrolet Equinox 2017,Chevrolet,Equinox
8947,McLaren 720S 2017,McLaren,720S
8948,Audi A3 2020,Audi,A3
